order_id,order_date,region,category,product,quantity,unit_price,discount,revenue,profit,year,month
ORD-103185,2022-04-23,North,Home & Kitchen,Water Bottle,6,504.74,0.05,2877.02,1677.02,2022,4
ORD-105239,2023-11-01,East,Electronics,Headphones,6,3561.1,0.1,19229.94,7679.94,2023,11
ORD-104986,2023-12-31,South,Electronics,Headphones,6,3529.99,0.0,21179.94,9629.94,2023,12
ORD-101215,2023-09-22,North,Electronics,Smartphone,3,23381.82,0.0,70145.46,12545.46,2023,9
ORD-101825,2022-04-12,North,Furniture,Study Desk,2,9673.39,0.1,17412.1,6012.1,2022,4
ORD-105700,2024-07-28,North,Office Supplies,Pen Set,7,178.46,0.0,1249.22,745.22,2024,7
ORD-103838,2024-06-28,North,Home & Kitchen,Air Fryer,1,6596.04,0.2,5276.83,856.83,2024,6
ORD-100410,2024-02-09,South,Electronics,Laptop,1,51472.14,0.0,51472.14,10912.14,2024,2
ORD-105738,2024-10-23,North,Office Supplies,Pen Set,3,183.15,0.0,549.45,333.45,2024,10
ORD-105233,2023-05-11,West,Home & Kitchen,Mixer Grinder,4,4115.75,0.0,16463.0,5543.0,2023,5
ORD-102680,2024-07-04,North,Electronics,Headphones,7,3523.89,0.0,24667.23,11192.23,2024,7
ORD-101879,2023-10-29,South,Home & Kitchen,Water Bottle,5,487.58,0.15,2072.22,1072.22,2023,10
ORD-103480,2023-06-23,West,Home & Kitchen,Water Bottle,6,502.31,0.0,3013.86,1813.86,2023,6
ORD-101360,2024-02-12,North,Office Supplies,Printer,3,9139.99,0.0,27419.97,7169.97,2024,2
ORD-103098,2022-11-20,East,Clothing,T-Shirt,4,707.28,0.1,2546.21,1146.21,2022,11
ORD-105888,2024-08-17,East,Clothing,Sneakers,3,2966.12,0.05,8453.44,2873.44,2024,8
ORD-103782,2024-11-07,West,Clothing,Jeans,2,1806.78,0.2,2890.85,910.85,2024,11
ORD-104513,2022-06-16,East,Office Supplies,Pen Set,2,183.61,0.0,367.22,223.22,2022,6
ORD-103114,2023-07-04,North,Office Supplies,Pen Set,3,176.1,0.0,528.3,312.3,2023,7
ORD-100544,2022-07-11,South,Office Supplies,Notebook Pack,7,256.55,0.05,1706.06,918.56,2022,7
ORD-101092,2022-12-21,East,Home & Kitchen,Mixer Grinder,4,4226.82,0.0,16907.28,5987.28,2022,12
ORD-103733,2023-11-14,West,Furniture,Office Chair,1,7457.68,0.0,7457.68,2807.68,2023,11
ORD-101181,2022-06-12,West,Office Supplies,Pen Set,1,179.02,0.1,161.12,89.12,2022,6
ORD-102951,2024-06-09,South,Office Supplies,File Organizer,7,448.95,0.1,2828.39,1253.39,2024,6
ORD-104284,2024-10-09,East,Furniture,Study Desk,1,9729.29,0.1,8756.36,3056.36,2024,10
ORD-101963,2022-07-26,South,Clothing,Jacket,5,3396.13,0.1,15282.59,4782.59,2022,7
ORD-101485,2022-03-15,West,Clothing,Sneakers,2,2980.82,0.15,5067.39,1347.39,2022,3
ORD-105473,2022-10-02,South,Electronics,Headphones,1,3477.86,0.05,3303.97,1378.97,2022,10
ORD-102465,2024-04-24,South,Office Supplies,File Organizer,4,456.65,0.15,1552.61,652.61,2024,4
ORD-102191,2023-10-31,South,Home & Kitchen,Air Fryer,1,6321.44,0.0,6321.44,1901.44,2023,10
ORD-100676,2024-10-24,West,Office Supplies,Pen Set,1,184.51,0.15,156.83,84.83,2024,10
ORD-102572,2024-05-13,North,Clothing,Sneakers,7,3052.21,0.1,19228.92,6208.92,2024,5
ORD-102410,2024-02-28,South,Clothing,Jeans,1,1839.16,0.1,1655.24,665.24,2024,2
ORD-104511,2023-09-15,South,Clothing,Sneakers,6,3002.58,0.2,14412.38,3252.38,2023,9
ORD-103096,2022-04-27,South,Office Supplies,Pen Set,5,176.23,0.0,881.15,521.15,2022,4
ORD-105930,2024-12-25,East,Clothing,Sneakers,4,3021.61,0.05,11482.12,4042.12,2024,12
ORD-101212,2023-10-29,South,Clothing,Jeans,4,1747.58,0.0,6990.32,3030.32,2023,10
ORD-105969,2024-07-02,South,Office Supplies,Notebook Pack,1,243.7,0.15,207.14,94.64,2024,7
ORD-103693,2023-10-12,North,Electronics,Smartphone,2,23292.7,0.05,44256.13,5856.13,2023,10
ORD-105303,2023-02-17,South,Home & Kitchen,Air Fryer,2,6582.84,0.05,12507.4,3667.4,2023,2
ORD-104368,2022-07-17,South,Office Supplies,File Organizer,6,437.74,0.0,2626.44,1276.44,2022,7
ORD-102668,2023-11-10,North,Clothing,T-Shirt,4,690.9,0.1,2487.24,1087.24,2023,11
ORD-103836,2024-03-04,South,Furniture,Office Chair,3,7441.43,0.0,22324.29,8374.29,2024,3
ORD-101005,2023-04-27,North,Office Supplies,Pen Set,2,177.08,0.1,318.74,174.74,2023,4
ORD-102840,2024-06-19,South,Furniture,Office Chair,3,7513.96,0.05,21414.79,7464.79,2024,6
ORD-101027,2023-03-27,South,Office Supplies,Notebook Pack,1,243.02,0.0,243.02,130.52,2023,3
ORD-105858,2023-10-23,West,Clothing,T-Shirt,4,703.33,0.1,2531.99,1131.99,2023,10
ORD-101220,2022-01-02,East,Furniture,Bookshelf,2,6177.31,0.0,12354.62,5394.62,2022,1
ORD-105407,2022-08-08,South,Office Supplies,Pen Set,1,177.57,0.1,159.81,87.81,2022,8
ORD-100346,2024-11-18,West,Home & Kitchen,Water Bottle,6,499.81,0.0,2998.86,1798.86,2024,11
ORD-103049,2022-11-11,North,Office Supplies,Pen Set,3,176.19,0.1,475.71,259.71,2022,11
ORD-103149,2022-09-02,South,Electronics,Headphones,5,3543.34,0.05,16830.87,7205.87,2022,9
ORD-104782,2024-10-25,South,Office Supplies,Notebook Pack,6,255.3,0.0,1531.8,856.8,2024,10
ORD-104817,2023-08-29,South,Clothing,Jacket,3,3448.95,0.05,9829.51,3529.51,2023,8
ORD-104722,2022-11-30,West,Electronics,Smartphone,3,23696.73,0.0,71090.19,13490.19,2022,11
ORD-100534,2022-01-17,West,Office Supplies,Pen Set,6,178.48,0.05,1017.34,585.34,2022,1
ORD-105005,2023-06-20,South,Electronics,Headphones,1,3423.01,0.15,2909.56,984.56,2023,6
ORD-101297,2022-08-11,South,Electronics,Headphones,3,3601.78,0.05,10265.07,4490.07,2022,8
ORD-101870,2023-01-05,South,Electronics,Smartphone,1,23460.57,0.1,21114.51,1914.51,2023,1
ORD-100994,2024-10-31,East,Clothing,Sneakers,5,2927.46,0.0,14637.3,5337.3,2024,10
ORD-103534,2024-03-25,South,Home & Kitchen,Water Bottle,3,488.07,0.0,1464.21,864.21,2024,3
ORD-104074,2022-02-13,South,Furniture,Office Chair,1,7489.15,0.1,6740.23,2090.23,2022,2
ORD-100080,2024-02-07,North,Furniture,Office Chair,3,7702.8,0.2,18486.72,4536.72,2024,2
ORD-104367,2023-11-22,South,Office Supplies,Pen Set,5,180.3,0.0,901.5,541.5,2023,11
ORD-104666,2024-07-14,East,Office Supplies,Notebook Pack,3,256.73,0.15,654.66,317.16,2024,7
ORD-100263,2022-07-14,North,Clothing,Jeans,6,1845.81,0.0,11074.86,5134.86,2022,7
ORD-100167,2024-07-12,South,Office Supplies,Pen Set,2,178.16,0.0,356.32,212.32,2024,7
ORD-101706,2022-05-11,West,Furniture,Office Chair,1,7393.37,0.15,6284.36,1634.36,2022,5
ORD-105454,2024-11-06,East,Clothing,Sneakers,6,3006.53,0.1,16235.26,5075.26,2024,11
ORD-104999,2023-12-16,South,Home & Kitchen,Cookware Set,7,3767.26,0.0,26370.82,11740.82,2023,12
ORD-102955,2023-02-18,West,Office Supplies,Pen Set,4,183.64,0.0,734.56,446.56,2023,2
ORD-105162,2022-06-21,North,Office Supplies,Notebook Pack,5,244.77,0.0,1223.85,661.35,2022,6
ORD-101174,2023-09-02,West,Office Supplies,Pen Set,6,183.69,0.05,1047.03,615.03,2023,9
ORD-104318,2024-08-28,North,Home & Kitchen,Water Bottle,2,507.22,0.0,1014.44,614.44,2024,8
ORD-104635,2022-03-18,South,Electronics,Smartphone,3,24090.71,0.0,72272.13,14672.13,2022,3
ORD-104866,2022-12-25,East,Electronics,Smartphone,3,24393.64,0.05,69521.87,11921.87,2022,12
ORD-105216,2023-04-06,West,Home & Kitchen,Cookware Set,6,3707.01,0.05,21129.96,8589.96,2023,4
ORD-101022,2024-12-25,North,Office Supplies,Notebook Pack,2,251.23,0.05,477.34,252.34,2024,12
ORD-101632,2024-01-12,East,Home & Kitchen,Cookware Set,2,3802.48,0.05,7224.71,3044.71,2024,1
ORD-101194,2024-09-17,South,Clothing,Sneakers,1,3076.1,0.1,2768.49,908.49,2024,9
ORD-103153,2022-06-18,North,Home & Kitchen,Water Bottle,1,513.93,0.05,488.23,288.23,2022,6
ORD-101371,2024-11-19,South,Home & Kitchen,Mixer Grinder,5,4197.72,0.05,19939.17,6289.17,2024,11
ORD-102018,2023-12-15,South,Office Supplies,Notebook Pack,7,248.14,0.1,1563.28,775.78,2023,12
ORD-102275,2022-02-24,East,Office Supplies,Pen Set,7,184.92,0.0,1294.44,790.44,2022,2
ORD-103336,2023-09-25,North,Office Supplies,Pen Set,5,176.34,0.0,881.7,521.7,2023,9
ORD-100079,2024-06-16,East,Home & Kitchen,Air Fryer,1,6564.09,0.05,6235.89,1815.89,2024,6
ORD-102187,2023-11-18,North,Office Supplies,Pen Set,2,181.9,0.1,327.42,183.42,2023,11
ORD-105310,2023-06-04,North,Office Supplies,Pen Set,7,180.31,0.0,1262.17,758.17,2023,6
ORD-103971,2022-07-15,North,Electronics,Headphones,7,3495.38,0.05,23244.28,9769.28,2022,7
ORD-103021,2024-05-03,South,Home & Kitchen,Water Bottle,4,508.37,0.05,1931.81,1131.81,2024,5
ORD-102802,2022-03-29,West,Electronics,Headphones,3,3509.66,0.0,10528.98,4753.98,2022,3
ORD-103615,2024-03-13,East,Office Supplies,Pen Set,7,179.67,0.15,1069.04,565.04,2024,3
ORD-104427,2022-07-07,East,Clothing,Sneakers,2,2977.47,0.0,5954.94,2234.94,2022,7
ORD-105663,2022-06-26,South,Office Supplies,Pen Set,2,174.87,0.05,332.25,188.25,2022,6
ORD-102642,2023-11-10,North,Electronics,Smartphone,3,23650.05,0.1,63855.13,6255.13,2023,11
ORD-101129,2024-12-25,South,Office Supplies,Notebook Pack,2,251.02,0.0,502.04,277.04,2024,12
ORD-100787,2023-01-25,West,Clothing,Jacket,2,3563.49,0.0,7126.98,2926.98,2023,1
ORD-102287,2024-05-26,East,Home & Kitchen,Water Bottle,7,497.46,0.05,3308.11,1908.11,2024,5
ORD-101512,2023-12-26,West,Electronics,Smartphone,2,23573.59,0.0,47147.18,8747.18,2023,12
ORD-104982,2023-01-15,North,Electronics,Smartwatch,2,8237.89,0.0,16475.78,6075.78,2023,1
ORD-105163,2023-05-23,North,Home & Kitchen,Water Bottle,6,485.69,0.0,2914.14,1714.14,2023,5
ORD-103499,2024-08-28,North,Furniture,Bookshelf,1,6112.05,0.05,5806.45,2326.45,2024,8
ORD-101550,2022-06-27,East,Home & Kitchen,Cookware Set,1,3795.89,0.0,3795.89,1705.89,2022,6
ORD-102370,2023-07-16,West,Office Supplies,Pen Set,1,177.84,0.15,151.16,79.16,2023,7
ORD-100432,2024-03-17,West,Electronics,Headphones,3,3502.16,0.0,10506.48,4731.48,2024,3
ORD-101101,2023-02-18,West,Office Supplies,Notebook Pack,3,257.02,0.15,655.4,317.9,2023,2
ORD-104356,2024-11-23,East,Office Supplies,File Organizer,2,447.76,0.0,895.52,445.52,2024,11
ORD-102366,2022-11-26,East,Electronics,Headphones,1,3540.46,0.0,3540.46,1615.46,2022,11
ORD-102118,2022-05-29,South,Office Supplies,Pen Set,1,177.38,0.1,159.64,87.64,2022,5
ORD-104745,2022-02-24,North,Office Supplies,File Organizer,2,449.71,0.1,809.48,359.48,2022,2
ORD-102515,2024-08-10,West,Clothing,T-Shirt,3,710.4,0.0,2131.2,1081.2,2024,8
ORD-100465,2024-03-19,North,Home & Kitchen,Air Fryer,1,6653.22,0.05,6320.56,1900.56,2024,3
ORD-102115,2024-11-03,West,Home & Kitchen,Water Bottle,3,501.16,0.05,1428.31,828.31,2024,11
ORD-105926,2024-07-23,East,Office Supplies,Pen Set,4,177.01,0.15,601.83,313.83,2024,7
ORD-105696,2022-06-18,West,Clothing,Jacket,5,3555.44,0.2,14221.76,3721.76,2022,6
ORD-101335,2024-08-30,West,Home & Kitchen,Cookware Set,4,3770.08,0.05,14326.3,5966.3,2024,8
ORD-102505,2022-03-19,North,Office Supplies,Notebook Pack,1,243.79,0.1,219.41,106.91,2022,3
ORD-102803,2023-11-29,East,Furniture,Bookshelf,2,5839.95,0.1,10511.91,3551.91,2023,11
ORD-101411,2024-12-12,East,Clothing,Jacket,5,3412.77,0.15,14504.27,4004.27,2024,12
ORD-105346,2024-04-13,North,Clothing,Jacket,2,3535.91,0.05,6718.23,2518.23,2024,4
ORD-101922,2023-08-02,West,Home & Kitchen,Mixer Grinder,7,4197.65,0.1,26445.19,7335.19,2023,8
ORD-101351,2024-08-11,South,Electronics,Smartwatch,2,8151.64,0.0,16303.28,5903.28,2024,8
ORD-102517,2022-10-21,North,Electronics,Smartwatch,2,8085.08,0.15,13744.64,3344.64,2022,10
ORD-103422,2024-02-01,North,Clothing,T-Shirt,7,685.07,0.15,4076.17,1626.17,2024,2
ORD-104385,2024-10-24,East,Office Supplies,Notebook Pack,7,256.21,0.15,1524.45,736.95,2024,10
ORD-100808,2023-09-06,South,Office Supplies,Pen Set,3,184.25,0.05,525.11,309.11,2023,9
ORD-105019,2023-06-18,East,Clothing,Jeans,2,1850.31,0.15,3145.53,1165.53,2023,6
ORD-102240,2022-12-28,South,Electronics,Smartphone,1,24715.0,0.2,19772.0,572.0,2022,12
ORD-101057,2022-09-26,South,Electronics,Smartwatch,3,8196.97,0.15,20902.27,5302.27,2022,9
ORD-105837,2023-09-12,East,Home & Kitchen,Water Bottle,1,505.29,0.0,505.29,305.29,2023,9
ORD-103341,2024-07-26,South,Electronics,Laptop,2,52638.01,0.05,100012.22,18892.22,2024,7
ORD-104192,2023-10-21,South,Office Supplies,Notebook Pack,5,252.38,0.1,1135.71,573.21,2023,10
ORD-101820,2024-11-03,South,Clothing,Jeans,2,1770.26,0.2,2832.42,852.42,2024,11
ORD-105756,2022-07-13,West,Home & Kitchen,Water Bottle,5,492.99,0.05,2341.7,1341.7,2022,7
ORD-101831,2024-12-01,East,Clothing,Jeans,6,1813.29,0.1,9791.77,3851.77,2024,12
ORD-101128,2024-01-24,North,Home & Kitchen,Air Fryer,2,6603.1,0.05,12545.89,3705.89,2024,1
ORD-103731,2024-10-17,West,Office Supplies,Pen Set,7,176.19,0.15,1048.33,544.33,2024,10
ORD-103033,2022-10-24,North,Home & Kitchen,Cookware Set,4,3793.3,0.05,14414.54,6054.54,2022,10
ORD-100625,2023-05-19,North,Home & Kitchen,Cookware Set,7,3854.26,0.1,24281.84,9651.84,2023,5
ORD-104607,2022-10-12,South,Home & Kitchen,Water Bottle,4,509.51,0.1,1834.24,1034.24,2022,10
ORD-104239,2024-01-27,South,Office Supplies,Pen Set,1,184.02,0.0,184.02,112.02,2024,1
ORD-103792,2022-02-04,East,Electronics,Smartphone,1,23877.71,0.0,23877.71,4677.71,2022,2
ORD-103458,2022-01-31,North,Clothing,T-Shirt,7,710.98,0.05,4728.02,2278.02,2022,1
ORD-101973,2023-03-30,North,Electronics,Laptop,1,50597.86,0.0,50597.86,10037.86,2023,3
ORD-101919,2024-11-24,North,Office Supplies,Pen Set,4,176.3,0.0,705.2,417.2,2024,11
ORD-103372,2024-08-29,South,Clothing,Jeans,3,1801.84,0.0,5405.52,2435.52,2024,8
ORD-103585,2024-07-04,North,Home & Kitchen,Air Fryer,2,6606.41,0.15,11230.9,2390.9,2024,7
ORD-104653,2022-06-19,East,Electronics,Smartwatch,1,8080.97,0.05,7676.92,2476.92,2022,6
ORD-105368,2024-08-02,South,Clothing,Jeans,2,1813.68,0.2,2901.89,921.89,2024,8
ORD-100037,2023-08-01,South,Office Supplies,Notebook Pack,3,250.24,0.0,750.72,413.22,2023,8
ORD-102894,2024-12-21,South,Office Supplies,Pen Set,7,184.45,0.05,1226.59,722.59,2024,12
ORD-105184,2022-03-20,East,Electronics,Smartphone,2,24562.94,0.1,44213.29,5813.29,2022,3
ORD-102498,2024-07-23,North,Clothing,T-Shirt,7,684.97,0.2,3835.83,1385.83,2024,7
ORD-103340,2023-02-23,North,Electronics,Smartphone,2,24336.8,0.05,46239.92,7839.92,2023,2
ORD-100233,2023-11-29,North,Furniture,Sofa Set,1,32869.86,0.1,29582.87,7182.87,2023,11
ORD-101883,2024-05-11,North,Clothing,Jacket,1,3460.2,0.05,3287.19,1187.19,2024,5
ORD-105339,2022-12-09,West,Furniture,Bookshelf,2,6090.58,0.05,11572.1,4612.1,2022,12
ORD-101253,2023-12-20,East,Clothing,T-Shirt,7,687.47,0.0,4812.29,2362.29,2023,12
ORD-102575,2023-12-20,South,Office Supplies,File Organizer,6,443.56,0.15,2262.16,912.16,2023,12
ORD-100156,2022-12-13,South,Office Supplies,Pen Set,4,176.76,0.0,707.04,419.04,2022,12
ORD-101056,2024-10-20,North,Home & Kitchen,Air Fryer,3,6311.57,0.05,17987.97,4727.97,2024,10
ORD-105788,2024-07-15,West,Clothing,Sneakers,4,3069.51,0.05,11664.14,4224.14,2024,7
ORD-102952,2022-07-19,South,Office Supplies,Notebook Pack,4,250.6,0.05,952.28,502.28,2022,7
ORD-104541,2022-02-14,South,Office Supplies,Printer,2,9073.28,0.05,17239.23,3739.23,2022,2
ORD-101876,2022-12-01,South,Clothing,Jeans,7,1774.96,0.1,11182.25,4252.25,2022,12
ORD-105181,2023-04-18,East,Electronics,Laptop,2,52100.14,0.0,104200.28,23080.28,2023,4
ORD-104399,2024-06-10,West,Home & Kitchen,Mixer Grinder,7,4182.87,0.05,27816.09,8706.09,2024,6
ORD-104768,2022-10-08,South,Clothing,Sneakers,2,3035.32,0.1,5463.58,1743.58,2022,10
ORD-105703,2024-05-21,East,Office Supplies,File Organizer,3,455.51,0.05,1298.2,623.2,2024,5
ORD-102629,2022-11-04,West,Home & Kitchen,Air Fryer,2,6612.78,0.05,12564.28,3724.28,2022,11
ORD-103269,2022-07-09,North,Home & Kitchen,Air Fryer,2,6687.75,0.0,13375.5,4535.5,2022,7
ORD-101330,2024-06-07,East,Furniture,Bookshelf,3,5966.69,0.0,17900.07,7460.07,2024,6
ORD-102881,2022-05-10,South,Home & Kitchen,Water Bottle,6,497.57,0.05,2836.15,1636.15,2022,5
ORD-101862,2024-12-24,South,Electronics,Headphones,1,3532.4,0.0,3532.4,1607.4,2024,12
ORD-105668,2024-01-30,North,Office Supplies,Pen Set,3,176.8,0.1,477.36,261.36,2024,1
ORD-104960,2022-08-02,West,Furniture,Bookshelf,2,6087.29,0.0,12174.58,5214.58,2022,8
ORD-100084,2022-02-03,North,Electronics,Headphones,2,3555.46,0.2,5688.74,1838.74,2022,2
ORD-100565,2024-02-14,East,Clothing,Jeans,2,1850.96,0.15,3146.63,1166.63,2024,2
ORD-104288,2024-12-27,North,Office Supplies,File Organizer,6,456.3,0.05,2600.91,1250.91,2024,12
ORD-101263,2024-11-20,South,Electronics,Laptop,3,52687.53,0.05,150159.46,28479.46,2024,11
ORD-104011,2022-08-19,North,Office Supplies,File Organizer,1,462.24,0.0,462.24,237.24,2022,8
ORD-105055,2022-12-07,South,Clothing,Jacket,6,3395.71,0.0,20374.26,7774.26,2022,12
ORD-101650,2022-11-28,North,Home & Kitchen,Mixer Grinder,1,4220.11,0.0,4220.11,1490.11,2022,11
ORD-101657,2024-08-21,South,Clothing,Sneakers,7,3014.31,0.1,18990.15,5970.15,2024,8
ORD-101554,2022-10-30,East,Clothing,Jeans,3,1751.92,0.0,5255.76,2285.76,2022,10
ORD-105849,2024-06-18,West,Electronics,Smartphone,1,24663.31,0.1,22196.98,2996.98,2024,6
ORD-101835,2022-05-12,North,Office Supplies,Notebook Pack,1,248.27,0.1,223.44,110.94,2022,5
ORD-100472,2022-06-12,North,Home & Kitchen,Water Bottle,1,496.45,0.0,496.45,296.45,2022,6
ORD-103043,2023-06-29,South,Clothing,T-Shirt,2,691.89,0.1,1245.4,545.4,2023,6
ORD-105455,2023-10-01,East,Electronics,Laptop,2,52813.3,0.15,89782.61,8662.61,2023,10
ORD-105288,2023-01-10,South,Office Supplies,Pen Set,2,182.1,0.05,345.99,201.99,2023,1
ORD-104502,2023-12-18,North,Furniture,Office Chair,1,7536.54,0.1,6782.89,2132.89,2023,12
ORD-100535,2022-10-03,North,Furniture,Office Chair,3,7678.33,0.05,21883.24,7933.24,2022,10
ORD-102554,2022-12-17,West,Clothing,Sneakers,7,3054.97,0.05,20315.55,7295.55,2022,12
ORD-102570,2022-01-24,West,Clothing,Jeans,2,1844.32,0.1,3319.78,1339.78,2022,1
ORD-100185,2024-02-04,North,Clothing,Jacket,3,3435.38,0.05,9790.83,3490.83,2024,2
ORD-104148,2023-06-15,East,Office Supplies,Pen Set,4,179.44,0.1,645.98,357.98,2023,6
ORD-102746,2022-09-30,South,Clothing,Jeans,3,1804.32,0.0,5412.96,2442.96,2022,9
ORD-102666,2024-10-08,West,Office Supplies,Pen Set,1,185.17,0.15,157.39,85.39,2024,10
ORD-102942,2024-07-19,West,Electronics,Smartphone,3,23599.74,0.0,70799.22,13199.22,2024,7
ORD-101623,2022-05-04,West,Electronics,Smartwatch,2,7962.37,0.05,15128.5,4728.5,2022,5
ORD-103856,2024-07-08,West,Clothing,Jeans,1,1851.33,0.05,1758.76,768.76,2024,7
ORD-102223,2022-09-10,North,Home & Kitchen,Water Bottle,3,506.02,0.0,1518.06,918.06,2022,9
ORD-104823,2024-03-23,West,Office Supplies,Pen Set,4,182.37,0.0,729.48,441.48,2024,3
ORD-104375,2022-08-16,North,Clothing,Sneakers,1,3080.54,0.2,2464.43,604.43,2022,8
ORD-104412,2024-05-03,West,Electronics,Headphones,3,3604.72,0.0,10814.16,5039.16,2024,5
ORD-101163,2022-08-13,South,Clothing,Sneakers,6,2987.25,0.05,17027.33,5867.33,2022,8
ORD-105243,2022-11-24,South,Clothing,Jeans,7,1797.34,0.1,11323.24,4393.24,2022,11
ORD-103159,2023-01-17,West,Office Supplies,Pen Set,7,179.46,0.0,1256.22,752.22,2023,1
ORD-102775,2023-03-13,South,Furniture,Office Chair,3,7433.33,0.1,20069.99,6119.99,2023,3
ORD-102742,2022-08-22,South,Furniture,Office Chair,2,7532.29,0.15,12804.89,3504.89,2022,8
ORD-101044,2022-01-30,West,Home & Kitchen,Water Bottle,7,503.24,0.0,3522.68,2122.68,2022,1
ORD-101383,2024-12-26,East,Electronics,Smartphone,2,23860.1,0.0,47720.2,9320.2,2024,12
ORD-104224,2022-10-12,South,Clothing,Jacket,4,3540.53,0.0,14162.12,5762.12,2022,10
ORD-100093,2023-04-13,North,Clothing,T-Shirt,1,703.69,0.0,703.69,353.69,2023,4
ORD-100393,2024-03-04,West,Electronics,Headphones,1,3438.2,0.1,3094.38,1169.38,2024,3
ORD-102647,2024-07-02,South,Office Supplies,Notebook Pack,3,249.08,0.1,672.52,335.02,2024,7
ORD-100228,2024-01-02,East,Office Supplies,Pen Set,4,181.48,0.15,617.03,329.03,2024,1
ORD-104462,2023-02-06,South,Electronics,Laptop,1,50566.77,0.05,48038.43,7478.43,2023,2
ORD-103739,2023-06-22,North,Clothing,Jeans,6,1850.94,0.0,11105.64,5165.64,2023,6
ORD-102917,2024-08-29,North,Furniture,Bookshelf,2,5902.62,0.1,10624.72,3664.72,2024,8
ORD-102284,2022-09-28,West,Electronics,Headphones,4,3565.59,0.05,13549.24,5849.24,2022,9
ORD-102980,2023-12-14,East,Clothing,T-Shirt,1,714.8,0.15,607.58,257.58,2023,12
ORD-102484,2024-07-20,South,Clothing,Sneakers,3,3007.75,0.0,9023.25,3443.25,2024,7
ORD-104847,2024-01-28,East,Electronics,Smartphone,2,24570.67,0.0,49141.34,10741.34,2024,1
ORD-103377,2024-10-24,South,Furniture,Office Chair,3,7541.0,0.05,21491.85,7541.85,2024,10
ORD-105797,2024-10-18,South,Office Supplies,Notebook Pack,2,243.68,0.0,487.36,262.36,2024,10
ORD-105693,2024-08-30,North,Office Supplies,Notebook Pack,7,251.14,0.05,1670.08,882.58,2024,8
ORD-103842,2024-01-24,North,Furniture,Office Chair,3,7400.5,0.05,21091.42,7141.42,2024,1
ORD-103047,2024-01-12,West,Office Supplies,Pen Set,4,184.0,0.05,699.2,411.2,2024,1
ORD-101323,2024-06-19,North,Home & Kitchen,Water Bottle,4,489.75,0.0,1959.0,1159.0,2024,6
ORD-104371,2022-06-12,East,Electronics,Laptop,2,52803.75,0.05,100327.12,19207.12,2022,6
ORD-101892,2023-10-22,South,Electronics,Headphones,2,3518.34,0.0,7036.68,3186.68,2023,10
ORD-100710,2024-12-27,South,Electronics,Smartwatch,2,7840.88,0.1,14113.58,3713.58,2024,12
ORD-102225,2022-11-16,North,Electronics,Smartwatch,1,8116.7,0.05,7710.86,2510.86,2022,11
ORD-100254,2022-10-31,North,Home & Kitchen,Water Bottle,4,506.23,0.1,1822.43,1022.43,2022,10
ORD-102960,2024-06-30,West,Office Supplies,Notebook Pack,6,255.68,0.0,1534.08,859.08,2024,6
ORD-100017,2022-04-01,East,Home & Kitchen,Mixer Grinder,3,4103.36,0.1,11079.07,2889.07,2022,4
ORD-100221,2023-08-15,South,Furniture,Bookshelf,2,5988.85,0.0,11977.7,5017.7,2023,8
ORD-100672,2024-12-30,West,Office Supplies,File Organizer,5,439.04,0.15,1865.92,740.92,2024,12
ORD-104482,2024-06-23,North,Clothing,Sneakers,4,3072.25,0.05,11674.55,4234.55,2024,6
ORD-100065,2023-10-22,South,Home & Kitchen,Air Fryer,1,6646.56,0.05,6314.23,1894.23,2023,10
ORD-104974,2023-11-17,East,Clothing,T-Shirt,5,679.95,0.1,3059.78,1309.78,2023,11
ORD-100157,2024-02-01,East,Electronics,Smartphone,3,24049.18,0.0,72147.54,14547.54,2024,2
ORD-102623,2024-11-07,North,Clothing,Jeans,6,1748.06,0.1,9439.52,3499.52,2024,11
ORD-105426,2024-11-22,North,Home & Kitchen,Mixer Grinder,7,4196.57,0.0,29375.99,10265.99,2024,11
ORD-101782,2022-11-23,South,Office Supplies,File Organizer,5,445.94,0.0,2229.7,1104.7,2022,11
ORD-101315,2024-02-27,North,Furniture,Office Chair,3,7325.63,0.05,20878.05,6928.05,2024,2
ORD-100296,2024-12-15,West,Home & Kitchen,Mixer Grinder,6,4230.63,0.0,25383.78,9003.78,2024,12
ORD-104397,2024-05-18,North,Office Supplies,Pen Set,7,183.17,0.0,1282.19,778.19,2024,5
ORD-104880,2022-07-21,West,Electronics,Headphones,1,3498.39,0.0,3498.39,1573.39,2022,7
ORD-100469,2023-09-07,North,Home & Kitchen,Air Fryer,3,6463.48,0.0,19390.44,6130.44,2023,9
ORD-102929,2024-03-16,East,Office Supplies,Pen Set,7,181.73,0.1,1144.9,640.9,2024,3
ORD-100622,2024-12-20,South,Electronics,Laptop,3,51878.29,0.0,155634.87,33954.87,2024,12
ORD-100538,2022-08-11,West,Office Supplies,File Organizer,5,450.1,0.05,2137.97,1012.97,2022,8
ORD-100031,2024-12-05,South,Office Supplies,Pen Set,5,174.79,0.05,830.25,470.25,2024,12
ORD-101643,2022-09-23,North,Clothing,Jeans,6,1782.9,0.15,9092.79,3152.79,2022,9
ORD-102835,2024-01-13,North,Electronics,Headphones,7,3588.79,0.05,23865.45,10390.45,2024,1
ORD-102996,2024-01-27,West,Home & Kitchen,Mixer Grinder,6,4222.9,0.1,22803.66,6423.66,2024,1
ORD-105778,2024-04-14,West,Office Supplies,Pen Set,1,176.33,0.0,176.33,104.33,2024,4
ORD-100177,2024-12-25,West,Office Supplies,Pen Set,4,182.4,0.1,656.64,368.64,2024,12
ORD-100996,2024-01-08,West,Clothing,Jacket,3,3522.69,0.0,10568.07,4268.07,2024,1
ORD-100893,2022-05-17,North,Furniture,Study Desk,1,9694.26,0.0,9694.26,3994.26,2022,5
ORD-105309,2022-12-14,West,Furniture,Sofa Set,1,31541.18,0.05,29964.12,7564.12,2022,12
ORD-102154,2023-12-04,East,Clothing,T-Shirt,3,680.45,0.1,1837.22,787.22,2023,12
ORD-102937,2022-04-30,South,Electronics,Laptop,2,52826.15,0.15,89804.46,8684.46,2022,4
ORD-101295,2023-04-10,North,Home & Kitchen,Water Bottle,1,511.97,0.0,511.97,311.97,2023,4
ORD-103648,2022-11-10,North,Furniture,Study Desk,1,9248.79,0.15,7861.47,2161.47,2022,11
ORD-103484,2024-03-19,West,Clothing,Sneakers,4,3030.7,0.15,10304.38,2864.38,2024,3
ORD-104205,2024-05-13,West,Clothing,T-Shirt,5,716.3,0.1,3223.35,1473.35,2024,5
ORD-101499,2024-02-05,West,Electronics,Laptop,2,50875.86,0.0,101751.72,20631.72,2024,2
ORD-105719,2022-05-19,West,Home & Kitchen,Water Bottle,2,499.1,0.2,798.56,398.56,2022,5
ORD-101606,2024-12-03,West,Clothing,Sneakers,6,3056.69,0.1,16506.13,5346.13,2024,12
ORD-105899,2022-03-29,South,Home & Kitchen,Water Bottle,2,514.21,0.05,977.0,577.0,2022,3
ORD-100881,2023-12-04,North,Clothing,Jeans,3,1780.33,0.1,4806.89,1836.89,2023,12
ORD-100319,2024-11-20,East,Clothing,T-Shirt,1,718.79,0.05,682.85,332.85,2024,11
ORD-104885,2024-08-19,East,Furniture,Sofa Set,3,32896.43,0.0,98689.29,31489.29,2024,8
ORD-104025,2024-11-19,North,Electronics,Headphones,7,3457.28,0.05,22990.91,9515.91,2024,11
ORD-105873,2022-07-28,South,Electronics,Laptop,2,51617.47,0.0,103234.94,22114.94,2022,7
ORD-105176,2022-09-13,West,Office Supplies,Pen Set,7,176.26,0.0,1233.82,729.82,2022,9
ORD-104323,2022-03-26,South,Clothing,T-Shirt,2,685.54,0.1,1233.97,533.97,2022,3
ORD-101964,2024-05-01,North,Electronics,Smartwatch,1,8020.92,0.0,8020.92,2820.92,2024,5
ORD-101780,2022-08-16,East,Clothing,Sneakers,6,2970.89,0.1,16042.81,4882.81,2022,8
ORD-104593,2022-09-26,West,Office Supplies,Pen Set,4,181.57,0.0,726.28,438.28,2022,9
ORD-100476,2023-06-07,East,Clothing,Sneakers,6,3076.85,0.05,17538.04,6378.04,2023,6
ORD-105843,2023-11-03,East,Clothing,T-Shirt,1,708.81,0.0,708.81,358.81,2023,11
ORD-103831,2023-12-21,West,Furniture,Sofa Set,2,32861.29,0.05,62436.45,17636.45,2023,12
ORD-101362,2023-12-19,West,Home & Kitchen,Cookware Set,6,3782.93,0.0,22697.58,10157.58,2023,12
ORD-104262,2022-12-15,South,Electronics,Smartphone,1,24265.24,0.2,19412.19,212.19,2022,12
ORD-100351,2022-08-18,South,Home & Kitchen,Water Bottle,3,507.04,0.05,1445.06,845.06,2022,8
ORD-101344,2024-12-17,South,Office Supplies,Notebook Pack,7,248.89,0.0,1742.23,954.73,2024,12
ORD-103053,2024-06-15,North,Clothing,Sneakers,4,2992.88,0.15,10175.79,2735.79,2024,6
ORD-103700,2024-09-27,West,Electronics,Smartphone,1,24475.31,0.05,23251.54,4051.54,2024,9
ORD-103885,2022-02-28,West,Home & Kitchen,Air Fryer,1,6575.84,0.1,5918.26,1498.26,2022,2
ORD-100926,2022-08-04,West,Office Supplies,Notebook Pack,6,243.85,0.2,1170.48,495.48,2022,8
ORD-103589,2022-12-24,East,Electronics,Headphones,7,3521.14,0.1,22183.18,8708.18,2022,12
ORD-100730,2023-01-17,North,Home & Kitchen,Mixer Grinder,5,4081.94,0.1,18368.73,4718.73,2023,1
ORD-104790,2023-08-18,East,Home & Kitchen,Water Bottle,7,487.22,0.0,3410.54,2010.54,2023,8
ORD-102480,2023-09-03,West,Electronics,Laptop,3,52779.07,0.05,150420.35,28740.35,2023,9
ORD-102418,2022-04-06,East,Office Supplies,Notebook Pack,5,243.56,0.1,1096.02,533.52,2022,4
ORD-104358,2023-08-13,South,Clothing,Jeans,4,1772.04,0.1,6379.34,2419.34,2023,8
ORD-102516,2022-07-16,North,Home & Kitchen,Water Bottle,7,513.98,0.0,3597.86,2197.86,2022,7
ORD-104900,2023-08-27,South,Electronics,Smartwatch,3,8109.2,0.0,24327.6,8727.6,2023,8
ORD-105221,2023-10-29,South,Clothing,Jeans,1,1771.22,0.05,1682.66,692.66,2023,10
ORD-102173,2022-07-24,North,Clothing,T-Shirt,7,719.0,0.15,4278.05,1828.05,2022,7
ORD-102807,2024-04-21,North,Clothing,Sneakers,4,2944.89,0.0,11779.56,4339.56,2024,4
ORD-104342,2023-11-04,East,Electronics,Laptop,3,53430.91,0.0,160292.73,38612.73,2023,11
ORD-105795,2023-12-25,North,Clothing,Jacket,6,3475.72,0.0,20854.32,8254.32,2023,12
ORD-104121,2024-07-01,East,Furniture,Sofa Set,1,31962.39,0.05,30364.27,7964.27,2024,7
ORD-102615,2023-08-22,North,Clothing,Jeans,1,1771.11,0.05,1682.55,692.55,2023,8
ORD-102944,2022-12-16,West,Clothing,Sneakers,5,2970.48,0.0,14852.4,5552.4,2022,12
ORD-101737,2022-10-10,West,Office Supplies,Pen Set,4,184.24,0.05,700.11,412.11,2022,10
ORD-103967,2022-08-01,South,Clothing,T-Shirt,4,688.97,0.0,2755.88,1355.88,2022,8
ORD-101073,2024-11-10,East,Clothing,T-Shirt,4,690.61,0.0,2762.44,1362.44,2024,11
ORD-104700,2024-12-13,North,Clothing,Sneakers,7,2958.68,0.0,20710.76,7690.76,2024,12
ORD-100604,2024-12-02,North,Clothing,Jacket,1,3408.23,0.15,2897.0,797.0,2024,12
ORD-100308,2022-11-29,South,Office Supplies,Pen Set,7,185.33,0.05,1232.44,728.44,2022,11
ORD-101144,2023-05-25,North,Home & Kitchen,Air Fryer,3,6679.18,0.1,18033.79,4773.79,2023,5
ORD-104508,2024-05-18,East,Electronics,Laptop,3,53082.26,0.0,159246.78,37566.78,2024,5
ORD-100050,2022-09-22,South,Office Supplies,Pen Set,7,179.35,0.15,1067.13,563.13,2022,9
ORD-102576,2024-03-16,North,Electronics,Laptop,1,53095.85,0.0,53095.85,12535.85,2024,3
ORD-102596,2022-05-04,South,Clothing,Jeans,7,1774.02,0.2,9934.51,3004.51,2022,5
ORD-103316,2024-04-28,West,Home & Kitchen,Cookware Set,2,3750.85,0.1,6751.53,2571.53,2024,4
ORD-100323,2023-10-06,South,Electronics,Headphones,5,3562.81,0.0,17814.05,8189.05,2023,10
ORD-100506,2023-01-20,West,Home & Kitchen,Water Bottle,7,503.18,0.05,3346.15,1946.15,2023,1
ORD-105911,2022-05-25,West,Home & Kitchen,Air Fryer,2,6570.48,0.0,13140.96,4300.96,2022,5
ORD-100576,2024-10-19,West,Office Supplies,Pen Set,7,177.75,0.0,1244.25,740.25,2024,10
ORD-105743,2024-10-09,East,Office Supplies,Notebook Pack,2,244.5,0.05,464.55,239.55,2024,10
ORD-100401,2024-10-27,North,Furniture,Study Desk,1,9257.79,0.05,8794.9,3094.9,2024,10
ORD-103501,2023-11-06,South,Clothing,Jeans,4,1803.14,0.05,6851.93,2891.93,2023,11
ORD-103927,2024-08-02,West,Electronics,Smartphone,1,24411.44,0.1,21970.3,2770.3,2024,8
ORD-102213,2023-08-08,North,Clothing,T-Shirt,1,705.95,0.0,705.95,355.95,2023,8
ORD-105359,2024-07-23,West,Electronics,Headphones,4,3468.87,0.05,13181.71,5481.71,2024,7
ORD-101209,2023-05-27,West,Clothing,T-Shirt,2,686.7,0.05,1304.73,604.73,2023,5
ORD-101965,2022-04-16,South,Home & Kitchen,Mixer Grinder,1,4196.34,0.05,3986.52,1256.52,2022,4
ORD-101978,2024-04-25,West,Home & Kitchen,Cookware Set,5,3729.12,0.0,18645.6,8195.6,2024,4
ORD-100491,2024-01-19,North,Clothing,Jeans,2,1755.58,0.05,3335.6,1355.6,2024,1
ORD-101728,2022-02-16,North,Clothing,T-Shirt,2,700.46,0.15,1190.78,490.78,2022,2
ORD-102698,2023-04-27,North,Electronics,Smartwatch,1,8112.25,0.15,6895.41,1695.41,2023,4
ORD-102182,2024-08-12,North,Office Supplies,File Organizer,2,446.52,0.1,803.74,353.74,2024,8
ORD-101272,2023-05-02,East,Electronics,Laptop,2,51925.75,0.0,103851.5,22731.5,2023,5
ORD-104020,2022-10-16,South,Furniture,Office Chair,1,7574.85,0.0,7574.85,2924.85,2022,10
ORD-102063,2022-05-07,East,Clothing,Sneakers,5,2915.27,0.0,14576.35,5276.35,2022,5
ORD-102571,2023-10-26,East,Home & Kitchen,Water Bottle,5,492.83,0.0,2464.15,1464.15,2023,10
ORD-103806,2024-02-09,West,Clothing,Jeans,5,1820.34,0.0,9101.7,4151.7,2024,2
ORD-104476,2023-10-07,North,Office Supplies,File Organizer,6,461.7,0.05,2631.69,1281.69,2023,10
ORD-104638,2022-08-23,West,Clothing,T-Shirt,2,714.21,0.0,1428.42,728.42,2022,8
ORD-103065,2023-06-28,North,Clothing,T-Shirt,7,689.25,0.1,4342.28,1892.28,2023,6
ORD-101075,2023-01-30,North,Office Supplies,Pen Set,2,180.12,0.0,360.24,216.24,2023,1
ORD-102446,2022-03-13,West,Office Supplies,Pen Set,2,180.43,0.2,288.69,144.69,2022,3
ORD-105370,2022-07-16,South,Furniture,Office Chair,2,7669.17,0.2,12270.67,2970.67,2022,7
ORD-102298,2022-01-08,West,Electronics,Laptop,3,51569.54,0.05,146973.19,25293.19,2022,1
ORD-100239,2022-05-30,West,Clothing,T-Shirt,2,691.11,0.05,1313.11,613.11,2022,5
ORD-105071,2023-02-28,North,Electronics,Headphones,4,3594.14,0.2,11501.25,3801.25,2023,2
ORD-100964,2024-11-23,North,Electronics,Headphones,7,3464.31,0.2,19400.14,5925.14,2024,11
ORD-100199,2023-01-14,South,Home & Kitchen,Water Bottle,3,507.54,0.1,1370.36,770.36,2023,1
ORD-102788,2024-11-09,West,Office Supplies,Notebook Pack,3,254.66,0.0,763.98,426.48,2024,11
ORD-104213,2022-06-05,North,Clothing,T-Shirt,1,695.83,0.1,626.25,276.25,2022,6
ORD-105681,2023-04-04,North,Office Supplies,Pen Set,5,185.15,0.1,833.18,473.18,2023,4
ORD-103214,2022-07-17,North,Electronics,Laptop,3,51422.73,0.2,123414.55,1734.55,2022,7
ORD-103395,2024-11-03,South,Clothing,Jeans,7,1793.05,0.1,11296.22,4366.22,2024,11
ORD-104195,2023-09-19,South,Home & Kitchen,Water Bottle,6,498.12,0.0,2988.72,1788.72,2023,9
ORD-102303,2023-08-12,North,Office Supplies,Pen Set,7,175.08,0.0,1225.56,721.56,2023,8
ORD-103509,2022-12-10,North,Electronics,Smartphone,3,24413.46,0.0,73240.38,15640.38,2022,12
ORD-102440,2024-12-30,West,Clothing,Sneakers,3,2976.81,0.15,7590.87,2010.87,2024,12
ORD-104600,2023-12-23,North,Clothing,Jacket,4,3544.39,0.15,12050.93,3650.93,2023,12
ORD-104233,2024-06-05,North,Office Supplies,Notebook Pack,1,248.47,0.0,248.47,135.97,2024,6
ORD-100812,2024-12-26,North,Office Supplies,Notebook Pack,7,251.74,0.0,1762.18,974.68,2024,12
ORD-105850,2024-12-27,North,Electronics,Headphones,5,3448.44,0.0,17242.2,7617.2,2024,12
ORD-105217,2022-02-26,West,Office Supplies,Pen Set,7,179.62,0.05,1194.47,690.47,2022,2
ORD-100259,2023-11-27,North,Office Supplies,Notebook Pack,7,253.03,0.0,1771.21,983.71,2023,11
ORD-102164,2024-09-23,East,Office Supplies,Pen Set,7,175.8,0.1,1107.54,603.54,2024,9
ORD-101513,2024-05-09,North,Clothing,Jeans,7,1792.35,0.0,12546.45,5616.45,2024,5
ORD-101407,2022-05-11,North,Clothing,T-Shirt,5,720.76,0.2,2883.04,1133.04,2022,5
ORD-103827,2023-02-07,East,Office Supplies,File Organizer,5,451.1,0.0,2255.5,1130.5,2023,2
ORD-104641,2022-01-02,West,Home & Kitchen,Mixer Grinder,2,4171.33,0.1,7508.39,2048.39,2022,1
ORD-101612,2024-06-04,North,Clothing,Jeans,2,1841.88,0.0,3683.76,1703.76,2024,6
ORD-100712,2024-07-18,East,Office Supplies,Notebook Pack,4,255.88,0.0,1023.52,573.52,2024,7
ORD-102995,2023-07-28,North,Home & Kitchen,Water Bottle,4,510.02,0.05,1938.08,1138.08,2023,7
ORD-101599,2022-11-27,South,Clothing,T-Shirt,4,718.7,0.0,2874.8,1474.8,2022,11
ORD-104669,2022-12-06,North,Electronics,Headphones,1,3489.73,0.1,3140.76,1215.76,2022,12
ORD-104770,2024-01-14,North,Electronics,Smartphone,3,23821.43,0.1,64317.86,6717.86,2024,1
ORD-101501,2024-11-30,South,Clothing,Jacket,5,3540.91,0.05,16819.32,6319.32,2024,11
ORD-102611,2024-07-23,West,Clothing,Jacket,4,3598.61,0.05,13674.72,5274.72,2024,7
ORD-104574,2024-08-23,East,Home & Kitchen,Mixer Grinder,4,4113.11,0.05,15629.82,4709.82,2024,8
ORD-104173,2022-12-27,South,Furniture,Office Chair,3,7369.23,0.1,19896.92,5946.92,2022,12
ORD-103011,2024-10-03,West,Clothing,Jeans,4,1852.09,0.0,7408.36,3448.36,2024,10
ORD-105758,2022-11-03,North,Office Supplies,Notebook Pack,5,252.99,0.05,1201.7,639.2,2022,11
ORD-104457,2023-11-18,East,Furniture,Office Chair,2,7365.18,0.1,13257.32,3957.32,2023,11
ORD-101745,2024-01-03,East,Clothing,T-Shirt,2,704.04,0.1,1267.27,567.27,2024,1
ORD-105403,2022-07-17,North,Furniture,Office Chair,1,7460.41,0.1,6714.37,2064.37,2022,7
ORD-100810,2022-01-07,South,Furniture,Office Chair,2,7541.86,0.0,15083.72,5783.72,2022,1
ORD-103794,2023-10-30,North,Furniture,Office Chair,2,7512.43,0.15,12771.13,3471.13,2023,10
ORD-101496,2024-08-30,North,Office Supplies,Notebook Pack,5,250.28,0.0,1251.4,688.9,2024,8
ORD-105108,2023-09-09,North,Office Supplies,Pen Set,1,175.23,0.1,157.71,85.71,2023,9
ORD-105807,2024-08-04,North,Office Supplies,File Organizer,1,462.21,0.0,462.21,237.21,2024,8
ORD-100019,2023-12-30,East,Home & Kitchen,Water Bottle,6,513.94,0.0,3083.64,1883.64,2023,12
ORD-102851,2023-06-11,South,Electronics,Smartwatch,3,7868.8,0.05,22426.08,6826.08,2023,6
ORD-101084,2024-12-14,East,Clothing,Jeans,7,1820.18,0.0,12741.26,5811.26,2024,12
ORD-100217,2022-06-18,South,Clothing,Jeans,2,1834.27,0.05,3485.11,1505.11,2022,6
ORD-104588,2024-01-13,South,Electronics,Smartwatch,1,7835.26,0.05,7443.5,2243.5,2024,1
ORD-102042,2023-12-31,South,Home & Kitchen,Mixer Grinder,5,4164.61,0.0,20823.05,7173.05,2023,12
ORD-103317,2022-05-21,West,Office Supplies,Notebook Pack,3,256.43,0.0,769.29,431.79,2022,5
ORD-103289,2023-06-13,North,Electronics,Headphones,4,3490.87,0.0,13963.48,6263.48,2023,6
ORD-105485,2024-10-22,West,Office Supplies,File Organizer,3,447.69,0.05,1275.92,600.92,2024,10
ORD-105043,2023-05-03,North,Office Supplies,Notebook Pack,6,255.5,0.2,1226.4,551.4,2023,5
ORD-103182,2023-08-19,East,Office Supplies,Pen Set,1,176.12,0.0,176.12,104.12,2023,8
ORD-103437,2023-01-30,West,Clothing,Sneakers,3,3001.08,0.0,9003.24,3423.24,2023,1
ORD-102521,2023-10-31,West,Office Supplies,Pen Set,4,179.84,0.0,719.36,431.36,2023,10
ORD-100468,2022-07-20,East,Home & Kitchen,Water Bottle,3,489.24,0.0,1467.72,867.72,2022,7
ORD-102662,2023-04-28,West,Home & Kitchen,Water Bottle,7,504.2,0.15,2999.99,1599.99,2023,4
ORD-100960,2023-10-07,West,Office Supplies,Pen Set,7,179.76,0.1,1132.49,628.49,2023,10
ORD-100705,2023-10-29,South,Office Supplies,File Organizer,6,444.63,0.15,2267.61,917.61,2023,10
ORD-100088,2022-08-05,South,Office Supplies,Pen Set,7,178.39,0.15,1061.42,557.42,2022,8
ORD-100324,2024-08-23,North,Clothing,T-Shirt,2,718.09,0.0,1436.18,736.18,2024,8
ORD-103689,2023-04-13,South,Electronics,Smartwatch,1,7968.85,0.05,7570.41,2370.41,2023,4
ORD-102678,2024-05-07,West,Clothing,Sneakers,4,2982.97,0.05,11335.29,3895.29,2024,5
ORD-105712,2024-12-18,South,Electronics,Headphones,6,3505.79,0.0,21034.74,9484.74,2024,12
ORD-103984,2023-04-02,South,Clothing,T-Shirt,3,690.26,0.0,2070.78,1020.78,2023,4
ORD-100325,2024-01-24,East,Furniture,Office Chair,1,7409.32,0.1,6668.39,2018.39,2024,1
ORD-103161,2024-12-03,South,Home & Kitchen,Air Fryer,2,6382.31,0.05,12126.39,3286.39,2024,12
ORD-100561,2022-11-06,South,Office Supplies,Pen Set,7,183.68,0.2,1028.61,524.61,2022,11
ORD-101032,2023-09-07,West,Furniture,Study Desk,1,9233.07,0.05,8771.42,3071.42,2023,9
ORD-103297,2023-08-25,West,Home & Kitchen,Water Bottle,1,513.74,0.0,513.74,313.74,2023,8
ORD-100763,2022-07-07,South,Clothing,Jeans,6,1767.08,0.05,10072.36,4132.36,2022,7
ORD-104628,2022-09-17,North,Home & Kitchen,Air Fryer,3,6502.97,0.05,18533.46,5273.46,2022,9
ORD-101419,2024-12-09,South,Electronics,Headphones,7,3477.65,0.0,24343.55,10868.55,2024,12
ORD-101520,2022-12-23,North,Electronics,Smartphone,3,24309.0,0.2,58341.6,741.6,2022,12
ORD-103548,2022-06-06,West,Office Supplies,File Organizer,1,458.32,0.15,389.57,164.57,2022,6
ORD-105658,2022-06-30,West,Electronics,Smartwatch,2,7993.12,0.0,15986.24,5586.24,2022,6
ORD-101557,2023-08-26,West,Office Supplies,Notebook Pack,3,247.42,0.0,742.26,404.76,2023,8
ORD-102107,2024-12-26,West,Home & Kitchen,Mixer Grinder,7,4195.97,0.0,29371.79,10261.79,2024,12
ORD-100746,2023-02-14,West,Clothing,T-Shirt,3,693.38,0.0,2080.14,1030.14,2023,2
ORD-101192,2024-09-19,East,Clothing,T-Shirt,5,681.86,0.15,2897.91,1147.91,2024,9
ORD-103450,2024-03-10,South,Home & Kitchen,Water Bottle,4,505.65,0.0,2022.6,1222.6,2024,3
ORD-101611,2024-06-08,West,Clothing,Jacket,5,3577.98,0.1,16100.91,5600.91,2024,6
ORD-104410,2023-04-01,South,Office Supplies,File Organizer,2,442.4,0.05,840.56,390.56,2023,4
ORD-103411,2022-07-01,West,Office Supplies,Pen Set,4,178.42,0.05,678.0,390.0,2022,7
ORD-101769,2024-08-01,North,Clothing,Jeans,4,1770.24,0.0,7080.96,3120.96,2024,8
ORD-105682,2022-08-20,South,Home & Kitchen,Air Fryer,1,6612.79,0.15,5620.87,1200.87,2022,8
ORD-102228,2022-02-27,East,Home & Kitchen,Water Bottle,3,492.13,0.05,1402.57,802.57,2022,2
ORD-100755,2022-10-22,West,Electronics,Headphones,7,3546.47,0.0,24825.29,11350.29,2022,10
ORD-103749,2022-09-23,West,Electronics,Headphones,2,3581.05,0.15,6087.78,2237.78,2022,9
ORD-105065,2023-09-12,East,Office Supplies,Notebook Pack,3,252.36,0.0,757.08,419.58,2023,9
ORD-100371,2022-12-03,West,Electronics,Smartphone,1,24227.44,0.1,21804.7,2604.7,2022,12
ORD-101170,2023-04-29,South,Office Supplies,File Organizer,5,447.12,0.0,2235.6,1110.6,2023,4
ORD-104391,2024-05-22,North,Home & Kitchen,Water Bottle,5,514.16,0.05,2442.26,1442.26,2024,5
ORD-105429,2023-12-03,East,Home & Kitchen,Cookware Set,5,3889.73,0.05,18476.22,8026.22,2023,12
ORD-100501,2024-09-30,West,Office Supplies,Notebook Pack,5,246.81,0.15,1048.94,486.44,2024,9
ORD-105841,2023-02-13,North,Home & Kitchen,Air Fryer,3,6321.06,0.0,18963.18,5703.18,2023,2
ORD-100168,2023-01-23,West,Office Supplies,Notebook Pack,3,254.06,0.05,724.07,386.57,2023,1
ORD-103352,2022-02-27,East,Office Supplies,Notebook Pack,1,249.45,0.05,236.98,124.48,2022,2
ORD-102716,2023-09-01,West,Furniture,Office Chair,2,7558.71,0.1,13605.68,4305.68,2023,9
ORD-100014,2023-06-25,North,Electronics,Headphones,5,3500.94,0.0,17504.7,7879.7,2023,6
ORD-105606,2022-03-24,East,Clothing,Jeans,1,1776.75,0.05,1687.91,697.91,2022,3
ORD-102329,2023-08-26,East,Office Supplies,Printer,1,9195.2,0.1,8275.68,1525.68,2023,8
ORD-100198,2022-09-18,East,Office Supplies,Pen Set,2,180.13,0.1,324.23,180.23,2022,9
ORD-102197,2023-09-11,East,Furniture,Bookshelf,2,6050.23,0.15,10285.39,3325.39,2023,9
ORD-101049,2022-11-09,North,Office Supplies,Notebook Pack,2,252.0,0.05,478.8,253.8,2022,11
ORD-103934,2023-08-25,North,Home & Kitchen,Cookware Set,4,3842.17,0.1,13831.81,5471.81,2023,8
ORD-102926,2024-03-02,West,Clothing,Sneakers,1,2937.99,0.0,2937.99,1077.99,2024,3
ORD-101536,2024-06-14,South,Office Supplies,File Organizer,6,457.94,0.1,2472.88,1122.88,2024,6
ORD-105796,2023-09-19,West,Office Supplies,File Organizer,4,456.21,0.0,1824.84,924.84,2023,9
ORD-102034,2022-05-19,West,Electronics,Laptop,3,51422.16,0.0,154266.48,32586.48,2022,5
ORD-100783,2023-12-05,South,Electronics,Smartphone,2,24010.47,0.1,43218.85,4818.85,2023,12
ORD-100681,2022-09-25,South,Home & Kitchen,Cookware Set,4,3697.08,0.05,14048.9,5688.9,2022,9
ORD-101893,2022-02-01,North,Electronics,Smartwatch,1,7967.98,0.0,7967.98,2767.98,2022,2
ORD-105798,2024-02-02,South,Electronics,Smartwatch,2,7809.42,0.0,15618.84,5218.84,2024,2
ORD-102574,2023-10-15,West,Home & Kitchen,Water Bottle,7,502.98,0.15,2992.73,1592.73,2023,10
ORD-101038,2023-06-21,East,Home & Kitchen,Cookware Set,3,3858.05,0.15,9838.03,3568.03,2023,6
ORD-101617,2023-11-07,North,Clothing,Jeans,5,1784.17,0.0,8920.85,3970.85,2023,11
ORD-101765,2022-04-11,South,Electronics,Laptop,2,53045.14,0.1,95481.25,14361.25,2022,4
ORD-100577,2023-11-21,East,Clothing,Sneakers,3,3036.27,0.0,9108.81,3528.81,2023,11
ORD-100439,2023-12-29,West,Clothing,T-Shirt,7,716.91,0.0,5018.37,2568.37,2023,12
ORD-102450,2024-01-30,North,Home & Kitchen,Water Bottle,4,494.1,0.1,1778.76,978.76,2024,1
ORD-105021,2024-08-14,West,Home & Kitchen,Water Bottle,4,509.65,0.2,1630.88,830.88,2024,8
ORD-104404,2023-07-23,South,Furniture,Study Desk,3,9716.73,0.05,27692.68,10592.68,2023,7
ORD-103862,2024-02-21,North,Electronics,Smartphone,1,23660.04,0.0,23660.04,4460.04,2024,2
ORD-104903,2024-09-22,South,Office Supplies,Printer,3,9180.02,0.1,24786.05,4536.05,2024,9
ORD-102876,2022-12-07,North,Home & Kitchen,Cookware Set,4,3886.27,0.0,15545.08,7185.08,2022,12
ORD-100742,2024-09-06,East,Electronics,Smartphone,3,24032.87,0.1,64888.75,7288.75,2024,9
ORD-100279,2024-08-25,West,Electronics,Smartphone,3,24000.0,0.0,72000.0,14400.0,2024,8
ORD-102874,2022-06-11,South,Electronics,Laptop,2,51498.76,0.0,102997.52,21877.52,2022,6
ORD-101350,2024-06-28,West,Electronics,Smartphone,2,24597.7,0.0,49195.4,10795.4,2024,6
ORD-102094,2024-10-12,East,Electronics,Smartphone,1,24328.46,0.05,23112.04,3912.04,2024,10
ORD-105304,2022-01-19,West,Clothing,Sneakers,6,2980.05,0.15,15198.26,4038.26,2022,1
ORD-105943,2024-07-20,East,Office Supplies,Notebook Pack,4,249.06,0.0,996.24,546.24,2024,7
ORD-102755,2024-06-30,South,Office Supplies,Notebook Pack,4,249.07,0.0,996.28,546.28,2024,6
ORD-100683,2023-07-06,West,Home & Kitchen,Mixer Grinder,3,4180.21,0.05,11913.6,3723.6,2023,7
ORD-102138,2024-05-27,East,Clothing,Sneakers,2,2967.23,0.15,5044.29,1324.29,2024,5
ORD-101539,2023-06-30,West,Office Supplies,Notebook Pack,6,252.79,0.05,1440.9,765.9,2023,6
ORD-103771,2024-11-30,West,Clothing,Jacket,4,3424.37,0.0,13697.48,5297.48,2024,11
ORD-104058,2023-04-29,South,Clothing,Jacket,7,3564.16,0.0,24949.12,10249.12,2023,4
ORD-104458,2022-03-08,North,Office Supplies,Pen Set,6,182.35,0.0,1094.1,662.1,2022,3
ORD-104947,2024-06-15,South,Home & Kitchen,Mixer Grinder,1,4093.68,0.1,3684.31,954.31,2024,6
ORD-103698,2022-02-06,North,Electronics,Smartwatch,1,7932.12,0.0,7932.12,2732.12,2022,2
ORD-105648,2023-06-14,North,Office Supplies,Notebook Pack,2,248.98,0.0,497.96,272.96,2023,6
ORD-105984,2024-02-11,East,Furniture,Office Chair,1,7334.54,0.2,5867.63,1217.63,2024,2
ORD-101471,2022-09-07,North,Home & Kitchen,Mixer Grinder,7,4104.5,0.15,24421.77,5311.77,2022,9
ORD-102318,2023-08-24,South,Office Supplies,Notebook Pack,6,252.78,0.0,1516.68,841.68,2023,8
ORD-100321,2023-08-07,East,Office Supplies,Pen Set,2,184.69,0.0,369.38,225.38,2023,8
ORD-103628,2024-01-12,South,Home & Kitchen,Water Bottle,7,506.75,0.0,3547.25,2147.25,2024,1
ORD-105152,2023-07-30,West,Furniture,Sofa Set,2,31986.86,0.0,63973.72,19173.72,2023,7
ORD-105852,2022-02-05,East,Office Supplies,Pen Set,1,176.91,0.05,168.06,96.06,2022,2
ORD-103767,2023-02-19,East,Clothing,Jeans,2,1833.25,0.0,3666.5,1686.5,2023,2
ORD-105190,2023-12-10,East,Office Supplies,Pen Set,4,174.86,0.0,699.44,411.44,2023,12
ORD-103816,2023-06-07,North,Electronics,Laptop,3,51916.21,0.05,147961.2,26281.2,2023,6
ORD-101905,2023-06-26,West,Furniture,Office Chair,2,7544.64,0.05,14334.82,5034.82,2023,6
ORD-103245,2023-10-24,North,Clothing,T-Shirt,6,700.47,0.0,4202.82,2102.82,2023,10
ORD-101197,2024-01-28,West,Home & Kitchen,Cookware Set,5,3748.82,0.0,18744.1,8294.1,2024,1
ORD-104254,2024-08-20,North,Clothing,Jeans,2,1784.48,0.0,3568.96,1588.96,2024,8
ORD-102091,2024-08-27,South,Electronics,Smartphone,1,23726.35,0.0,23726.35,4526.35,2024,8
ORD-100420,2024-01-29,North,Office Supplies,Notebook Pack,5,253.43,0.0,1267.15,704.65,2024,1
ORD-102868,2024-11-06,South,Office Supplies,Pen Set,4,184.65,0.0,738.6,450.6,2024,11
ORD-100553,2024-10-17,East,Electronics,Headphones,5,3573.91,0.0,17869.55,8244.55,2024,10
ORD-100373,2023-01-20,North,Clothing,Jeans,7,1847.89,0.0,12935.23,6005.23,2023,1
ORD-102086,2023-03-13,West,Home & Kitchen,Water Bottle,5,510.88,0.15,2171.24,1171.24,2023,3
ORD-104128,2024-07-01,West,Electronics,Headphones,4,3576.09,0.05,13589.14,5889.14,2024,7
ORD-102699,2024-09-14,South,Electronics,Headphones,6,3521.54,0.1,19016.32,7466.32,2024,9
ORD-101426,2022-05-05,North,Home & Kitchen,Water Bottle,6,504.97,0.1,2726.84,1526.84,2022,5
ORD-103250,2024-12-08,South,Office Supplies,Notebook Pack,3,255.56,0.0,766.68,429.18,2024,12
ORD-102821,2024-02-25,East,Office Supplies,Pen Set,6,176.7,0.15,901.17,469.17,2024,2
ORD-100181,2024-10-06,North,Office Supplies,File Organizer,3,439.13,0.1,1185.65,510.65,2024,10
ORD-105343,2023-11-17,South,Furniture,Office Chair,3,7548.24,0.0,22644.72,8694.72,2023,11
ORD-102598,2024-11-15,West,Office Supplies,Pen Set,6,180.78,0.0,1084.68,652.68,2024,11
ORD-100696,2024-05-03,East,Office Supplies,Notebook Pack,6,252.97,0.0,1517.82,842.82,2024,5
ORD-105760,2022-04-23,South,Office Supplies,Pen Set,3,177.58,0.0,532.74,316.74,2022,4
ORD-102170,2023-05-26,South,Home & Kitchen,Water Bottle,7,498.7,0.0,3490.9,2090.9,2023,5
ORD-104012,2024-11-05,South,Electronics,Smartphone,1,24612.23,0.05,23381.62,4181.62,2024,11
ORD-101566,2022-04-24,West,Electronics,Smartphone,3,23509.97,0.05,67003.41,9403.41,2022,4
ORD-101354,2024-09-18,West,Office Supplies,File Organizer,7,456.09,0.05,3033.0,1458.0,2024,9
ORD-100599,2023-12-20,South,Office Supplies,Pen Set,5,177.41,0.15,753.99,393.99,2023,12
ORD-103323,2024-07-05,North,Clothing,Jeans,1,1823.5,0.2,1458.8,468.8,2024,7
ORD-102526,2024-10-23,South,Home & Kitchen,Mixer Grinder,5,4132.28,0.1,18595.26,4945.26,2024,10
ORD-103252,2022-12-03,North,Clothing,Jeans,5,1746.69,0.15,7423.43,2473.43,2022,12
ORD-105956,2023-10-15,South,Clothing,Sneakers,6,2929.86,0.0,17579.16,6419.16,2023,10
ORD-104940,2024-09-02,North,Clothing,Jeans,6,1754.0,0.15,8945.4,3005.4,2024,9
ORD-105919,2022-12-25,West,Office Supplies,Pen Set,4,184.08,0.05,699.5,411.5,2022,12
ORD-104935,2022-07-26,South,Electronics,Headphones,7,3585.81,0.0,25100.67,11625.67,2022,7
ORD-104438,2022-12-28,North,Home & Kitchen,Water Bottle,3,504.19,0.0,1512.57,912.57,2022,12
ORD-100865,2024-10-15,West,Office Supplies,Pen Set,6,181.74,0.05,1035.92,603.92,2024,10
ORD-100805,2022-07-14,North,Clothing,Sneakers,1,3003.8,0.0,3003.8,1143.8,2022,7
ORD-102732,2023-10-23,East,Office Supplies,Pen Set,4,178.19,0.1,641.48,353.48,2023,10
ORD-101046,2022-09-20,North,Office Supplies,Pen Set,1,184.37,0.05,175.15,103.15,2022,9
ORD-104692,2024-04-17,North,Electronics,Smartphone,1,24073.69,0.05,22870.01,3670.01,2024,4
ORD-105001,2024-02-06,South,Electronics,Smartphone,3,23528.73,0.05,67056.88,9456.88,2024,2
ORD-102815,2023-10-27,West,Office Supplies,Notebook Pack,2,248.9,0.0,497.8,272.8,2023,10
ORD-103864,2024-11-21,South,Electronics,Smartphone,2,23396.72,0.15,39774.42,1374.42,2024,11
ORD-100015,2022-10-21,South,Electronics,Smartphone,3,23911.96,0.15,60975.5,3375.5,2022,10
ORD-105560,2024-11-05,North,Home & Kitchen,Air Fryer,2,6342.86,0.05,12051.43,3211.43,2024,11
ORD-103400,2022-04-08,West,Clothing,Jeans,5,1767.38,0.0,8836.9,3886.9,2022,4
ORD-101614,2024-08-09,North,Office Supplies,Pen Set,7,175.18,0.1,1103.63,599.63,2024,8
ORD-105399,2022-03-02,North,Home & Kitchen,Water Bottle,1,493.3,0.15,419.31,219.31,2022,3
ORD-103559,2023-09-13,East,Clothing,Jeans,2,1815.51,0.1,3267.92,1287.92,2023,9
ORD-101545,2023-04-26,East,Office Supplies,Notebook Pack,3,256.46,0.1,692.44,354.94,2023,4
ORD-105674,2023-09-15,South,Electronics,Laptop,2,50719.31,0.05,96366.69,15246.69,2023,9
ORD-101328,2022-12-03,West,Office Supplies,Notebook Pack,6,256.97,0.0,1541.82,866.82,2022,12
ORD-101672,2024-05-22,North,Home & Kitchen,Water Bottle,5,491.78,0.1,2213.01,1213.01,2024,5
ORD-102195,2024-07-20,North,Office Supplies,File Organizer,3,442.23,0.05,1260.36,585.36,2024,7
ORD-102603,2024-05-15,East,Home & Kitchen,Water Bottle,4,502.65,0.0,2010.6,1210.6,2024,5
ORD-104923,2024-09-24,North,Office Supplies,Pen Set,3,181.56,0.1,490.21,274.21,2024,9
ORD-102771,2024-07-03,West,Home & Kitchen,Water Bottle,6,497.65,0.0,2985.9,1785.9,2024,7
ORD-104056,2022-12-25,South,Electronics,Laptop,3,51257.84,0.1,138396.17,16716.17,2022,12
ORD-101039,2022-06-21,South,Home & Kitchen,Water Bottle,7,492.34,0.05,3274.06,1874.06,2022,6
ORD-105109,2024-08-10,South,Office Supplies,Pen Set,4,176.98,0.0,707.92,419.92,2024,8
ORD-102619,2024-10-13,South,Clothing,Jacket,1,3572.44,0.1,3215.2,1115.2,2024,10
ORD-101738,2023-10-02,North,Electronics,Headphones,5,3596.41,0.0,17982.05,8357.05,2023,10
ORD-102338,2023-11-04,North,Office Supplies,Pen Set,6,175.86,0.1,949.64,517.64,2023,11
ORD-101871,2023-06-20,South,Electronics,Smartphone,2,24295.25,0.1,43731.45,5331.45,2023,6
ORD-101321,2023-07-20,North,Electronics,Smartphone,3,23289.65,0.1,62882.06,5282.06,2023,7
ORD-104050,2024-11-21,East,Electronics,Laptop,1,53033.12,0.0,53033.12,12473.12,2024,11
ORD-103221,2024-07-15,West,Office Supplies,Notebook Pack,1,250.37,0.0,250.37,137.87,2024,7
ORD-103711,2024-05-20,East,Office Supplies,Pen Set,4,175.07,0.2,560.22,272.22,2024,5
ORD-105859,2022-11-15,North,Clothing,T-Shirt,6,705.77,0.0,4234.62,2134.62,2022,11
ORD-100586,2022-08-25,South,Electronics,Laptop,2,53406.72,0.1,96132.1,15012.1,2022,8
ORD-101760,2023-02-12,West,Office Supplies,Pen Set,6,182.6,0.2,876.48,444.48,2023,2
ORD-102103,2024-11-11,North,Clothing,Jacket,1,3597.15,0.05,3417.29,1317.29,2024,11
ORD-102677,2024-07-22,West,Clothing,Jeans,3,1805.93,0.05,5146.9,2176.9,2024,7
ORD-104247,2022-02-01,East,Office Supplies,Pen Set,7,182.05,0.1,1146.92,642.92,2022,2
ORD-101451,2023-12-18,South,Office Supplies,Notebook Pack,4,245.7,0.1,884.52,434.52,2023,12
ORD-100008,2022-06-24,East,Clothing,Sneakers,4,3002.07,0.0,12008.28,4568.28,2022,6
ORD-105470,2023-12-31,South,Office Supplies,Pen Set,1,183.25,0.0,183.25,111.25,2023,12
ORD-104096,2023-11-24,South,Electronics,Smartphone,2,24008.43,0.05,45616.02,7216.02,2023,11
ORD-103270,2024-11-29,East,Electronics,Smartphone,3,23717.57,0.05,67595.07,9995.07,2024,11
ORD-102915,2022-07-28,West,Office Supplies,Notebook Pack,6,250.33,0.0,1501.98,826.98,2022,7
ORD-102157,2022-12-08,South,Furniture,Bookshelf,2,6086.56,0.0,12173.12,5213.12,2022,12
ORD-100549,2023-06-13,East,Office Supplies,Notebook Pack,3,248.95,0.2,597.48,259.98,2023,6
ORD-104614,2023-01-31,West,Clothing,T-Shirt,2,701.89,0.05,1333.59,633.59,2023,1
ORD-100426,2022-11-01,East,Electronics,Headphones,2,3567.91,0.05,6779.03,2929.03,2022,11
ORD-103357,2023-08-06,West,Clothing,Jeans,3,1851.66,0.0,5554.98,2584.98,2023,8
ORD-100033,2023-04-01,North,Electronics,Laptop,3,51631.58,0.1,139405.27,17725.27,2023,4
ORD-103661,2024-10-18,South,Clothing,Sneakers,7,3053.87,0.0,21377.09,8357.09,2024,10
ORD-100044,2024-08-06,East,Office Supplies,File Organizer,5,439.31,0.1,1976.9,851.9,2024,8
ORD-102751,2024-04-14,North,Office Supplies,Pen Set,3,175.86,0.0,527.58,311.58,2024,4
ORD-100800,2024-04-29,North,Office Supplies,Pen Set,3,181.91,0.0,545.73,329.73,2024,4
ORD-101225,2024-10-04,South,Electronics,Headphones,6,3404.07,0.05,19403.2,7853.2,2024,10
ORD-105365,2024-11-23,North,Home & Kitchen,Water Bottle,3,505.12,0.0,1515.36,915.36,2024,11
ORD-101172,2022-11-20,North,Clothing,Jacket,1,3471.87,0.05,3298.28,1198.28,2022,11
ORD-101488,2024-10-09,West,Electronics,Smartwatch,1,8109.68,0.1,7298.71,2098.71,2024,10
ORD-104590,2022-10-29,East,Electronics,Smartphone,3,23744.38,0.15,60548.17,2948.17,2022,10
ORD-104287,2022-10-10,South,Home & Kitchen,Cookware Set,3,3693.9,0.0,11081.7,4811.7,2022,10
ORD-105229,2022-10-30,South,Clothing,Sneakers,6,3010.24,0.05,17158.37,5998.37,2022,10
ORD-100063,2024-05-27,East,Office Supplies,Pen Set,3,180.17,0.1,486.46,270.46,2024,5
ORD-102387,2022-03-07,West,Clothing,T-Shirt,4,682.81,0.0,2731.24,1331.24,2022,3
ORD-104824,2023-05-18,North,Office Supplies,Notebook Pack,1,252.5,0.05,239.88,127.38,2023,5
ORD-103732,2023-11-09,South,Home & Kitchen,Water Bottle,5,490.03,0.1,2205.13,1205.13,2023,11
ORD-103759,2022-08-10,West,Office Supplies,Notebook Pack,3,243.43,0.0,730.29,392.79,2022,8
ORD-100227,2023-10-24,North,Office Supplies,Notebook Pack,2,251.98,0.15,428.37,203.37,2023,10
ORD-102417,2023-09-28,East,Home & Kitchen,Air Fryer,3,6607.9,0.05,18832.51,5572.51,2023,9
ORD-102378,2022-07-01,North,Office Supplies,Pen Set,6,184.42,0.1,995.87,563.87,2022,7
ORD-101514,2024-10-07,South,Clothing,Jacket,6,3450.56,0.0,20703.36,8103.36,2024,10
ORD-105835,2022-05-14,North,Home & Kitchen,Air Fryer,3,6538.29,0.0,19614.87,6354.87,2022,5
ORD-103328,2023-09-05,East,Electronics,Smartphone,3,23659.52,0.0,70978.56,13378.56,2023,9
ORD-101699,2024-04-11,West,Clothing,T-Shirt,2,701.51,0.0,1403.02,703.02,2024,4
ORD-103909,2024-07-24,North,Home & Kitchen,Air Fryer,2,6533.67,0.05,12413.97,3573.97,2024,7
ORD-100811,2022-01-25,South,Office Supplies,Notebook Pack,3,243.24,0.0,729.72,392.22,2022,1
ORD-105549,2023-07-08,West,Clothing,Jeans,5,1827.88,0.05,8682.43,3732.43,2023,7
ORD-100706,2024-06-25,South,Furniture,Office Chair,3,7338.73,0.0,22016.19,8066.19,2024,6
ORD-104936,2023-03-24,South,Clothing,Sneakers,5,2951.84,0.05,14021.24,4721.24,2023,3
ORD-102664,2023-08-19,West,Electronics,Smartphone,1,24419.47,0.05,23198.5,3998.5,2023,8
ORD-101400,2023-06-26,West,Clothing,T-Shirt,1,679.45,0.05,645.48,295.48,2023,6
ORD-102312,2023-04-17,North,Electronics,Smartphone,2,23303.25,0.0,46606.5,8206.5,2023,4
ORD-101533,2024-03-24,East,Electronics,Smartphone,1,24579.79,0.0,24579.79,5379.79,2024,3
ORD-104921,2022-08-05,South,Clothing,Jeans,1,1806.3,0.2,1445.04,455.04,2022,8
ORD-104163,2023-05-01,South,Clothing,T-Shirt,7,685.65,0.0,4799.55,2349.55,2023,5
ORD-101881,2024-01-05,North,Electronics,Laptop,1,51751.94,0.0,51751.94,11191.94,2024,1
ORD-103938,2023-08-26,West,Clothing,Sneakers,5,3042.11,0.05,14450.02,5150.02,2023,8
ORD-104180,2024-04-16,West,Home & Kitchen,Cookware Set,6,3737.67,0.15,19062.12,6522.12,2024,4
ORD-101817,2023-07-28,North,Clothing,Jeans,1,1811.1,0.05,1720.54,730.54,2023,7
ORD-104354,2024-10-05,South,Office Supplies,Printer,2,9038.44,0.0,18076.88,4576.88,2024,10
ORD-100879,2023-11-16,North,Electronics,Headphones,5,3545.27,0.05,16840.03,7215.03,2023,11
ORD-105883,2024-11-29,West,Home & Kitchen,Water Bottle,3,500.71,0.1,1351.92,751.92,2024,11
ORD-104724,2022-04-10,West,Home & Kitchen,Water Bottle,4,498.26,0.0,1993.04,1193.04,2022,4
ORD-104526,2024-04-14,South,Home & Kitchen,Water Bottle,1,501.29,0.2,401.03,201.03,2024,4
ORD-101832,2023-07-03,South,Electronics,Headphones,5,3398.43,0.0,16992.15,7367.15,2023,7
ORD-100473,2022-07-01,East,Clothing,T-Shirt,2,719.07,0.05,1366.23,666.23,2022,7
ORD-103929,2024-10-20,East,Office Supplies,File Organizer,2,453.11,0.05,860.91,410.91,2024,10
ORD-101630,2023-08-05,West,Office Supplies,File Organizer,7,451.2,0.0,3158.4,1583.4,2023,8
ORD-104280,2022-01-12,South,Clothing,Jeans,1,1774.63,0.0,1774.63,784.63,2022,1
ORD-101897,2022-12-07,East,Electronics,Smartphone,3,23537.98,0.0,70613.94,13013.94,2022,12
ORD-100297,2024-07-05,North,Clothing,Jeans,7,1851.36,0.05,12311.54,5381.54,2024,7
ORD-100303,2023-09-13,West,Electronics,Smartwatch,2,8211.9,0.05,15602.61,5202.61,2023,9
ORD-105330,2024-05-28,South,Clothing,T-Shirt,6,714.11,0.0,4284.66,2184.66,2024,5
ORD-102499,2023-08-27,West,Electronics,Laptop,1,51033.55,0.1,45930.2,5370.2,2023,8
ORD-105677,2023-11-13,North,Home & Kitchen,Water Bottle,2,500.58,0.0,1001.16,601.16,2023,11
ORD-101786,2023-02-10,West,Clothing,Jeans,5,1804.8,0.0,9024.0,4074.0,2023,2
ORD-102002,2024-11-24,North,Office Supplies,Notebook Pack,6,242.78,0.1,1311.01,636.01,2024,11
ORD-100655,2023-03-05,West,Office Supplies,Pen Set,3,184.05,0.05,524.54,308.54,2023,3
ORD-105666,2022-11-20,South,Clothing,Jeans,4,1805.49,0.05,6860.86,2900.86,2022,11
ORD-103139,2023-04-08,South,Electronics,Smartwatch,2,7850.95,0.0,15701.9,5301.9,2023,4
ORD-101186,2023-05-03,South,Office Supplies,Notebook Pack,4,248.17,0.05,943.05,493.05,2023,5
ORD-100240,2024-08-03,North,Clothing,Jeans,7,1790.44,0.15,10653.12,3723.12,2024,8
ORD-103443,2023-03-24,North,Office Supplies,Notebook Pack,1,257.42,0.05,244.55,132.05,2023,3
ORD-104918,2024-10-28,West,Clothing,Sneakers,5,2927.37,0.1,13173.16,3873.16,2024,10
ORD-105097,2024-01-13,West,Clothing,Jeans,5,1756.56,0.05,8343.66,3393.66,2024,1
ORD-102792,2024-05-01,North,Office Supplies,Notebook Pack,5,245.68,0.05,1166.98,604.48,2024,5
ORD-101726,2023-03-05,West,Electronics,Headphones,5,3513.72,0.0,17568.6,7943.6,2023,3
ORD-104350,2022-09-01,North,Office Supplies,Notebook Pack,1,245.34,0.0,245.34,132.84,2022,9
ORD-104127,2023-08-05,East,Home & Kitchen,Water Bottle,5,492.16,0.2,1968.64,968.64,2023,8
ORD-103220,2022-12-06,West,Home & Kitchen,Water Bottle,7,510.51,0.1,3216.21,1816.21,2022,12
ORD-103593,2022-05-01,North,Clothing,Jeans,7,1786.44,0.0,12505.08,5575.08,2022,5
ORD-102927,2023-11-22,South,Home & Kitchen,Water Bottle,5,492.67,0.0,2463.35,1463.35,2023,11
ORD-104983,2022-08-04,North,Electronics,Smartwatch,2,7895.71,0.05,15001.85,4601.85,2022,8
ORD-102858,2024-05-09,East,Office Supplies,Notebook Pack,3,252.58,0.05,719.85,382.35,2024,5
ORD-104822,2024-02-08,South,Furniture,Office Chair,1,7652.12,0.05,7269.51,2619.51,2024,2
ORD-105851,2024-09-07,West,Office Supplies,Notebook Pack,6,248.21,0.0,1489.26,814.26,2024,9
ORD-101322,2022-01-09,North,Office Supplies,Pen Set,6,175.8,0.0,1054.8,622.8,2022,1
ORD-103988,2024-12-24,West,Office Supplies,Notebook Pack,6,244.07,0.0,1464.42,789.42,2024,12
ORD-103903,2023-10-01,West,Office Supplies,File Organizer,3,457.51,0.1,1235.28,560.28,2023,10
ORD-100333,2024-09-04,South,Office Supplies,Printer,3,8829.49,0.0,26488.47,6238.47,2024,9
ORD-100747,2023-06-11,East,Office Supplies,File Organizer,3,437.72,0.0,1313.16,638.16,2023,6
ORD-105033,2023-09-25,West,Clothing,T-Shirt,3,685.13,0.0,2055.39,1005.39,2023,9
ORD-105194,2024-09-24,East,Clothing,Jeans,5,1778.03,0.05,8445.64,3495.64,2024,9
ORD-104845,2023-01-02,North,Home & Kitchen,Cookware Set,1,3686.69,0.05,3502.36,1412.36,2023,1
ORD-102577,2024-09-02,North,Office Supplies,Notebook Pack,4,252.53,0.2,808.1,358.1,2024,9
ORD-101042,2024-01-28,East,Electronics,Headphones,2,3521.94,0.0,7043.88,3193.88,2024,1
ORD-102380,2024-08-22,North,Office Supplies,File Organizer,7,442.56,0.05,2943.02,1368.02,2024,8
ORD-104645,2024-12-27,North,Office Supplies,Notebook Pack,7,246.33,0.0,1724.31,936.81,2024,12
ORD-100585,2023-12-30,South,Office Supplies,Notebook Pack,6,248.95,0.0,1493.7,818.7,2023,12
ORD-105269,2023-08-17,West,Furniture,Office Chair,3,7329.38,0.1,19789.33,5839.33,2023,8
ORD-101047,2024-06-10,West,Office Supplies,Notebook Pack,5,254.49,0.1,1145.21,582.71,2024,6
ORD-104472,2024-01-18,South,Clothing,Sneakers,5,3010.47,0.1,13547.11,4247.11,2024,1
ORD-105464,2022-03-21,West,Home & Kitchen,Cookware Set,5,3799.46,0.0,18997.3,8547.3,2022,3
ORD-102687,2024-02-16,West,Office Supplies,Notebook Pack,4,243.21,0.05,924.2,474.2,2024,2
ORD-101872,2024-12-20,West,Office Supplies,Notebook Pack,4,252.92,0.1,910.51,460.51,2024,12
ORD-101837,2023-06-11,South,Clothing,Jacket,7,3528.31,0.05,23463.26,8763.26,2023,6
ORD-102592,2024-01-24,North,Home & Kitchen,Air Fryer,1,6624.61,0.0,6624.61,2204.61,2024,1
ORD-103996,2022-05-12,South,Office Supplies,Notebook Pack,1,256.12,0.0,256.12,143.62,2022,5
ORD-102594,2022-12-27,North,Electronics,Smartphone,2,23871.5,0.1,42968.7,4568.7,2022,12
ORD-105876,2023-12-09,East,Clothing,Sneakers,6,3029.74,0.0,18178.44,7018.44,2023,12
ORD-103980,2022-05-02,South,Office Supplies,Notebook Pack,4,244.43,0.05,928.83,478.83,2022,5
ORD-101684,2022-06-11,North,Electronics,Laptop,3,53386.33,0.15,136135.14,14455.14,2022,6
ORD-104715,2022-09-15,South,Office Supplies,Notebook Pack,5,253.72,0.0,1268.6,706.1,2022,9
ORD-104994,2023-11-28,West,Home & Kitchen,Air Fryer,3,6392.52,0.2,15342.05,2082.05,2023,11
ORD-102404,2024-07-09,West,Home & Kitchen,Water Bottle,4,505.95,0.1,1821.42,1021.42,2024,7
ORD-105529,2024-07-14,West,Clothing,T-Shirt,7,691.66,0.1,4357.46,1907.46,2024,7
ORD-100598,2024-12-17,West,Electronics,Headphones,7,3401.52,0.0,23810.64,10335.64,2024,12
ORD-100315,2023-02-06,East,Office Supplies,File Organizer,3,455.88,0.0,1367.64,692.64,2023,2
ORD-102364,2024-02-08,North,Clothing,T-Shirt,3,684.3,0.0,2052.9,1002.9,2024,2
ORD-102133,2024-11-04,East,Home & Kitchen,Mixer Grinder,4,4135.24,0.2,13232.77,2312.77,2024,11
ORD-100149,2022-02-02,East,Clothing,Jacket,1,3592.11,0.0,3592.11,1492.11,2022,2
ORD-105082,2023-05-25,South,Furniture,Office Chair,2,7382.01,0.05,14025.82,4725.82,2023,5
ORD-102252,2023-04-10,North,Clothing,Jacket,2,3497.38,0.0,6994.76,2794.76,2023,4
ORD-100290,2024-08-07,South,Clothing,Jacket,6,3539.78,0.05,20176.75,7576.75,2024,8
ORD-100453,2022-08-20,East,Office Supplies,Notebook Pack,5,249.58,0.1,1123.11,560.61,2022,8
ORD-101807,2023-06-29,South,Office Supplies,Notebook Pack,5,252.33,0.05,1198.57,636.07,2023,6
ORD-105111,2023-12-13,West,Office Supplies,File Organizer,7,459.8,0.1,2896.74,1321.74,2023,12
ORD-101119,2024-09-29,West,Clothing,Jeans,5,1769.42,0.0,8847.1,3897.1,2024,9
ORD-102095,2023-02-26,North,Home & Kitchen,Air Fryer,3,6464.24,0.1,17453.45,4193.45,2023,2
ORD-105201,2022-08-19,South,Electronics,Headphones,6,3469.63,0.1,18736.0,7186.0,2022,8
ORD-104406,2024-10-27,North,Clothing,Sneakers,5,2976.98,0.1,13396.41,4096.41,2024,10
ORD-105153,2022-10-11,South,Clothing,Sneakers,5,2912.8,0.05,13835.8,4535.8,2022,10
ORD-101421,2023-08-09,North,Furniture,Study Desk,3,9773.9,0.0,29321.7,12221.7,2023,8
ORD-103604,2024-11-10,East,Furniture,Office Chair,3,7489.15,0.05,21344.08,7394.08,2024,11
ORD-103165,2024-03-09,South,Office Supplies,Pen Set,2,179.95,0.0,359.9,215.9,2024,3
ORD-104727,2022-11-22,South,Clothing,T-Shirt,1,708.07,0.1,637.26,287.26,2022,11
ORD-103829,2023-12-24,East,Office Supplies,File Organizer,3,446.58,0.1,1205.77,530.77,2023,12
ORD-104704,2022-07-01,West,Furniture,Office Chair,2,7430.28,0.05,14117.53,4817.53,2022,7
ORD-105962,2023-08-26,East,Clothing,Sneakers,7,2984.94,0.1,18805.12,5785.12,2023,8
ORD-104881,2023-11-30,East,Home & Kitchen,Air Fryer,2,6362.55,0.1,11452.59,2612.59,2023,11
ORD-105702,2022-04-01,West,Furniture,Study Desk,2,9381.82,0.05,17825.46,6425.46,2022,4
ORD-105544,2023-10-19,North,Office Supplies,Pen Set,4,175.95,0.05,668.61,380.61,2023,10
ORD-104269,2024-05-19,West,Furniture,Sofa Set,2,31495.08,0.05,59840.65,15040.65,2024,5
ORD-104868,2023-06-24,East,Clothing,Jeans,1,1790.03,0.2,1432.02,442.02,2023,6
ORD-100977,2023-05-06,South,Furniture,Study Desk,2,9591.23,0.0,19182.46,7782.46,2023,5
ORD-103306,2022-03-30,North,Home & Kitchen,Air Fryer,3,6602.97,0.1,17828.02,4568.02,2022,3
ORD-103131,2024-10-13,North,Clothing,Jacket,5,3586.66,0.05,17036.63,6536.63,2024,10
ORD-101195,2022-09-13,North,Home & Kitchen,Water Bottle,7,486.41,0.0,3404.87,2004.87,2022,9
ORD-105965,2022-11-03,South,Electronics,Headphones,2,3557.28,0.15,6047.38,2197.38,2022,11
ORD-105208,2022-04-13,South,Home & Kitchen,Mixer Grinder,3,4188.32,0.15,10680.22,2490.22,2022,4
ORD-103825,2023-10-14,East,Electronics,Smartphone,3,24261.19,0.15,61866.03,4266.03,2023,10
ORD-103703,2024-03-02,South,Office Supplies,Notebook Pack,3,248.3,0.1,670.41,332.91,2024,3
ORD-104498,2024-08-30,South,Clothing,Jeans,3,1836.9,0.0,5510.7,2540.7,2024,8
ORD-101018,2022-03-01,East,Electronics,Laptop,2,52202.66,0.1,93964.79,12844.79,2022,3
ORD-105747,2024-11-24,West,Electronics,Smartwatch,3,8188.15,0.05,23336.23,7736.23,2024,11
ORD-100381,2024-11-10,North,Home & Kitchen,Air Fryer,1,6494.67,0.0,6494.67,2074.67,2024,11
ORD-105527,2022-09-20,West,Clothing,Jacket,4,3426.08,0.05,13019.1,4619.1,2022,9
ORD-102024,2023-07-10,South,Office Supplies,Notebook Pack,1,247.72,0.05,235.33,122.83,2023,7
ORD-103807,2023-12-28,East,Electronics,Smartphone,3,24220.74,0.0,72662.22,15062.22,2023,12
ORD-101153,2022-07-26,South,Clothing,T-Shirt,1,688.8,0.0,688.8,338.8,2022,7
ORD-101420,2024-03-24,North,Electronics,Headphones,7,3598.45,0.15,21410.78,7935.78,2024,3
ORD-102759,2023-09-26,West,Furniture,Office Chair,3,7481.55,0.05,21322.42,7372.42,2023,9
ORD-104626,2024-08-24,West,Office Supplies,Notebook Pack,6,252.91,0.0,1517.46,842.46,2024,8
ORD-105421,2023-08-16,North,Electronics,Headphones,6,3455.63,0.05,19697.09,8147.09,2023,8
ORD-105079,2024-04-07,North,Clothing,Sneakers,5,2958.54,0.05,14053.07,4753.07,2024,4
ORD-100124,2022-03-03,North,Electronics,Smartphone,3,24005.67,0.0,72017.01,14417.01,2022,3
ORD-101535,2023-08-07,East,Home & Kitchen,Water Bottle,2,499.9,0.05,949.81,549.81,2023,8
ORD-105577,2024-02-22,West,Furniture,Bookshelf,2,6031.65,0.0,12063.3,5103.3,2024,2
ORD-104693,2024-08-29,East,Furniture,Sofa Set,1,32218.33,0.15,27385.58,4985.58,2024,8
ORD-103624,2024-02-12,North,Clothing,Sneakers,2,3006.98,0.1,5412.56,1692.56,2024,2
ORD-104066,2022-12-13,North,Office Supplies,Pen Set,4,180.52,0.2,577.66,289.66,2022,12
ORD-100486,2023-07-30,North,Office Supplies,Notebook Pack,2,243.93,0.05,463.47,238.47,2023,7
ORD-105482,2023-03-08,East,Electronics,Headphones,2,3520.74,0.1,6337.33,2487.33,2023,3
ORD-104196,2022-06-10,East,Electronics,Headphones,6,3602.49,0.0,21614.94,10064.94,2022,6
ORD-104053,2023-07-01,South,Office Supplies,Pen Set,5,181.3,0.0,906.5,546.5,2023,7
ORD-104535,2022-05-06,East,Office Supplies,Pen Set,3,179.92,0.05,512.77,296.77,2022,5
ORD-100135,2022-02-04,East,Office Supplies,Notebook Pack,2,242.98,0.05,461.66,236.66,2022,2
ORD-101161,2024-01-24,North,Office Supplies,Pen Set,4,178.35,0.15,606.39,318.39,2024,1
ORD-102859,2023-07-11,West,Furniture,Study Desk,1,9751.4,0.05,9263.83,3563.83,2023,7
ORD-103360,2023-01-25,North,Office Supplies,Notebook Pack,3,247.44,0.05,705.2,367.7,2023,1
ORD-105041,2022-07-23,East,Office Supplies,Notebook Pack,3,251.97,0.2,604.73,267.23,2022,7
ORD-103100,2024-11-24,South,Office Supplies,Notebook Pack,5,249.5,0.05,1185.12,622.62,2024,11
ORD-103203,2024-01-20,South,Office Supplies,Pen Set,6,181.21,0.05,1032.9,600.9,2024,1
ORD-100969,2022-10-02,North,Clothing,T-Shirt,5,714.86,0.05,3395.59,1645.59,2022,10
ORD-103166,2022-05-14,North,Clothing,T-Shirt,4,693.61,0.0,2774.44,1374.44,2022,5
ORD-103821,2023-12-27,South,Home & Kitchen,Water Bottle,6,487.51,0.05,2778.81,1578.81,2023,12
ORD-105461,2022-06-01,South,Office Supplies,Pen Set,6,184.42,0.05,1051.19,619.19,2022,6
ORD-105503,2023-12-25,North,Clothing,T-Shirt,5,694.66,0.05,3299.63,1549.63,2023,12
ORD-100807,2022-08-20,North,Home & Kitchen,Water Bottle,5,507.96,0.1,2285.82,1285.82,2022,8
ORD-104019,2024-04-11,West,Clothing,Jacket,3,3565.46,0.0,10696.38,4396.38,2024,4
ORD-105008,2024-03-21,North,Office Supplies,Notebook Pack,6,251.61,0.15,1283.21,608.21,2024,3
ORD-105149,2022-12-09,North,Clothing,Jeans,4,1765.4,0.2,5649.28,1689.28,2022,12
ORD-105283,2023-04-10,West,Electronics,Smartphone,3,24315.65,0.15,62004.91,4404.91,2023,4
ORD-104562,2022-12-06,North,Home & Kitchen,Mixer Grinder,6,4160.84,0.0,24965.04,8585.04,2022,12
ORD-104624,2022-05-31,North,Office Supplies,File Organizer,1,442.89,0.05,420.75,195.75,2022,5
ORD-103706,2023-02-11,South,Clothing,Sneakers,1,3073.2,0.0,3073.2,1213.2,2023,2
ORD-104697,2023-08-04,West,Clothing,T-Shirt,7,709.13,0.05,4715.71,2265.71,2023,8
ORD-104304,2022-01-19,West,Home & Kitchen,Air Fryer,3,6440.86,0.1,17390.32,4130.32,2022,1
ORD-100354,2023-07-21,West,Office Supplies,Notebook Pack,3,244.47,0.0,733.41,395.91,2023,7
ORD-104379,2022-02-09,South,Electronics,Laptop,3,52373.02,0.05,149263.11,27583.11,2022,2
ORD-102569,2024-12-28,South,Clothing,Sneakers,4,2936.05,0.1,10569.78,3129.78,2024,12
ORD-101732,2024-05-11,East,Office Supplies,Notebook Pack,7,248.45,0.1,1565.23,777.73,2024,5
ORD-103657,2023-05-25,East,Electronics,Smartphone,1,23713.91,0.0,23713.91,4513.91,2023,5
ORD-100144,2023-07-29,South,Clothing,T-Shirt,1,680.96,0.1,612.86,262.86,2023,7
ORD-100380,2023-10-22,South,Clothing,Jeans,5,1794.72,0.05,8524.92,3574.92,2023,10
ORD-104336,2022-01-28,South,Clothing,T-Shirt,5,686.02,0.1,3087.09,1337.09,2022,1
ORD-101580,2024-10-03,North,Office Supplies,Notebook Pack,6,253.83,0.0,1522.98,847.98,2024,10
ORD-103575,2023-04-20,South,Clothing,T-Shirt,4,710.97,0.1,2559.49,1159.49,2023,4
ORD-100121,2024-01-21,East,Office Supplies,Pen Set,3,177.15,0.0,531.45,315.45,2024,1
ORD-100611,2024-01-26,North,Office Supplies,Notebook Pack,4,254.39,0.05,966.68,516.68,2024,1
ORD-101662,2024-06-15,East,Clothing,Jeans,2,1794.18,0.0,3588.36,1608.36,2024,6
ORD-101175,2024-05-12,South,Electronics,Laptop,3,53330.23,0.0,159990.69,38310.69,2024,5
ORD-100418,2022-09-20,North,Home & Kitchen,Cookware Set,5,3840.49,0.0,19202.45,8752.45,2022,9
ORD-103404,2024-09-22,South,Clothing,Jacket,4,3603.5,0.0,14414.0,6014.0,2024,9
ORD-102531,2024-01-08,West,Electronics,Smartphone,2,23372.16,0.0,46744.32,8344.32,2024,1
ORD-101498,2023-03-05,North,Clothing,Jeans,1,1834.52,0.0,1834.52,844.52,2023,3
ORD-104428,2022-10-31,North,Office Supplies,Pen Set,1,179.38,0.05,170.41,98.41,2022,10
ORD-100555,2022-10-27,West,Office Supplies,Pen Set,7,176.84,0.0,1237.88,733.88,2022,10
ORD-103680,2024-04-29,West,Clothing,T-Shirt,5,718.77,0.1,3234.47,1484.47,2024,4
ORD-104445,2023-07-11,North,Electronics,Smartphone,1,24269.79,0.0,24269.79,5069.79,2023,7
ORD-101718,2024-01-31,West,Clothing,Sneakers,1,2922.01,0.05,2775.91,915.91,2024,1
ORD-100248,2023-04-05,North,Clothing,T-Shirt,3,686.22,0.15,1749.86,699.86,2023,4
ORD-100932,2023-05-11,North,Clothing,T-Shirt,2,689.96,0.0,1379.92,679.92,2023,5
ORD-104773,2023-06-28,North,Clothing,T-Shirt,3,712.67,0.05,2031.11,981.11,2023,6
ORD-100447,2023-12-13,North,Office Supplies,Printer,1,9129.16,0.05,8672.7,1922.7,2023,12
ORD-105627,2024-05-31,East,Home & Kitchen,Water Bottle,7,500.2,0.0,3501.4,2101.4,2024,5
ORD-104801,2022-10-03,North,Office Supplies,Notebook Pack,3,242.72,0.15,618.94,281.44,2022,10
ORD-102486,2024-06-04,East,Home & Kitchen,Water Bottle,7,501.41,0.05,3334.38,1934.38,2024,6
ORD-104962,2023-08-13,East,Home & Kitchen,Water Bottle,3,500.66,0.0,1501.98,901.98,2023,8
ORD-104216,2024-02-25,North,Clothing,Jeans,1,1844.62,0.1,1660.16,670.16,2024,2
ORD-105072,2023-07-05,East,Home & Kitchen,Air Fryer,1,6631.89,0.0,6631.89,2211.89,2023,7
ORD-103790,2022-10-16,East,Office Supplies,Notebook Pack,7,257.1,0.1,1619.73,832.23,2022,10
ORD-103720,2024-01-07,South,Clothing,Jacket,5,3495.06,0.1,15727.77,5227.77,2024,1
ORD-102166,2024-10-07,North,Clothing,Jeans,3,1767.42,0.0,5302.26,2332.26,2024,10
ORD-102339,2022-04-08,South,Clothing,Jacket,7,3495.46,0.1,22021.4,7321.4,2022,4
ORD-102706,2024-10-05,East,Electronics,Headphones,2,3587.95,0.0,7175.9,3325.9,2024,10
ORD-101609,2023-06-12,West,Home & Kitchen,Cookware Set,7,3726.82,0.15,22174.58,7544.58,2023,6
ORD-103311,2024-11-11,East,Clothing,T-Shirt,4,695.91,0.05,2644.46,1244.46,2024,11
ORD-103524,2023-09-04,South,Electronics,Headphones,5,3561.55,0.0,17807.75,8182.75,2023,9
ORD-102436,2023-11-21,West,Office Supplies,Pen Set,3,174.64,0.0,523.92,307.92,2023,11
ORD-102694,2024-09-19,North,Clothing,Sneakers,7,3041.69,0.15,18098.06,5078.06,2024,9
ORD-100414,2022-02-13,South,Clothing,T-Shirt,3,696.37,0.05,1984.65,934.65,2022,2
ORD-100752,2022-11-05,East,Clothing,Sneakers,6,3056.67,0.0,18340.02,7180.02,2022,11
ORD-105074,2024-12-19,East,Home & Kitchen,Water Bottle,5,487.09,0.0,2435.45,1435.45,2024,12
ORD-101912,2024-10-15,West,Office Supplies,Pen Set,2,179.69,0.05,341.41,197.41,2024,10
ORD-101108,2024-12-30,South,Office Supplies,Notebook Pack,7,254.23,0.0,1779.61,992.11,2024,12
ORD-100654,2024-08-27,East,Office Supplies,File Organizer,2,460.35,0.05,874.66,424.66,2024,8
ORD-105013,2024-04-16,North,Office Supplies,Notebook Pack,6,252.06,0.05,1436.74,761.74,2024,4
ORD-105629,2023-01-05,South,Clothing,Jeans,2,1777.6,0.0,3555.2,1575.2,2023,1
ORD-103751,2023-09-10,West,Home & Kitchen,Cookware Set,1,3853.08,0.0,3853.08,1763.08,2023,9
ORD-103647,2023-04-23,West,Office Supplies,File Organizer,7,440.55,0.0,3083.85,1508.85,2023,4
ORD-101374,2024-12-11,West,Clothing,T-Shirt,2,718.05,0.15,1220.68,520.68,2024,12
ORD-102656,2023-04-29,South,Furniture,Office Chair,1,7384.25,0.1,6645.82,1995.82,2023,4
ORD-104166,2022-01-30,North,Home & Kitchen,Cookware Set,1,3709.7,0.0,3709.7,1619.7,2022,1
ORD-104915,2024-07-19,North,Home & Kitchen,Water Bottle,6,494.24,0.1,2668.9,1468.9,2024,7
ORD-100589,2022-02-07,South,Office Supplies,File Organizer,1,456.85,0.0,456.85,231.85,2022,2
ORD-105414,2024-04-17,West,Home & Kitchen,Water Bottle,1,508.42,0.15,432.16,232.16,2024,4
ORD-101149,2024-10-06,West,Clothing,T-Shirt,5,718.81,0.05,3414.35,1664.35,2024,10
ORD-105656,2024-10-21,South,Office Supplies,Notebook Pack,6,245.02,0.1,1323.11,648.11,2024,10
ORD-102633,2023-12-29,West,Clothing,Jeans,2,1770.89,0.1,3187.6,1207.6,2023,12
ORD-102846,2022-10-26,South,Home & Kitchen,Mixer Grinder,4,4131.45,0.0,16525.8,5605.8,2022,10
ORD-105897,2024-08-15,West,Office Supplies,Notebook Pack,7,242.73,0.15,1444.24,656.74,2024,8
ORD-105763,2024-11-07,North,Electronics,Smartwatch,2,7942.0,0.0,15884.0,5484.0,2024,11
ORD-105261,2023-11-19,South,Home & Kitchen,Cookware Set,5,3858.32,0.0,19291.6,8841.6,2023,11
ORD-100701,2023-01-31,North,Clothing,T-Shirt,6,710.45,0.0,4262.7,2162.7,2023,1
ORD-105112,2024-05-15,South,Electronics,Headphones,5,3551.41,0.05,16869.2,7244.2,2024,5
ORD-102067,2024-12-08,North,Office Supplies,Pen Set,6,174.97,0.1,944.84,512.84,2024,12
ORD-103313,2023-12-17,West,Clothing,T-Shirt,1,701.34,0.05,666.27,316.27,2023,12
ORD-104162,2024-09-03,South,Office Supplies,Pen Set,1,178.0,0.0,178.0,106.0,2024,9
ORD-102080,2023-04-26,North,Furniture,Study Desk,2,9476.95,0.1,17058.51,5658.51,2023,4
ORD-100208,2022-06-16,North,Electronics,Smartphone,2,24214.59,0.15,41164.8,2764.8,2022,6
ORD-101983,2022-11-04,South,Home & Kitchen,Water Bottle,7,488.6,0.0,3420.2,2020.2,2022,11
ORD-103263,2023-08-02,South,Home & Kitchen,Air Fryer,2,6308.31,0.1,11354.96,2514.96,2023,8
ORD-100425,2024-07-05,North,Electronics,Laptop,2,52070.61,0.2,83312.98,2192.98,2024,7
ORD-101406,2024-12-03,East,Home & Kitchen,Water Bottle,4,509.54,0.1,1834.34,1034.34,2024,12
ORD-103946,2022-10-04,South,Home & Kitchen,Mixer Grinder,4,4229.33,0.1,15225.59,4305.59,2022,10
ORD-104112,2024-06-02,South,Office Supplies,Notebook Pack,1,250.38,0.1,225.34,112.84,2024,6
ORD-101393,2022-03-27,South,Clothing,Jacket,4,3535.71,0.0,14142.84,5742.84,2022,3
ORD-105402,2023-04-17,South,Electronics,Smartwatch,3,7958.61,0.0,23875.83,8275.83,2023,4
ORD-100110,2023-07-09,West,Electronics,Headphones,4,3434.41,0.05,13050.76,5350.76,2023,7
ORD-104516,2023-06-11,South,Electronics,Smartphone,3,23931.5,0.1,64615.05,7015.05,2023,6
ORD-102707,2022-10-24,North,Electronics,Smartphone,2,23486.67,0.1,42276.01,3876.01,2022,10
ORD-102420,2022-06-18,West,Office Supplies,Notebook Pack,4,257.03,0.0,1028.12,578.12,2022,6
ORD-101103,2024-08-13,West,Electronics,Smartphone,1,24549.46,0.05,23321.99,4121.99,2024,8
ORD-104546,2024-12-15,South,Clothing,T-Shirt,5,714.42,0.1,3214.89,1464.89,2024,12
ORD-104545,2022-12-07,South,Home & Kitchen,Mixer Grinder,3,4176.44,0.0,12529.32,4339.32,2022,12
ORD-104387,2022-07-27,West,Clothing,T-Shirt,2,700.06,0.1,1260.11,560.11,2022,7
ORD-104347,2024-09-21,East,Clothing,T-Shirt,3,692.49,0.1,1869.72,819.72,2024,9
ORD-103540,2024-10-02,West,Home & Kitchen,Water Bottle,2,488.19,0.0,976.38,576.38,2024,10
ORD-105829,2024-06-25,North,Electronics,Headphones,7,3596.56,0.0,25175.92,11700.92,2024,6
ORD-101261,2023-05-07,South,Home & Kitchen,Mixer Grinder,2,4207.41,0.1,7573.34,2113.34,2023,5
ORD-103918,2024-02-03,South,Electronics,Headphones,7,3530.56,0.0,24713.92,11238.92,2024,2
ORD-105060,2022-08-14,South,Office Supplies,Pen Set,6,185.04,0.1,999.22,567.22,2022,8
ORD-102124,2023-04-10,East,Home & Kitchen,Water Bottle,6,507.87,0.05,2894.86,1694.86,2023,4
ORD-100437,2023-09-02,North,Office Supplies,Notebook Pack,6,254.28,0.0,1525.68,850.68,2023,9
ORD-101477,2024-12-27,South,Office Supplies,Notebook Pack,1,252.86,0.1,227.57,115.07,2024,12
ORD-102998,2024-12-15,South,Home & Kitchen,Water Bottle,4,514.65,0.1,1852.74,1052.74,2024,12
ORD-103308,2023-12-02,North,Office Supplies,Notebook Pack,1,250.03,0.0,250.03,137.53,2023,12
ORD-105038,2024-09-29,South,Clothing,T-Shirt,3,698.43,0.05,1990.53,940.53,2024,9
ORD-105782,2023-07-19,North,Clothing,T-Shirt,6,682.46,0.0,4094.76,1994.76,2023,7
ORD-104441,2023-01-20,South,Office Supplies,Pen Set,6,175.21,0.2,841.01,409.01,2023,1
ORD-101176,2023-07-19,West,Electronics,Headphones,1,3604.32,0.15,3063.67,1138.67,2023,7
ORD-102934,2024-02-10,North,Home & Kitchen,Mixer Grinder,4,4115.68,0.0,16462.72,5542.72,2024,2
ORD-105961,2022-07-29,South,Furniture,Office Chair,3,7571.36,0.1,20442.67,6492.67,2022,7
ORD-101559,2024-09-11,North,Home & Kitchen,Cookware Set,1,3817.82,0.1,3436.04,1346.04,2024,9
ORD-100107,2022-12-04,West,Electronics,Headphones,2,3434.85,0.0,6869.7,3019.7,2022,12
ORD-103024,2023-01-19,South,Clothing,Jacket,6,3505.5,0.1,18929.7,6329.7,2023,1
ORD-102519,2022-10-09,West,Electronics,Headphones,3,3588.95,0.1,9690.16,3915.16,2022,10
ORD-101090,2022-11-03,North,Office Supplies,Printer,2,8989.67,0.05,17080.37,3580.37,2022,11
ORD-103288,2022-05-06,East,Office Supplies,Pen Set,4,183.72,0.15,624.65,336.65,2022,5
ORD-101720,2022-02-06,East,Furniture,Study Desk,1,9689.46,0.0,9689.46,3989.46,2022,2
ORD-102153,2024-07-02,North,Home & Kitchen,Cookware Set,4,3864.37,0.0,15457.48,7097.48,2024,7
ORD-100751,2023-01-31,North,Office Supplies,Notebook Pack,2,249.51,0.0,499.02,274.02,2023,1
ORD-105564,2024-11-07,East,Electronics,Smartwatch,2,7837.98,0.0,15675.96,5275.96,2024,11
ORD-100584,2024-10-26,West,Office Supplies,Printer,3,8879.23,0.2,21310.15,1060.15,2024,10
ORD-100196,2023-12-02,East,Clothing,Sneakers,5,2963.36,0.0,14816.8,5516.8,2023,12
ORD-102276,2023-10-24,North,Office Supplies,Pen Set,6,174.64,0.1,943.06,511.06,2023,10
ORD-104909,2022-10-11,East,Home & Kitchen,Water Bottle,6,486.02,0.05,2770.31,1570.31,2022,10
ORD-101002,2022-06-25,North,Clothing,T-Shirt,4,683.59,0.0,2734.36,1334.36,2022,6
ORD-103475,2023-06-12,North,Home & Kitchen,Water Bottle,6,494.6,0.05,2819.22,1619.22,2023,6
ORD-104793,2024-11-26,North,Home & Kitchen,Water Bottle,7,498.8,0.05,3317.02,1917.02,2024,11
ORD-104034,2022-06-19,West,Home & Kitchen,Water Bottle,2,511.53,0.0,1023.06,623.06,2022,6
ORD-102513,2022-05-14,South,Home & Kitchen,Water Bottle,7,506.36,0.0,3544.52,2144.52,2022,5
ORD-104086,2023-10-09,North,Clothing,Jeans,4,1746.46,0.05,6636.55,2676.55,2023,10
ORD-101694,2024-02-24,North,Office Supplies,Notebook Pack,6,248.69,0.05,1417.53,742.53,2024,2
ORD-105721,2022-04-02,North,Clothing,T-Shirt,6,697.94,0.0,4187.64,2087.64,2022,4
ORD-102684,2022-12-17,South,Office Supplies,Notebook Pack,3,245.3,0.0,735.9,398.4,2022,12
ORD-102268,2024-04-13,East,Clothing,Jacket,1,3475.85,0.2,2780.68,680.68,2024,4
ORD-102087,2023-03-06,North,Furniture,Office Chair,3,7415.26,0.0,22245.78,8295.78,2023,3
ORD-100179,2024-05-10,East,Office Supplies,Pen Set,5,177.56,0.0,887.8,527.8,2024,5
ORD-104129,2024-10-19,South,Office Supplies,Pen Set,4,177.18,0.0,708.72,420.72,2024,10
ORD-102077,2022-09-06,East,Office Supplies,Notebook Pack,7,243.21,0.0,1702.47,914.97,2022,9
ORD-102985,2022-11-04,North,Clothing,Sneakers,4,2931.94,0.1,10554.98,3114.98,2022,11
ORD-103550,2024-09-07,West,Home & Kitchen,Water Bottle,7,490.53,0.05,3262.02,1862.02,2024,9
ORD-104867,2022-11-01,North,Electronics,Smartphone,2,23917.09,0.15,40659.05,2259.05,2022,11
ORD-103658,2024-09-23,East,Home & Kitchen,Water Bottle,6,485.09,0.15,2473.96,1273.96,2024,9
ORD-105235,2023-12-26,North,Clothing,T-Shirt,6,682.2,0.0,4093.2,1993.2,2023,12
ORD-101788,2024-08-31,West,Clothing,T-Shirt,7,710.01,0.1,4473.06,2023.06,2024,8
ORD-102887,2024-11-14,North,Clothing,T-Shirt,1,713.33,0.05,677.66,327.66,2024,11
ORD-105095,2023-10-24,South,Home & Kitchen,Mixer Grinder,6,4157.74,0.1,22451.8,6071.8,2023,10
ORD-101188,2022-07-05,North,Electronics,Smartwatch,1,8220.7,0.0,8220.7,3020.7,2022,7
ORD-104848,2022-07-05,West,Clothing,Sneakers,4,2965.53,0.1,10675.91,3235.91,2022,7
ORD-100090,2022-07-25,South,Electronics,Smartphone,3,24495.05,0.05,69810.89,12210.89,2022,7
ORD-101142,2024-08-06,East,Clothing,Sneakers,7,3044.78,0.05,20247.79,7227.79,2024,8
ORD-101869,2024-08-06,West,Clothing,Jeans,5,1826.23,0.05,8674.59,3724.59,2024,8
ORD-100624,2024-12-14,South,Electronics,Laptop,1,50925.63,0.0,50925.63,10365.63,2024,12
ORD-100069,2023-06-17,West,Electronics,Headphones,7,3502.75,0.1,22067.33,8592.33,2023,6
ORD-100889,2024-03-02,North,Clothing,Jeans,4,1852.96,0.15,6300.06,2340.06,2024,3
ORD-103050,2024-10-01,South,Electronics,Headphones,5,3469.38,0.05,16479.56,6854.56,2024,10
ORD-104661,2024-10-25,South,Clothing,Jeans,3,1846.17,0.0,5538.51,2568.51,2024,10
ORD-103800,2022-01-24,North,Electronics,Smartphone,2,24101.55,0.1,43382.79,4982.79,2022,1
ORD-102691,2023-04-13,East,Office Supplies,Notebook Pack,5,256.8,0.2,1027.2,464.7,2023,4
ORD-105242,2023-01-08,North,Office Supplies,File Organizer,5,447.27,0.0,2236.35,1111.35,2023,1
ORD-100877,2023-01-26,North,Office Supplies,Notebook Pack,6,242.81,0.15,1238.33,563.33,2023,1
ORD-102805,2022-11-08,North,Clothing,T-Shirt,4,686.89,0.2,2198.05,798.05,2022,11
ORD-100293,2022-05-17,North,Home & Kitchen,Water Bottle,5,496.02,0.05,2356.09,1356.09,2022,5
ORD-100445,2024-03-30,North,Electronics,Smartwatch,3,8169.26,0.1,22057.0,6457.0,2024,3
ORD-101600,2024-10-22,North,Home & Kitchen,Water Bottle,7,492.11,0.0,3444.77,2044.77,2024,10
ORD-105030,2022-01-12,West,Office Supplies,Pen Set,4,177.63,0.0,710.52,422.52,2022,1
ORD-104002,2024-08-26,West,Furniture,Study Desk,2,9508.88,0.1,17115.98,5715.98,2024,8
ORD-103917,2023-10-14,South,Office Supplies,Pen Set,1,185.16,0.0,185.16,113.16,2023,10
ORD-103206,2022-01-06,North,Clothing,T-Shirt,7,686.18,0.1,4322.93,1872.93,2022,1
ORD-104315,2023-12-20,South,Home & Kitchen,Air Fryer,2,6639.21,0.0,13278.42,4438.42,2023,12
ORD-100367,2024-02-16,West,Furniture,Study Desk,1,9587.23,0.15,8149.15,2449.15,2024,2
ORD-103882,2024-04-02,West,Clothing,Jeans,6,1804.25,0.0,10825.5,4885.5,2024,4
ORD-103547,2024-12-30,North,Clothing,Jeans,3,1801.18,0.2,4322.83,1352.83,2024,12
ORD-102251,2024-06-04,South,Electronics,Smartwatch,3,8068.82,0.0,24206.46,8606.46,2024,6
ORD-105637,2024-03-31,North,Clothing,Jacket,2,3519.43,0.15,5983.03,1783.03,2024,3
ORD-102543,2022-11-12,East,Home & Kitchen,Water Bottle,5,500.06,0.0,2500.3,1500.3,2022,11
ORD-102462,2022-05-06,South,Clothing,Jeans,2,1840.61,0.05,3497.16,1517.16,2022,5
ORD-102264,2023-10-30,South,Clothing,Jeans,2,1813.08,0.05,3444.85,1464.85,2023,10
ORD-103382,2024-10-30,West,Office Supplies,File Organizer,2,452.69,0.0,905.38,455.38,2024,10
ORD-102232,2022-05-11,North,Home & Kitchen,Water Bottle,7,487.65,0.1,3072.19,1672.19,2022,5
ORD-104685,2023-03-05,East,Clothing,T-Shirt,6,706.72,0.05,4028.3,1928.3,2023,3
ORD-100151,2024-10-08,South,Clothing,Jacket,2,3429.28,0.0,6858.56,2658.56,2024,10
ORD-101033,2024-10-17,North,Electronics,Headphones,4,3595.78,0.0,14383.12,6683.12,2024,10
ORD-100915,2024-11-24,East,Home & Kitchen,Cookware Set,5,3863.96,0.0,19319.8,8869.8,2024,11
ORD-102850,2023-04-12,North,Office Supplies,Pen Set,2,176.4,0.0,352.8,208.8,2023,4
ORD-105982,2024-08-01,West,Office Supplies,Pen Set,7,181.52,0.1,1143.58,639.58,2024,8
ORD-103872,2022-06-02,South,Clothing,Jeans,7,1752.05,0.0,12264.35,5334.35,2022,6
ORD-103859,2022-04-24,South,Office Supplies,File Organizer,7,461.23,0.1,2905.75,1330.75,2022,4
ORD-101951,2022-01-19,West,Clothing,T-Shirt,4,697.2,0.15,2370.48,970.48,2022,1
ORD-101433,2022-07-31,East,Electronics,Headphones,7,3555.75,0.05,23645.74,10170.74,2022,7
ORD-100748,2024-06-13,South,Office Supplies,Pen Set,4,176.16,0.05,669.41,381.41,2024,6
ORD-105548,2024-02-15,West,Office Supplies,Notebook Pack,7,246.8,0.0,1727.6,940.1,2024,2
ORD-101097,2024-07-20,South,Office Supplies,Notebook Pack,1,250.49,0.05,237.97,125.47,2024,7
ORD-105077,2022-07-21,North,Office Supplies,File Organizer,3,458.31,0.0,1374.93,699.93,2022,7
ORD-104237,2024-09-12,North,Furniture,Office Chair,3,7558.86,0.1,20408.92,6458.92,2024,9
ORD-101730,2024-11-17,West,Clothing,Jeans,1,1754.59,0.05,1666.86,676.86,2024,11
ORD-104540,2022-03-12,East,Home & Kitchen,Water Bottle,3,496.3,0.05,1414.45,814.45,2022,3
ORD-104442,2024-09-22,North,Home & Kitchen,Water Bottle,5,498.1,0.05,2365.97,1365.97,2024,9
ORD-102715,2022-10-20,North,Electronics,Laptop,2,52889.64,0.0,105779.28,24659.28,2022,10
ORD-100471,2023-07-30,North,Clothing,T-Shirt,6,698.24,0.1,3770.5,1670.5,2023,7
ORD-103128,2024-03-07,West,Office Supplies,Notebook Pack,6,255.17,0.1,1377.92,702.92,2024,3
ORD-103112,2024-03-31,South,Office Supplies,File Organizer,3,453.56,0.05,1292.65,617.65,2024,3
ORD-101235,2022-05-18,South,Clothing,Sneakers,3,3019.78,0.0,9059.34,3479.34,2022,5
ORD-103907,2024-09-25,East,Clothing,Sneakers,7,2998.65,0.2,16792.44,3772.44,2024,9
ORD-105809,2024-05-17,West,Home & Kitchen,Mixer Grinder,5,4249.38,0.05,20184.56,6534.56,2024,5
ORD-104230,2024-12-12,South,Office Supplies,File Organizer,1,448.83,0.05,426.39,201.39,2024,12
ORD-100896,2022-12-10,South,Home & Kitchen,Water Bottle,5,492.49,0.1,2216.2,1216.2,2022,12
ORD-105263,2024-09-30,North,Office Supplies,Notebook Pack,1,255.2,0.1,229.68,117.18,2024,9
ORD-100251,2024-09-11,East,Furniture,Study Desk,2,9393.71,0.0,18787.42,7387.42,2024,9
ORD-102226,2024-03-25,West,Clothing,Jeans,3,1847.09,0.0,5541.27,2571.27,2024,3
ORD-105781,2024-12-27,East,Clothing,T-Shirt,1,700.81,0.05,665.77,315.77,2024,12
ORD-102181,2024-12-05,East,Clothing,Sneakers,6,3047.74,0.1,16457.8,5297.8,2024,12
ORD-103106,2023-02-11,South,Furniture,Study Desk,3,9730.3,0.1,26271.81,9171.81,2023,2
ORD-100057,2023-11-05,East,Clothing,T-Shirt,2,714.82,0.1,1286.68,586.68,2023,11
ORD-103339,2023-09-21,East,Office Supplies,Notebook Pack,3,247.47,0.15,631.05,293.55,2023,9
ORD-100292,2024-11-01,North,Home & Kitchen,Cookware Set,6,3711.66,0.0,22269.96,9729.96,2024,11
ORD-103670,2023-03-19,West,Office Supplies,Notebook Pack,3,254.3,0.0,762.9,425.4,2023,3
ORD-104943,2024-12-19,North,Office Supplies,Pen Set,3,174.84,0.05,498.29,282.29,2024,12
ORD-103824,2024-04-13,West,Office Supplies,Pen Set,2,179.94,0.05,341.89,197.89,2024,4
ORD-103148,2024-09-02,South,Office Supplies,Pen Set,1,177.59,0.1,159.83,87.83,2024,9
ORD-101158,2023-06-16,West,Furniture,Office Chair,2,7465.63,0.2,11945.01,2645.01,2023,6
ORD-105302,2024-04-16,North,Home & Kitchen,Water Bottle,1,491.32,0.0,491.32,291.32,2024,4
ORD-101086,2024-05-27,East,Clothing,Sneakers,5,2987.2,0.2,11948.8,2648.8,2024,5
ORD-105615,2022-10-21,North,Electronics,Smartwatch,3,7793.27,0.15,19872.84,4272.84,2022,10
ORD-101743,2024-11-28,South,Home & Kitchen,Cookware Set,4,3834.32,0.0,15337.28,6977.28,2024,11
ORD-102473,2023-09-20,North,Electronics,Laptop,3,52873.52,0.0,158620.56,36940.56,2023,9
ORD-104105,2022-05-13,South,Office Supplies,Notebook Pack,5,242.87,0.0,1214.35,651.85,2022,5
ORD-101926,2023-03-10,South,Furniture,Office Chair,2,7475.71,0.15,12708.71,3408.71,2023,3
ORD-101268,2023-08-27,West,Home & Kitchen,Water Bottle,7,496.37,0.0,3474.59,2074.59,2023,8
ORD-102346,2024-09-06,West,Clothing,T-Shirt,3,680.1,0.15,1734.26,684.26,2024,9
ORD-100613,2024-12-19,East,Electronics,Headphones,5,3471.83,0.15,14755.28,5130.28,2024,12
ORD-105908,2022-12-24,West,Office Supplies,Pen Set,7,176.87,0.05,1176.19,672.19,2022,12
ORD-102406,2023-10-24,West,Furniture,Office Chair,3,7625.28,0.0,22875.84,8925.84,2023,10
ORD-101921,2023-01-01,East,Office Supplies,Pen Set,7,175.63,0.1,1106.47,602.47,2023,1
ORD-103085,2023-01-22,North,Electronics,Headphones,2,3440.4,0.05,6536.76,2686.76,2023,1
ORD-105542,2023-12-01,West,Office Supplies,Pen Set,2,182.43,0.0,364.86,220.86,2023,12
ORD-100505,2024-07-03,West,Electronics,Smartphone,2,23764.5,0.0,47529.0,9129.0,2024,7
ORD-104088,2022-04-14,North,Electronics,Smartwatch,2,8098.47,0.0,16196.94,5796.94,2022,4
ORD-100272,2022-03-19,South,Clothing,T-Shirt,4,701.45,0.15,2384.93,984.93,2022,3
ORD-103708,2023-06-20,South,Clothing,Sneakers,2,3053.0,0.0,6106.0,2386.0,2023,6
ORD-102236,2022-07-04,West,Home & Kitchen,Water Bottle,2,490.59,0.0,981.18,581.18,2022,7
ORD-101654,2024-11-16,North,Furniture,Bookshelf,1,6134.47,0.0,6134.47,2654.47,2024,11
ORD-102117,2022-02-28,South,Office Supplies,Notebook Pack,6,254.55,0.0,1527.3,852.3,2022,2
ORD-105138,2022-10-21,North,Office Supplies,Printer,2,9076.37,0.0,18152.74,4652.74,2022,10
ORD-100106,2023-07-01,North,Home & Kitchen,Water Bottle,6,489.62,0.0,2937.72,1737.72,2023,7
ORD-101729,2023-05-01,North,Electronics,Smartwatch,2,8235.31,0.0,16470.62,6070.62,2023,5
ORD-101219,2022-04-04,West,Furniture,Office Chair,1,7353.67,0.1,6618.3,1968.3,2022,4
ORD-101755,2023-11-13,North,Home & Kitchen,Cookware Set,3,3704.97,0.1,10003.42,3733.42,2023,11
ORD-101310,2023-04-26,West,Office Supplies,Pen Set,6,182.43,0.2,875.66,443.66,2023,4
ORD-104756,2023-05-23,North,Home & Kitchen,Mixer Grinder,1,4182.5,0.05,3973.38,1243.38,2023,5
ORD-103541,2023-10-14,North,Home & Kitchen,Water Bottle,2,498.67,0.05,947.47,547.47,2023,10
ORD-101024,2024-02-02,North,Electronics,Headphones,1,3526.26,0.0,3526.26,1601.26,2024,2
ORD-105398,2024-03-06,North,Electronics,Smartwatch,3,8137.95,0.0,24413.85,8813.85,2024,3
ORD-100416,2022-07-13,South,Office Supplies,Pen Set,4,183.2,0.05,696.16,408.16,2022,7
ORD-103916,2023-09-18,West,Clothing,T-Shirt,4,680.33,0.0,2721.32,1321.32,2023,9
ORD-102836,2024-01-21,East,Clothing,Jeans,4,1770.19,0.05,6726.72,2766.72,2024,1
ORD-104706,2022-05-01,South,Home & Kitchen,Water Bottle,4,514.8,0.0,2059.2,1259.2,2022,5
ORD-100564,2024-01-20,West,Office Supplies,Pen Set,7,183.44,0.0,1284.08,780.08,2024,1
ORD-100478,2024-01-02,South,Office Supplies,Notebook Pack,2,250.76,0.2,401.22,176.22,2024,1
ORD-102199,2024-02-06,East,Furniture,Study Desk,2,9217.89,0.0,18435.78,7035.78,2024,2
ORD-100142,2024-11-11,East,Electronics,Headphones,3,3443.6,0.0,10330.8,4555.8,2024,11
ORD-103721,2023-09-14,West,Home & Kitchen,Water Bottle,7,506.1,0.05,3365.57,1965.57,2023,9
ORD-105684,2023-05-29,South,Home & Kitchen,Air Fryer,1,6316.67,0.05,6000.84,1580.84,2023,5
ORD-101221,2022-10-06,North,Furniture,Study Desk,3,9370.64,0.0,28111.92,11011.92,2022,10
ORD-104515,2023-01-01,South,Furniture,Office Chair,3,7491.94,0.05,21352.03,7402.03,2023,1
ORD-100605,2024-06-14,South,Electronics,Headphones,3,3538.54,0.0,10615.62,4840.62,2024,6
ORD-104728,2023-12-07,North,Clothing,Sneakers,7,3084.06,0.0,21588.42,8568.42,2023,12
ORD-104710,2024-06-26,East,Home & Kitchen,Mixer Grinder,2,4155.4,0.1,7479.72,2019.72,2024,6
ORD-104589,2024-09-28,West,Clothing,T-Shirt,5,681.09,0.0,3405.45,1655.45,2024,9
ORD-104040,2023-06-23,South,Electronics,Laptop,3,50454.19,0.0,151362.57,29682.57,2023,6
ORD-103315,2022-04-02,North,Home & Kitchen,Water Bottle,4,493.76,0.05,1876.29,1076.29,2022,4
ORD-103552,2023-02-28,West,Clothing,Jeans,5,1760.98,0.0,8804.9,3854.9,2023,2
ORD-105726,2024-01-22,West,Office Supplies,Pen Set,7,183.8,0.2,1029.28,525.28,2024,1
ORD-100721,2023-06-13,West,Office Supplies,Pen Set,3,185.01,0.05,527.28,311.28,2023,6
ORD-105832,2023-02-13,South,Clothing,T-Shirt,4,704.25,0.2,2253.6,853.6,2023,2
ORD-101025,2023-01-04,South,Office Supplies,File Organizer,6,440.2,0.1,2377.08,1027.08,2023,1
ORD-104764,2023-06-19,North,Clothing,Jeans,5,1844.16,0.2,7376.64,2426.64,2023,6
ORD-105898,2023-09-30,North,Office Supplies,Pen Set,6,175.28,0.2,841.34,409.34,2023,9
ORD-102288,2022-09-22,West,Office Supplies,Pen Set,2,175.37,0.05,333.2,189.2,2022,9
ORD-101193,2024-12-12,North,Office Supplies,File Organizer,3,455.04,0.1,1228.61,553.61,2024,12
ORD-102358,2024-12-23,West,Home & Kitchen,Cookware Set,2,3687.71,0.0,7375.42,3195.42,2024,12
ORD-104952,2022-11-01,West,Office Supplies,Pen Set,4,182.56,0.05,693.73,405.73,2022,11
ORD-101803,2024-03-12,North,Office Supplies,File Organizer,2,445.23,0.05,845.94,395.94,2024,3
ORD-105498,2022-02-05,South,Clothing,T-Shirt,6,688.05,0.2,3302.64,1202.64,2022,2
ORD-104762,2024-10-30,North,Furniture,Bookshelf,2,5903.61,0.05,11216.86,4256.86,2024,10
ORD-102350,2022-03-23,North,Home & Kitchen,Cookware Set,5,3863.66,0.1,17386.47,6936.47,2022,3
ORD-103080,2022-10-16,North,Office Supplies,Printer,1,8733.21,0.2,6986.57,236.57,2022,10
ORD-100336,2022-05-12,West,Office Supplies,Pen Set,1,178.42,0.0,178.42,106.42,2022,5
ORD-105386,2022-04-30,North,Electronics,Smartwatch,1,8182.2,0.05,7773.09,2573.09,2022,4
ORD-102110,2023-09-19,South,Office Supplies,Notebook Pack,7,252.4,0.05,1678.46,890.96,2023,9
ORD-105501,2023-09-05,East,Office Supplies,File Organizer,2,458.55,0.0,917.1,467.1,2023,9
ORD-105125,2022-03-03,North,Office Supplies,Notebook Pack,1,255.84,0.0,255.84,143.34,2022,3
ORD-104676,2022-06-02,North,Office Supplies,File Organizer,7,460.31,0.05,3061.06,1486.06,2022,6
ORD-104038,2023-04-10,South,Office Supplies,File Organizer,5,448.74,0.0,2243.7,1118.7,2023,4
ORD-101562,2024-10-03,West,Electronics,Headphones,5,3559.07,0.0,17795.35,8170.35,2024,10
ORD-104591,2023-08-25,East,Home & Kitchen,Mixer Grinder,7,4321.37,0.2,24199.67,5089.67,2023,8
ORD-105774,2022-10-17,South,Furniture,Sofa Set,2,32891.63,0.1,59204.93,14404.93,2022,10
ORD-100724,2022-05-22,West,Office Supplies,Pen Set,7,181.22,0.0,1268.54,764.54,2022,5
ORD-100765,2022-01-14,West,Clothing,Jeans,7,1759.78,0.05,11702.54,4772.54,2022,1
ORD-100286,2022-03-13,South,Office Supplies,File Organizer,1,457.74,0.05,434.85,209.85,2022,3
ORD-105688,2024-06-01,South,Clothing,T-Shirt,2,693.6,0.0,1387.2,687.2,2024,6
ORD-100307,2024-01-08,West,Home & Kitchen,Air Fryer,1,6643.1,0.05,6310.94,1890.94,2024,1
ORD-102292,2023-12-12,South,Office Supplies,Pen Set,2,174.79,0.15,297.14,153.14,2023,12
ORD-104783,2023-11-19,North,Office Supplies,Notebook Pack,4,242.96,0.0,971.84,521.84,2023,11
ORD-104174,2024-06-22,North,Furniture,Bookshelf,2,5903.28,0.1,10625.9,3665.9,2024,6
ORD-105571,2022-01-29,West,Home & Kitchen,Water Bottle,5,506.21,0.05,2404.5,1404.5,2022,1
ORD-104328,2024-08-14,West,Office Supplies,Pen Set,4,181.42,0.0,725.68,437.68,2024,8
ORD-101302,2024-05-17,West,Home & Kitchen,Cookware Set,1,3744.73,0.0,3744.73,1654.73,2024,5
ORD-100711,2024-02-20,East,Home & Kitchen,Air Fryer,3,6341.39,0.1,17121.75,3861.75,2024,2
ORD-101020,2024-10-05,West,Home & Kitchen,Water Bottle,5,513.55,0.0,2567.75,1567.75,2024,10
ORD-101561,2023-12-14,North,Office Supplies,Notebook Pack,6,251.88,0.05,1435.72,760.72,2023,12
ORD-101665,2024-08-25,East,Office Supplies,Pen Set,4,180.0,0.05,684.0,396.0,2024,8
ORD-100737,2023-01-03,South,Clothing,T-Shirt,5,711.65,0.0,3558.25,1808.25,2023,1
ORD-103162,2022-07-12,West,Clothing,Jeans,1,1750.41,0.05,1662.89,672.89,2022,7
ORD-103833,2023-07-25,South,Clothing,Jacket,7,3502.58,0.05,23292.16,8592.16,2023,7
ORD-101934,2024-04-01,North,Clothing,T-Shirt,1,698.97,0.05,664.02,314.02,2024,4
ORD-105707,2024-08-13,West,Electronics,Headphones,6,3550.06,0.05,20235.34,8685.34,2024,8
ORD-102245,2022-09-19,North,Furniture,Office Chair,1,7681.04,0.0,7681.04,3031.04,2022,9
ORD-104338,2023-09-10,East,Office Supplies,Notebook Pack,4,244.82,0.15,832.39,382.39,2023,9
ORD-103617,2022-08-03,South,Electronics,Smartphone,3,23744.49,0.1,64110.12,6510.12,2022,8
ORD-101095,2023-05-17,East,Office Supplies,Notebook Pack,1,251.55,0.0,251.55,139.05,2023,5
ORD-103563,2022-09-03,South,Clothing,T-Shirt,7,714.6,0.05,4752.09,2302.09,2022,9
ORD-103375,2023-06-03,North,Furniture,Bookshelf,3,5951.18,0.05,16960.86,6520.86,2023,6
ORD-105947,2024-02-11,North,Office Supplies,Pen Set,4,180.59,0.0,722.36,434.36,2024,2
ORD-102602,2023-07-10,North,Office Supplies,Notebook Pack,3,249.85,0.0,749.55,412.05,2023,7
ORD-104102,2023-10-28,South,Home & Kitchen,Water Bottle,1,506.46,0.1,455.81,255.81,2023,10
ORD-100978,2023-10-03,West,Clothing,Sneakers,2,3001.59,0.0,6003.18,2283.18,2023,10
ORD-101244,2023-03-16,South,Office Supplies,Pen Set,5,178.97,0.1,805.37,445.37,2023,3
ORD-105234,2024-04-01,North,Clothing,Jacket,3,3502.32,0.15,8930.92,2630.92,2024,4
ORD-103691,2023-12-03,North,Furniture,Office Chair,2,7315.48,0.0,14630.96,5330.96,2023,12
ORD-101345,2023-12-09,North,Clothing,T-Shirt,3,706.03,0.05,2012.19,962.19,2023,12
ORD-105413,2022-09-09,West,Clothing,T-Shirt,3,704.5,0.0,2113.5,1063.5,2022,9
ORD-100344,2024-06-15,West,Office Supplies,Notebook Pack,6,248.8,0.0,1492.8,817.8,2024,6
ORD-102306,2023-09-22,North,Clothing,Jeans,4,1783.35,0.0,7133.4,3173.4,2023,9
ORD-100911,2024-09-21,South,Clothing,T-Shirt,4,686.4,0.0,2745.6,1345.6,2024,9
ORD-105552,2023-03-08,East,Clothing,T-Shirt,3,680.56,0.05,1939.6,889.6,2023,3
ORD-100047,2022-12-20,West,Electronics,Headphones,5,3412.03,0.05,16207.14,6582.14,2022,12
ORD-100443,2022-09-14,West,Home & Kitchen,Mixer Grinder,3,4272.44,0.0,12817.32,4627.32,2022,9
ORD-104022,2023-01-20,North,Office Supplies,Notebook Pack,1,248.85,0.0,248.85,136.35,2023,1
ORD-105252,2022-11-21,West,Office Supplies,Notebook Pack,7,254.13,0.15,1512.07,724.57,2022,11
ORD-105913,2022-12-05,West,Office Supplies,Notebook Pack,2,254.79,0.1,458.62,233.62,2022,12
ORD-105874,2022-08-10,West,Office Supplies,File Organizer,1,441.92,0.0,441.92,216.92,2022,8
ORD-102273,2024-08-16,North,Clothing,Jacket,4,3410.03,0.0,13640.12,5240.12,2024,8
ORD-103164,2023-12-03,West,Office Supplies,File Organizer,6,463.08,0.1,2500.63,1150.63,2023,12
ORD-101357,2023-07-18,South,Electronics,Smartwatch,1,7854.95,0.05,7462.2,2262.2,2023,7
ORD-101669,2024-09-11,East,Office Supplies,File Organizer,4,457.71,0.05,1739.3,839.3,2024,9
ORD-102389,2022-04-12,North,Clothing,T-Shirt,2,717.06,0.0,1434.12,734.12,2022,4
ORD-101055,2024-02-20,West,Office Supplies,Pen Set,7,183.11,0.15,1089.5,585.5,2024,2
ORD-100848,2022-07-21,East,Furniture,Study Desk,3,9763.05,0.1,26360.23,9260.23,2022,7
ORD-102809,2022-08-11,South,Home & Kitchen,Cookware Set,6,3837.76,0.0,23026.56,10486.56,2022,8
ORD-105545,2022-12-22,East,Clothing,Jeans,7,1832.15,0.0,12825.05,5895.05,2022,12
ORD-102879,2022-01-02,West,Office Supplies,File Organizer,6,452.86,0.2,2173.73,823.73,2022,1
ORD-105744,2024-02-26,South,Office Supplies,Pen Set,1,180.87,0.0,180.87,108.87,2024,2
ORD-104384,2024-08-16,South,Clothing,Sneakers,5,3056.32,0.15,12989.36,3689.36,2024,8
ORD-105340,2023-02-22,North,Clothing,T-Shirt,2,713.37,0.0,1426.74,726.74,2023,2
ORD-101112,2023-12-20,West,Clothing,Jeans,7,1819.71,0.1,11464.17,4534.17,2023,12
ORD-104326,2022-03-26,West,Office Supplies,Notebook Pack,2,254.19,0.05,482.96,257.96,2022,3
ORD-100776,2023-12-19,South,Office Supplies,Pen Set,5,182.61,0.0,913.05,553.05,2023,12
ORD-105815,2024-06-27,West,Clothing,Jacket,3,3572.86,0.0,10718.58,4418.58,2024,6
ORD-100183,2023-01-22,North,Clothing,Jeans,6,1801.77,0.0,10810.62,4870.62,2023,1
ORD-103070,2022-01-25,South,Furniture,Bookshelf,2,5980.8,0.05,11363.52,4403.52,2022,1
ORD-104200,2022-09-29,South,Clothing,Jeans,2,1764.99,0.1,3176.98,1196.98,2022,9
ORD-104648,2023-01-14,East,Office Supplies,Notebook Pack,4,256.38,0.05,974.24,524.24,2023,1
ORD-100734,2022-03-28,North,Electronics,Headphones,7,3600.72,0.0,25205.04,11730.04,2022,3
ORD-104359,2024-05-03,West,Clothing,Jacket,7,3473.95,0.1,21885.88,7185.88,2024,5
ORD-101168,2024-07-23,West,Clothing,T-Shirt,2,691.17,0.0,1382.34,682.34,2024,7
ORD-102215,2022-05-03,East,Electronics,Smartphone,3,24580.0,0.05,70053.0,12453.0,2022,5
ORD-103978,2023-08-21,East,Electronics,Headphones,7,3481.43,0.0,24370.01,10895.01,2023,8
ORD-102144,2023-01-12,East,Clothing,T-Shirt,1,701.06,0.1,630.95,280.95,2023,1
ORD-100485,2023-05-27,West,Home & Kitchen,Cookware Set,2,3741.46,0.0,7482.92,3302.92,2023,5
ORD-102977,2024-03-30,North,Home & Kitchen,Water Bottle,7,503.19,0.05,3346.21,1946.21,2024,3
ORD-100452,2024-03-29,West,Office Supplies,File Organizer,7,453.76,0.05,3017.5,1442.5,2024,3
ORD-105922,2024-05-08,West,Clothing,Jacket,1,3472.19,0.15,2951.36,851.36,2024,5
ORD-102673,2023-07-27,North,Furniture,Office Chair,2,7677.94,0.1,13820.29,4520.29,2023,7
ORD-104709,2023-03-03,North,Clothing,Jeans,6,1808.09,0.0,10848.54,4908.54,2023,3
ORD-100030,2024-05-06,South,Office Supplies,Pen Set,7,182.14,0.0,1274.98,770.98,2024,5
ORD-103686,2023-03-05,North,Home & Kitchen,Air Fryer,1,6329.5,0.1,5696.55,1276.55,2023,3
ORD-101370,2022-05-14,South,Office Supplies,Notebook Pack,7,250.86,0.05,1668.22,880.72,2022,5
ORD-103494,2022-06-25,South,Electronics,Headphones,7,3400.18,0.05,22611.2,9136.2,2022,6
ORD-101109,2022-09-13,East,Electronics,Smartwatch,2,7898.37,0.1,14217.07,3817.07,2022,9
ORD-100100,2024-10-19,East,Clothing,T-Shirt,6,700.14,0.05,3990.8,1890.8,2024,10
ORD-104187,2022-07-01,West,Office Supplies,Pen Set,3,180.33,0.15,459.84,243.84,2022,7
ORD-102476,2022-07-13,South,Clothing,Sneakers,7,3083.62,0.0,21585.34,8565.34,2022,7
ORD-103320,2022-01-19,South,Clothing,Jacket,2,3428.06,0.0,6856.12,2656.12,2022,1
ORD-101634,2024-12-18,East,Electronics,Headphones,7,3542.42,0.0,24796.94,11321.94,2024,12
ORD-101966,2024-04-20,South,Office Supplies,File Organizer,1,446.96,0.05,424.61,199.61,2024,4
ORD-101544,2023-07-22,South,Clothing,T-Shirt,1,704.72,0.0,704.72,354.72,2023,7
ORD-103939,2022-05-10,East,Clothing,Jacket,7,3403.32,0.1,21440.92,6740.92,2022,5
ORD-100861,2024-04-21,South,Home & Kitchen,Cookware Set,2,3785.29,0.15,6434.99,2254.99,2024,4
ORD-100903,2023-08-07,South,Office Supplies,Notebook Pack,3,246.25,0.1,664.88,327.38,2023,8
ORD-103781,2024-08-10,East,Office Supplies,File Organizer,7,443.06,0.1,2791.28,1216.28,2024,8
ORD-100109,2024-10-14,South,Clothing,T-Shirt,6,711.57,0.0,4269.42,2169.42,2024,10
ORD-101487,2023-07-24,North,Electronics,Laptop,1,53136.33,0.15,45165.88,4605.88,2023,7
ORD-105160,2024-12-24,South,Furniture,Office Chair,3,7671.82,0.1,20713.91,6763.91,2024,12
ORD-102905,2024-01-20,West,Office Supplies,Notebook Pack,2,257.37,0.0,514.74,289.74,2024,1
ORD-102093,2022-10-08,North,Home & Kitchen,Water Bottle,5,512.39,0.0,2561.95,1561.95,2022,10
ORD-101741,2022-10-25,North,Office Supplies,Pen Set,6,179.01,0.0,1074.06,642.06,2022,10
ORD-103697,2022-03-11,North,Office Supplies,Pen Set,5,183.59,0.05,872.05,512.05,2022,3
ORD-102004,2022-06-08,South,Clothing,Sneakers,5,2998.85,0.05,14244.54,4944.54,2022,6
ORD-105886,2022-11-23,West,Home & Kitchen,Water Bottle,3,506.72,0.05,1444.15,844.15,2022,11
ORD-103008,2022-04-22,West,Clothing,Jeans,6,1767.95,0.1,9546.93,3606.93,2022,4
ORD-102099,2022-11-01,West,Home & Kitchen,Water Bottle,7,486.62,0.1,3065.71,1665.71,2022,11
ORD-105133,2023-08-03,North,Home & Kitchen,Water Bottle,3,499.95,0.1,1349.87,749.87,2023,8
ORD-102272,2024-05-16,West,Home & Kitchen,Water Bottle,1,514.79,0.1,463.31,263.31,2024,5
ORD-105777,2023-10-18,South,Office Supplies,Notebook Pack,6,255.0,0.1,1377.0,702.0,2023,10
ORD-104076,2024-01-20,North,Clothing,T-Shirt,6,700.1,0.1,3780.54,1680.54,2024,1
ORD-101094,2023-11-20,West,Clothing,Jeans,6,1832.36,0.0,10994.16,5054.16,2023,11
ORD-101121,2022-06-03,West,Electronics,Laptop,1,52377.2,0.15,44520.62,3960.62,2022,6
ORD-100809,2024-12-25,West,Clothing,Sneakers,4,3067.16,0.0,12268.64,4828.64,2024,12
ORD-104155,2022-01-10,South,Office Supplies,Notebook Pack,2,246.89,0.0,493.78,268.78,2022,1
ORD-105948,2023-03-29,North,Office Supplies,File Organizer,3,443.13,0.05,1262.92,587.92,2023,3
ORD-104309,2023-12-27,South,Electronics,Headphones,6,3468.09,0.0,20808.54,9258.54,2023,12
ORD-103639,2023-10-05,North,Office Supplies,Notebook Pack,4,242.63,0.05,921.99,471.99,2023,10
ORD-104707,2023-06-07,North,Clothing,T-Shirt,5,699.39,0.15,2972.41,1222.41,2023,6
ORD-105792,2022-06-29,South,Clothing,Jeans,2,1850.05,0.1,3330.09,1350.09,2022,6
ORD-101480,2023-05-31,North,Office Supplies,File Organizer,6,444.98,0.1,2402.89,1052.89,2023,5
ORD-102812,2024-03-12,West,Clothing,T-Shirt,1,707.49,0.1,636.74,286.74,2024,3
ORD-104352,2024-01-28,East,Clothing,T-Shirt,5,700.48,0.0,3502.4,1752.4,2024,1
ORD-101747,2023-10-02,North,Clothing,Jeans,7,1752.11,0.0,12264.77,5334.77,2023,10
ORD-103599,2023-06-19,South,Clothing,T-Shirt,7,709.67,0.05,4719.31,2269.31,2023,6
ORD-103784,2023-09-25,West,Office Supplies,File Organizer,1,458.69,0.1,412.82,187.82,2023,9
ORD-105601,2022-04-06,North,Electronics,Headphones,3,3468.73,0.05,9885.88,4110.88,2022,4
ORD-105047,2024-08-04,East,Office Supplies,Pen Set,4,182.75,0.15,621.35,333.35,2024,8
ORD-104373,2022-08-10,North,Office Supplies,Notebook Pack,5,250.52,0.0,1252.6,690.1,2022,8
ORD-101867,2022-09-27,West,Furniture,Office Chair,3,7305.38,0.0,21916.14,7966.14,2022,9
ORD-102991,2024-07-26,North,Furniture,Office Chair,3,7521.22,0.0,22563.66,8613.66,2024,7
ORD-105767,2023-12-17,East,Clothing,Sneakers,3,3072.13,0.05,8755.57,3175.57,2023,12
ORD-102900,2023-04-16,West,Furniture,Office Chair,3,7653.51,0.0,22960.53,9010.53,2023,4
ORD-104954,2022-10-22,South,Home & Kitchen,Water Bottle,1,494.95,0.15,420.71,220.71,2022,10
ORD-104842,2022-12-07,East,Office Supplies,Notebook Pack,5,254.56,0.1,1145.52,583.02,2022,12
ORD-102447,2023-05-10,East,Clothing,Jeans,6,1760.9,0.05,10037.13,4097.13,2023,5
ORD-100518,2022-01-22,South,Furniture,Study Desk,2,9509.2,0.2,15214.72,3814.72,2022,1
ORD-100829,2022-11-16,South,Clothing,Jacket,1,3414.05,0.0,3414.05,1314.05,2022,11
ORD-105479,2024-12-31,North,Home & Kitchen,Air Fryer,1,6668.44,0.2,5334.75,914.75,2024,12
ORD-102291,2024-03-28,West,Home & Kitchen,Water Bottle,2,503.36,0.15,855.71,455.71,2024,3
ORD-100438,2024-05-06,East,Home & Kitchen,Air Fryer,3,6528.17,0.05,18605.28,5345.28,2024,5
ORD-100627,2022-04-29,South,Clothing,T-Shirt,6,711.66,0.0,4269.96,2169.96,2022,4
ORD-101507,2023-07-13,South,Home & Kitchen,Air Fryer,2,6547.35,0.15,11130.5,2290.5,2023,7
ORD-104141,2023-09-30,West,Home & Kitchen,Mixer Grinder,1,4313.41,0.1,3882.07,1152.07,2023,9
ORD-100925,2022-11-16,East,Furniture,Office Chair,1,7604.71,0.0,7604.71,2954.71,2022,11
ORD-103169,2023-12-06,North,Office Supplies,Notebook Pack,6,243.39,0.0,1460.34,785.34,2023,12
ORD-102548,2023-01-27,North,Clothing,Jacket,5,3481.55,0.05,16537.36,6037.36,2023,1
ORD-101052,2022-12-07,North,Office Supplies,Pen Set,4,183.26,0.0,733.04,445.04,2022,12
ORD-103006,2023-11-23,West,Electronics,Headphones,7,3530.07,0.0,24710.49,11235.49,2023,11
ORD-103948,2024-09-20,South,Clothing,Jeans,7,1806.5,0.1,11380.95,4450.95,2024,9
ORD-101173,2024-05-14,West,Clothing,Jeans,3,1762.41,0.1,4758.51,1788.51,2024,5
ORD-103418,2022-03-24,South,Office Supplies,File Organizer,1,452.51,0.1,407.26,182.26,2022,3
ORD-100944,2023-07-02,West,Office Supplies,Pen Set,2,181.86,0.0,363.72,219.72,2023,7
ORD-104183,2023-08-10,South,Electronics,Smartphone,3,24403.61,0.0,73210.83,15610.83,2023,8
ORD-102409,2024-11-07,South,Clothing,Jeans,5,1813.71,0.15,7708.27,2758.27,2024,11
ORD-100012,2024-01-14,East,Electronics,Laptop,2,50606.22,0.0,101212.44,20092.44,2024,1
ORD-101117,2024-06-23,North,Clothing,Jeans,4,1847.84,0.05,7021.79,3061.79,2024,6
ORD-102688,2022-11-18,West,Electronics,Smartphone,3,23960.15,0.2,57504.36,-95.64,2022,11
ORD-102820,2022-12-20,West,Office Supplies,Pen Set,1,184.7,0.0,184.7,112.7,2022,12
ORD-100642,2022-03-13,East,Furniture,Study Desk,1,9217.45,0.05,8756.58,3056.58,2022,3
ORD-104750,2022-09-18,North,Office Supplies,Notebook Pack,7,248.97,0.15,1481.37,693.87,2022,9
ORD-104537,2024-09-09,North,Clothing,Sneakers,3,3076.13,0.0,9228.39,3648.39,2024,9
ORD-101319,2024-08-26,West,Office Supplies,Notebook Pack,5,255.7,0.05,1214.58,652.08,2024,8
ORD-105086,2024-06-16,South,Clothing,Jacket,5,3504.42,0.1,15769.89,5269.89,2024,6
ORD-105708,2022-03-24,East,Office Supplies,Pen Set,3,177.08,0.1,478.12,262.12,2022,3
ORD-105623,2023-12-15,North,Clothing,Jeans,5,1769.28,0.0,8846.4,3896.4,2023,12
ORD-103667,2022-06-24,West,Home & Kitchen,Water Bottle,1,505.05,0.0,505.05,305.05,2022,6
ORD-103849,2022-12-15,West,Electronics,Smartphone,1,23504.67,0.0,23504.67,4304.67,2022,12
ORD-100653,2022-11-01,South,Office Supplies,File Organizer,6,451.54,0.0,2709.24,1359.24,2022,11
ORD-104629,2022-11-27,South,Clothing,T-Shirt,7,706.71,0.0,4946.97,2496.97,2022,11
ORD-105238,2023-06-18,West,Clothing,Jacket,2,3494.56,0.2,5591.3,1391.3,2023,6
ORD-103586,2023-04-24,West,Office Supplies,Notebook Pack,5,256.51,0.0,1282.55,720.05,2023,4
ORD-104144,2023-07-30,South,Office Supplies,File Organizer,7,460.73,0.1,2902.6,1327.6,2023,7
ORD-104394,2023-03-18,East,Clothing,Jeans,1,1770.97,0.15,1505.32,515.32,2023,3
ORD-105683,2023-11-18,South,Home & Kitchen,Water Bottle,4,499.51,0.0,1998.04,1198.04,2023,11
ORD-102323,2022-04-23,North,Home & Kitchen,Water Bottle,4,505.48,0.1,1819.73,1019.73,2022,4
ORD-100838,2023-05-28,South,Home & Kitchen,Water Bottle,3,512.06,0.0,1536.18,936.18,2023,5
ORD-101087,2024-05-25,North,Office Supplies,Notebook Pack,4,254.61,0.1,916.6,466.6,2024,5
ORD-102132,2024-12-24,West,Clothing,Sneakers,1,2923.08,0.0,2923.08,1063.08,2024,12
ORD-104519,2022-11-08,South,Home & Kitchen,Water Bottle,4,485.29,0.0,1941.16,1141.16,2022,11
ORD-104149,2023-05-23,North,Clothing,Jeans,7,1829.43,0.1,11525.41,4595.41,2023,5
ORD-102477,2022-09-14,West,Office Supplies,Pen Set,7,182.14,0.0,1274.98,770.98,2022,9
ORD-104257,2023-07-20,North,Office Supplies,Pen Set,6,179.06,0.05,1020.64,588.64,2023,7
ORD-100856,2024-04-24,West,Office Supplies,Notebook Pack,2,244.2,0.0,488.4,263.4,2024,4
ORD-101578,2024-12-27,West,Electronics,Laptop,2,53145.28,0.05,100976.03,19856.03,2024,12
ORD-102893,2023-12-11,East,Office Supplies,Notebook Pack,7,243.75,0.0,1706.25,918.75,2023,12
ORD-102559,2022-02-16,West,Home & Kitchen,Cookware Set,1,3788.93,0.0,3788.93,1698.93,2022,2
ORD-102271,2023-12-13,South,Electronics,Smartwatch,2,8193.36,0.1,14748.05,4348.05,2023,12
ORD-103817,2022-12-12,North,Electronics,Laptop,1,52675.27,0.05,50041.51,9481.51,2022,12
ORD-100693,2023-02-03,South,Home & Kitchen,Mixer Grinder,3,4101.38,0.0,12304.14,4114.14,2023,2
ORD-102778,2022-11-22,West,Home & Kitchen,Air Fryer,2,6399.36,0.0,12798.72,3958.72,2022,11
ORD-102801,2023-08-20,North,Office Supplies,Notebook Pack,4,245.75,0.1,884.7,434.7,2023,8
ORD-100188,2024-05-08,South,Clothing,T-Shirt,4,688.31,0.2,2202.59,802.59,2024,5
ORD-100287,2023-04-04,South,Home & Kitchen,Water Bottle,5,502.32,0.05,2386.02,1386.02,2023,4
ORD-103578,2024-05-06,North,Electronics,Headphones,3,3553.78,0.05,10128.27,4353.27,2024,5
ORD-101971,2024-12-07,North,Electronics,Smartwatch,2,8040.28,0.1,14472.5,4072.5,2024,12
ORD-102877,2023-05-07,East,Clothing,Jeans,7,1790.35,0.0,12532.45,5602.45,2023,5
ORD-105150,2024-01-31,South,Electronics,Smartwatch,1,8105.59,0.05,7700.31,2500.31,2024,1
ORD-103858,2024-03-26,South,Office Supplies,File Organizer,6,448.21,0.0,2689.26,1339.26,2024,3
ORD-104295,2023-05-09,North,Clothing,Jeans,5,1853.52,0.05,8804.22,3854.22,2023,5
ORD-102908,2024-10-30,South,Office Supplies,Pen Set,7,180.92,0.2,1013.15,509.15,2024,10
ORD-102671,2023-06-29,East,Office Supplies,Pen Set,4,176.98,0.0,707.92,419.92,2023,6
ORD-103410,2024-02-01,East,Office Supplies,Notebook Pack,1,252.89,0.0,252.89,140.39,2024,2
ORD-102227,2022-04-06,North,Electronics,Smartwatch,2,7846.45,0.1,14123.61,3723.61,2022,4
ORD-105376,2022-11-18,West,Home & Kitchen,Cookware Set,3,3761.14,0.05,10719.25,4449.25,2022,11
ORD-100210,2024-03-13,South,Electronics,Smartphone,3,23732.03,0.15,60516.68,2916.68,2024,3
ORD-101615,2022-10-07,East,Home & Kitchen,Mixer Grinder,6,4287.57,0.0,25725.42,9345.42,2022,10
ORD-101695,2023-09-23,South,Clothing,T-Shirt,6,719.6,0.0,4317.6,2217.6,2023,9
ORD-104713,2024-10-13,North,Furniture,Office Chair,1,7576.0,0.1,6818.4,2168.4,2024,10
ORD-102981,2022-12-10,South,Clothing,T-Shirt,3,697.1,0.0,2091.3,1041.3,2022,12
ORD-100073,2022-10-28,South,Furniture,Office Chair,3,7591.8,0.0,22775.4,8825.4,2022,10
ORD-102638,2024-07-27,South,Clothing,T-Shirt,1,698.67,0.05,663.74,313.74,2024,7
ORD-104039,2024-07-26,West,Clothing,T-Shirt,6,687.58,0.05,3919.21,1819.21,2024,7
ORD-103535,2024-06-28,North,Office Supplies,Pen Set,5,175.95,0.1,791.77,431.77,2024,6
ORD-104603,2024-01-23,South,Clothing,Sneakers,3,2980.41,0.0,8941.23,3361.23,2024,1
ORD-105384,2022-11-01,North,Office Supplies,Notebook Pack,3,243.45,0.0,730.35,392.85,2022,11
ORD-103666,2022-10-05,North,Home & Kitchen,Water Bottle,5,509.39,0.0,2546.95,1546.95,2022,10
ORD-105732,2024-02-27,North,Home & Kitchen,Water Bottle,5,491.44,0.05,2334.34,1334.34,2024,2
ORD-103353,2023-02-08,North,Clothing,Jacket,6,3593.91,0.0,21563.46,8963.46,2023,2
ORD-101231,2023-11-20,West,Furniture,Bookshelf,3,6164.33,0.1,16643.69,6203.69,2023,11
ORD-104568,2023-10-22,West,Office Supplies,Notebook Pack,2,253.51,0.05,481.67,256.67,2023,10
ORD-103194,2024-01-18,South,Office Supplies,File Organizer,2,453.15,0.0,906.3,456.3,2024,1
ORD-101608,2023-06-09,West,Office Supplies,Notebook Pack,1,254.37,0.05,241.65,129.15,2023,6
ORD-101379,2023-06-08,East,Office Supplies,Pen Set,7,174.75,0.1,1100.92,596.92,2023,6
ORD-103740,2022-10-05,North,Office Supplies,File Organizer,6,436.64,0.05,2488.85,1138.85,2022,10
ORD-100113,2023-11-14,North,Home & Kitchen,Water Bottle,6,491.7,0.0,2950.2,1750.2,2023,11
ORD-105212,2024-12-02,North,Office Supplies,Notebook Pack,1,254.25,0.15,216.11,103.61,2024,12
ORD-102244,2023-04-19,West,Home & Kitchen,Water Bottle,5,491.0,0.1,2209.5,1209.5,2023,4
ORD-101438,2024-11-10,West,Furniture,Sofa Set,1,31712.15,0.1,28540.94,6140.94,2024,11
ORD-105746,2022-09-02,North,Office Supplies,Notebook Pack,7,243.94,0.0,1707.58,920.08,2022,9
ORD-104085,2024-10-31,South,Home & Kitchen,Mixer Grinder,7,4134.58,0.0,28942.06,9832.06,2024,10
ORD-103710,2024-09-11,North,Home & Kitchen,Mixer Grinder,1,4236.13,0.1,3812.52,1082.52,2024,9
ORD-103095,2022-03-11,North,Clothing,T-Shirt,1,699.99,0.2,559.99,209.99,2022,3
ORD-103365,2023-02-10,East,Office Supplies,Notebook Pack,1,245.45,0.0,245.45,132.95,2023,2
ORD-103014,2022-12-11,South,Home & Kitchen,Water Bottle,5,507.75,0.05,2411.81,1411.81,2022,12
ORD-104852,2024-07-09,South,Clothing,T-Shirt,7,700.77,0.05,4660.12,2210.12,2024,7
ORD-101666,2024-08-22,East,Clothing,Sneakers,1,3003.49,0.0,3003.49,1143.49,2024,8
ORD-102029,2023-11-27,North,Clothing,T-Shirt,1,705.1,0.1,634.59,284.59,2023,11
ORD-104523,2024-08-25,East,Office Supplies,Printer,1,9056.69,0.15,7698.19,948.19,2024,8
ORD-102655,2024-11-03,East,Furniture,Study Desk,2,9247.27,0.05,17569.81,6169.81,2024,11
ORD-101839,2024-04-24,North,Office Supplies,Notebook Pack,5,256.21,0.0,1281.05,718.55,2024,4
ORD-103707,2024-02-14,North,Home & Kitchen,Water Bottle,3,512.36,0.05,1460.23,860.23,2024,2
ORD-100252,2023-07-07,West,Office Supplies,Pen Set,3,183.96,0.15,469.1,253.1,2023,7
ORD-101569,2023-08-22,South,Home & Kitchen,Water Bottle,4,508.37,0.0,2033.48,1233.48,2023,8
ORD-100350,2023-12-17,North,Clothing,Sneakers,1,3024.67,0.05,2873.44,1013.44,2023,12
ORD-102895,2022-05-04,North,Electronics,Headphones,6,3427.18,0.0,20563.08,9013.08,2022,5
ORD-103333,2022-11-05,East,Clothing,T-Shirt,5,706.76,0.1,3180.42,1430.42,2022,11
ORD-100457,2023-07-12,South,Clothing,Jacket,3,3524.76,0.0,10574.28,4274.28,2023,7
ORD-100479,2023-05-19,North,Office Supplies,Notebook Pack,2,247.46,0.05,470.17,245.17,2023,5
ORD-101114,2024-12-16,West,Home & Kitchen,Mixer Grinder,3,4108.66,0.0,12325.98,4135.98,2024,12
ORD-100798,2024-04-15,South,Clothing,T-Shirt,7,696.41,0.05,4631.13,2181.13,2024,4
ORD-104325,2023-10-20,West,Electronics,Laptop,2,50686.74,0.05,96304.81,15184.81,2023,10
ORD-103388,2023-06-20,South,Office Supplies,Notebook Pack,3,257.37,0.0,772.11,434.61,2023,6
ORD-100026,2023-07-21,South,Electronics,Smartwatch,3,7900.53,0.0,23701.59,8101.59,2023,7
ORD-103557,2024-11-02,North,Clothing,Jeans,6,1846.34,0.1,9970.24,4030.24,2024,11
ORD-103381,2024-09-10,South,Office Supplies,Pen Set,2,180.5,0.05,342.95,198.95,2024,9
ORD-103429,2024-07-26,South,Home & Kitchen,Mixer Grinder,3,4121.28,0.0,12363.84,4173.84,2024,7
ORD-101942,2023-05-21,North,Clothing,Jeans,6,1847.02,0.0,11082.12,5142.12,2023,5
ORD-101287,2023-02-09,North,Electronics,Headphones,2,3561.72,0.0,7123.44,3273.44,2023,2
ORD-100229,2022-05-26,East,Office Supplies,Pen Set,4,175.71,0.0,702.84,414.84,2022,5
ORD-102753,2022-04-24,West,Home & Kitchen,Mixer Grinder,6,4105.11,0.1,22167.59,5787.59,2022,4
ORD-102765,2024-11-17,North,Office Supplies,Pen Set,3,175.55,0.05,500.32,284.32,2024,11
ORD-104487,2022-06-03,South,Electronics,Smartphone,1,24028.98,0.1,21626.08,2426.08,2022,6
ORD-105280,2024-11-27,East,Electronics,Headphones,1,3450.78,0.0,3450.78,1525.78,2024,11
ORD-104832,2024-02-29,North,Office Supplies,Notebook Pack,4,244.41,0.0,977.64,527.64,2024,2
ORD-102131,2024-05-18,West,Home & Kitchen,Cookware Set,7,3754.63,0.0,26282.41,11652.41,2024,5
ORD-102456,2023-12-08,South,Home & Kitchen,Water Bottle,4,499.5,0.1,1798.2,998.2,2023,12
ORD-104006,2023-08-23,North,Office Supplies,Pen Set,2,174.66,0.05,331.85,187.85,2023,8
ORD-105061,2022-08-05,North,Clothing,T-Shirt,5,705.66,0.05,3351.88,1601.88,2022,8
ORD-100607,2022-06-06,East,Furniture,Bookshelf,1,6158.5,0.0,6158.5,2678.5,2022,6
ORD-104681,2022-03-10,North,Home & Kitchen,Mixer Grinder,5,4147.75,0.05,19701.81,6051.81,2022,3
ORD-104874,2023-09-19,North,Home & Kitchen,Water Bottle,6,511.5,0.0,3069.0,1869.0,2023,9
ORD-102957,2022-01-18,South,Clothing,Jeans,6,1762.38,0.05,10045.57,4105.57,2022,1
ORD-103210,2023-03-09,West,Home & Kitchen,Water Bottle,3,509.72,0.1,1376.24,776.24,2023,3
ORD-104975,2023-05-19,East,Office Supplies,Notebook Pack,5,245.05,0.05,1163.99,601.49,2023,5
ORD-103264,2023-02-21,North,Electronics,Smartwatch,2,7878.79,0.0,15757.58,5357.58,2023,2
ORD-100203,2022-07-14,South,Furniture,Office Chair,1,7378.96,0.1,6641.06,1991.06,2022,7
ORD-100339,2024-11-10,West,Clothing,Jacket,2,3414.88,0.0,6829.76,2629.76,2024,11
ORD-104060,2024-12-05,South,Home & Kitchen,Cookware Set,7,3715.73,0.1,23409.1,8779.1,2024,12
ORD-100837,2024-12-18,West,Clothing,Jeans,4,1778.28,0.0,7113.12,3153.12,2024,12
ORD-104464,2022-08-22,West,Office Supplies,Notebook Pack,4,254.83,0.0,1019.32,569.32,2022,8
ORD-101586,2023-03-01,North,Electronics,Smartwatch,2,7934.09,0.05,15074.77,4674.77,2023,3
ORD-100387,2024-11-22,North,Electronics,Headphones,7,3511.83,0.0,24582.81,11107.81,2024,11
ORD-102348,2022-05-04,West,Electronics,Laptop,1,53382.68,0.0,53382.68,12822.68,2022,5
ORD-104660,2024-03-04,West,Electronics,Headphones,1,3545.0,0.0,3545.0,1620.0,2024,3
ORD-103935,2022-11-26,East,Office Supplies,Notebook Pack,2,243.64,0.05,462.92,237.92,2022,11
ORD-103664,2022-11-03,North,Electronics,Smartphone,3,23894.0,0.0,71682.0,14082.0,2022,11
ORD-102829,2024-04-27,North,Home & Kitchen,Water Bottle,7,507.62,0.15,3020.34,1620.34,2024,4
ORD-102025,2023-04-28,West,Office Supplies,File Organizer,6,444.5,0.05,2533.65,1183.65,2023,4
ORD-104925,2023-02-25,North,Furniture,Office Chair,1,7452.53,0.05,7079.9,2429.9,2023,2
ORD-105375,2024-02-28,West,Electronics,Smartphone,2,23965.45,0.2,38344.72,-55.28,2024,2
ORD-105415,2023-07-23,South,Clothing,Sneakers,4,3066.71,0.0,12266.84,4826.84,2023,7
ORD-103337,2024-09-27,South,Clothing,T-Shirt,5,718.18,0.0,3590.9,1840.9,2024,9
ORD-104581,2024-06-23,South,Office Supplies,Pen Set,4,175.85,0.0,703.4,415.4,2024,6
ORD-103399,2024-01-19,North,Clothing,Jeans,4,1843.23,0.0,7372.92,3412.92,2024,1
ORD-104908,2024-02-29,East,Home & Kitchen,Mixer Grinder,4,4202.61,0.0,16810.44,5890.44,2024,2
ORD-103674,2024-06-23,West,Office Supplies,Pen Set,7,181.6,0.0,1271.2,767.2,2024,6
ORD-100677,2023-08-25,West,Home & Kitchen,Cookware Set,7,3831.68,0.0,26821.76,12191.76,2023,8
ORD-102644,2022-12-23,West,Office Supplies,Notebook Pack,3,244.29,0.0,732.87,395.37,2022,12
ORD-102818,2023-06-14,West,Clothing,Sneakers,7,3034.43,0.0,21241.01,8221.01,2023,6
ORD-101670,2023-01-08,North,Home & Kitchen,Water Bottle,5,512.6,0.0,2563.0,1563.0,2023,1
ORD-100061,2023-07-26,South,Office Supplies,Pen Set,6,179.97,0.0,1079.82,647.82,2023,7
ORD-101858,2022-11-13,West,Home & Kitchen,Mixer Grinder,1,4241.76,0.1,3817.58,1087.58,2022,11
ORD-103880,2024-04-07,North,Office Supplies,Notebook Pack,5,244.91,0.05,1163.32,600.82,2024,4
ORD-104240,2024-06-15,West,Office Supplies,Notebook Pack,7,248.82,0.1,1567.57,780.07,2024,6
ORD-103805,2022-07-31,West,Home & Kitchen,Air Fryer,2,6670.25,0.0,13340.5,4500.5,2022,7
ORD-100790,2022-10-10,North,Office Supplies,Pen Set,7,175.42,0.05,1166.54,662.54,2022,10
ORD-103543,2022-10-19,East,Office Supplies,File Organizer,1,437.07,0.0,437.07,212.07,2022,10
ORD-104862,2022-12-04,East,Office Supplies,Notebook Pack,5,244.87,0.0,1224.35,661.85,2022,12
ORD-105570,2022-07-19,North,Home & Kitchen,Mixer Grinder,7,4128.73,0.1,26011.0,6901.0,2022,7
ORD-104927,2023-08-11,South,Home & Kitchen,Water Bottle,7,488.92,0.1,3080.2,1680.2,2023,8
ORD-103347,2023-11-23,West,Home & Kitchen,Mixer Grinder,3,4091.38,0.0,12274.14,4084.14,2023,11
ORD-101359,2022-08-08,West,Clothing,Jeans,5,1802.78,0.05,8563.2,3613.2,2022,8
ORD-104505,2023-05-02,South,Clothing,Sneakers,6,2919.14,0.0,17514.84,6354.84,2023,5
ORD-102728,2023-04-28,East,Electronics,Headphones,1,3506.87,0.0,3506.87,1581.87,2023,4
ORD-104151,2023-10-08,South,Home & Kitchen,Cookware Set,2,3753.72,0.1,6756.7,2576.7,2023,10
ORD-101886,2022-06-23,South,Office Supplies,Notebook Pack,4,245.03,0.1,882.11,432.11,2022,6
ORD-103870,2023-04-01,North,Electronics,Smartphone,2,23872.75,0.1,42970.95,4570.95,2023,4
ORD-105034,2023-12-16,West,Home & Kitchen,Air Fryer,2,6390.29,0.0,12780.58,3940.58,2023,12
ORD-104656,2024-09-26,South,Clothing,Jeans,7,1807.95,0.15,10757.3,3827.3,2024,9
ORD-105723,2024-10-02,North,Office Supplies,Notebook Pack,4,250.78,0.0,1003.12,553.12,2024,10
ORD-102045,2022-03-04,South,Furniture,Study Desk,3,9281.39,0.05,26451.96,9351.96,2022,3
ORD-103195,2023-04-21,North,Electronics,Smartwatch,3,8171.82,0.1,22063.91,6463.91,2023,4
ORD-101543,2022-08-24,North,Home & Kitchen,Water Bottle,6,507.91,0.05,2895.09,1695.09,2022,8
ORD-100527,2024-12-28,North,Electronics,Laptop,2,50810.94,0.1,91459.69,10339.69,2024,12
ORD-104738,2022-06-28,East,Clothing,Jacket,3,3548.91,0.05,10114.39,3814.39,2022,6
ORD-104362,2024-02-01,South,Furniture,Office Chair,3,7691.4,0.0,23074.2,9124.2,2024,2
ORD-103163,2024-04-04,South,Clothing,T-Shirt,2,718.55,0.0,1437.1,737.1,2024,4
ORD-101468,2024-04-12,North,Clothing,Sneakers,7,2942.47,0.15,17507.7,4487.7,2024,4
ORD-105963,2023-01-14,North,Office Supplies,Notebook Pack,1,249.79,0.2,199.83,87.33,2023,1
ORD-105244,2023-07-15,North,Home & Kitchen,Mixer Grinder,3,4209.34,0.0,12628.02,4438.02,2023,7
ORD-103889,2022-11-17,West,Home & Kitchen,Water Bottle,7,510.98,0.05,3398.02,1998.02,2022,11
ORD-103226,2024-02-23,North,Home & Kitchen,Water Bottle,4,508.79,0.0,2035.16,1235.16,2024,2
ORD-100803,2023-11-27,North,Office Supplies,Pen Set,1,177.49,0.15,150.87,78.87,2023,11
ORD-100857,2024-09-22,South,Office Supplies,Notebook Pack,5,247.71,0.0,1238.55,676.05,2024,9
ORD-103034,2024-12-20,North,Office Supplies,Pen Set,1,180.83,0.0,180.83,108.83,2024,12
ORD-102542,2023-02-22,South,Office Supplies,Notebook Pack,7,251.9,0.0,1763.3,975.8,2023,2
ORD-104791,2022-01-26,West,Home & Kitchen,Mixer Grinder,1,4178.96,0.0,4178.96,1448.96,2022,1
ORD-104093,2022-09-06,East,Clothing,Jeans,4,1755.44,0.05,6670.67,2710.67,2022,9
ORD-104794,2023-01-22,East,Electronics,Smartwatch,2,7970.52,0.0,15941.04,5541.04,2023,1
ORD-101465,2024-02-18,West,Electronics,Laptop,1,51631.01,0.0,51631.01,11071.01,2024,2
ORD-103296,2024-05-18,East,Electronics,Headphones,1,3395.04,0.15,2885.78,960.78,2024,5
ORD-100219,2023-05-02,North,Office Supplies,Pen Set,6,178.12,0.05,1015.28,583.28,2023,5
ORD-101789,2022-04-20,South,Office Supplies,Notebook Pack,3,251.59,0.05,717.03,379.53,2022,4
ORD-101115,2022-04-09,North,Home & Kitchen,Cookware Set,4,3902.29,0.1,14048.24,5688.24,2022,4
ORD-100582,2022-05-25,South,Clothing,Sneakers,6,3062.15,0.0,18372.9,7212.9,2022,5
ORD-105997,2024-07-20,West,Office Supplies,Pen Set,7,175.65,0.0,1229.55,725.55,2024,7
ORD-101564,2024-06-24,East,Office Supplies,Notebook Pack,6,252.33,0.1,1362.58,687.58,2024,6
ORD-100043,2023-01-17,South,Home & Kitchen,Water Bottle,6,511.93,0.1,2764.42,1564.42,2023,1
ORD-103757,2022-12-10,South,Office Supplies,File Organizer,2,443.84,0.0,887.68,437.68,2022,12
ORD-101770,2023-11-15,West,Electronics,Smartphone,1,23338.64,0.0,23338.64,4138.64,2023,11
ORD-103002,2022-11-08,South,Office Supplies,File Organizer,2,456.47,0.1,821.65,371.65,2022,11
ORD-104554,2022-11-13,North,Clothing,Sneakers,3,3058.32,0.0,9174.96,3594.96,2022,11
ORD-104902,2022-08-28,South,Office Supplies,Pen Set,4,184.36,0.15,626.82,338.82,2022,8
ORD-101961,2023-05-25,North,Office Supplies,Notebook Pack,5,254.19,0.0,1270.95,708.45,2023,5
ORD-104017,2023-07-05,South,Clothing,Sneakers,6,2992.31,0.0,17953.86,6793.86,2023,7
ORD-103125,2022-09-14,North,Home & Kitchen,Water Bottle,4,505.6,0.0,2022.4,1222.4,2022,9
ORD-105185,2024-09-10,North,Office Supplies,Pen Set,6,180.35,0.05,1027.99,595.99,2024,9
ORD-105378,2022-10-10,South,Clothing,T-Shirt,1,682.94,0.1,614.65,264.65,2022,10
ORD-101224,2022-08-18,South,Clothing,Jeans,6,1819.01,0.05,10368.36,4428.36,2022,8
ORD-104997,2023-07-26,East,Clothing,Sneakers,4,3017.36,0.0,12069.44,4629.44,2023,7
ORD-104876,2022-10-16,North,Office Supplies,Notebook Pack,3,254.59,0.2,611.02,273.52,2022,10
ORD-101505,2023-09-04,North,Clothing,Jacket,6,3558.5,0.1,19215.9,6615.9,2023,9
ORD-102972,2022-06-24,West,Home & Kitchen,Mixer Grinder,5,4233.75,0.05,20110.31,6460.31,2022,6
ORD-100670,2022-07-05,West,Office Supplies,Pen Set,7,174.72,0.15,1039.58,535.58,2022,7
ORD-104084,2023-10-10,South,Clothing,Jeans,6,1823.27,0.15,9298.68,3358.68,2023,10
ORD-103406,2023-09-15,South,Office Supplies,File Organizer,5,450.14,0.05,2138.16,1013.16,2023,9
ORD-105404,2023-10-21,South,Clothing,T-Shirt,6,714.41,0.0,4286.46,2186.46,2023,10
ORD-105119,2023-09-04,South,Clothing,Jeans,2,1769.34,0.05,3361.75,1381.75,2023,9
ORD-105039,2024-05-25,North,Home & Kitchen,Air Fryer,3,6494.55,0.0,19483.65,6223.65,2024,5
ORD-100897,2022-09-25,North,Electronics,Laptop,1,52188.81,0.15,44360.49,3800.49,2022,9
ORD-101258,2023-09-27,South,Clothing,Jacket,1,3498.0,0.0,3498.0,1398.0,2023,9
ORD-103044,2024-05-11,South,Office Supplies,Notebook Pack,4,253.76,0.0,1015.04,565.04,2024,5
ORD-102317,2024-05-26,South,Home & Kitchen,Air Fryer,2,6659.04,0.0,13318.08,4478.08,2024,5
ORD-105266,2023-02-07,North,Clothing,T-Shirt,2,705.32,0.05,1340.11,640.11,2023,2
ORD-102357,2023-08-29,South,Electronics,Headphones,2,3496.24,0.15,5943.61,2093.61,2023,8
ORD-100842,2023-09-20,West,Clothing,Jacket,4,3565.62,0.05,13549.36,5149.36,2023,9
ORD-101595,2024-02-28,West,Home & Kitchen,Cookware Set,3,3762.44,0.0,11287.32,5017.32,2024,2
ORD-102518,2023-10-18,West,Clothing,T-Shirt,6,703.7,0.2,3377.76,1277.76,2023,10
ORD-105371,2024-12-29,West,Office Supplies,Pen Set,4,183.84,0.1,661.82,373.82,2024,12
ORD-102841,2023-06-13,West,Electronics,Smartwatch,2,7853.09,0.1,14135.56,3735.56,2023,6
ORD-105101,2022-12-26,West,Electronics,Headphones,2,3437.71,0.1,6187.88,2337.88,2022,12
ORD-104585,2024-06-01,South,Clothing,Jeans,2,1786.52,0.15,3037.08,1057.08,2024,6
ORD-102229,2024-01-26,North,Clothing,Jeans,5,1812.8,0.1,8157.6,3207.6,2024,1
ORD-101744,2024-03-30,South,Clothing,Sneakers,5,3027.3,0.0,15136.5,5836.5,2024,3
ORD-104684,2024-12-29,West,Clothing,Jeans,2,1809.1,0.0,3618.2,1638.2,2024,12
ORD-100322,2023-02-07,East,Home & Kitchen,Air Fryer,3,6524.39,0.0,19573.17,6313.17,2023,2
ORD-104838,2022-06-17,North,Electronics,Headphones,2,3586.77,0.05,6814.86,2964.86,2022,6
ORD-105372,2022-02-15,West,Electronics,Headphones,7,3495.51,0.05,23245.14,9770.14,2022,2
ORD-105954,2023-06-09,East,Home & Kitchen,Air Fryer,2,6586.31,0.1,11855.36,3015.36,2023,6
ORD-100334,2022-06-29,West,Clothing,Sneakers,5,3088.63,0.0,15443.15,6143.15,2022,6
ORD-104402,2022-01-30,South,Office Supplies,File Organizer,4,444.91,0.15,1512.69,612.69,2022,1
ORD-100332,2024-03-13,East,Office Supplies,File Organizer,3,440.64,0.0,1321.92,646.92,2024,3
ORD-100833,2024-02-23,West,Home & Kitchen,Water Bottle,5,508.28,0.0,2541.4,1541.4,2024,2
ORD-102663,2022-11-09,North,Home & Kitchen,Water Bottle,4,497.86,0.05,1891.87,1091.87,2022,11
ORD-105253,2024-07-07,South,Furniture,Study Desk,3,9742.36,0.05,27765.73,10665.73,2024,7
ORD-105789,2023-07-17,North,Furniture,Office Chair,2,7604.4,0.1,13687.92,4387.92,2023,7
ORD-104652,2022-06-21,South,Home & Kitchen,Mixer Grinder,3,4123.61,0.0,12370.83,4180.83,2022,6
ORD-105633,2022-04-11,East,Electronics,Smartwatch,3,8051.12,0.0,24153.36,8553.36,2022,4
ORD-100731,2022-03-15,West,Clothing,T-Shirt,5,691.71,0.05,3285.62,1535.62,2022,3
ORD-103852,2023-03-27,North,Office Supplies,Pen Set,1,175.01,0.0,175.01,103.01,2023,3
ORD-100291,2022-03-17,South,Home & Kitchen,Water Bottle,2,491.12,0.15,834.9,434.9,2022,3
ORD-100184,2024-06-04,South,Furniture,Study Desk,2,9725.1,0.0,19450.2,8050.2,2024,6
ORD-105975,2022-10-15,East,Office Supplies,Notebook Pack,7,257.4,0.1,1621.62,834.12,2022,10
ORD-104453,2024-02-03,South,Furniture,Study Desk,2,9309.06,0.05,17687.21,6287.21,2024,2
ORD-103227,2022-09-16,North,Clothing,Sneakers,5,3046.69,0.0,15233.45,5933.45,2022,9
ORD-105458,2022-09-13,West,Home & Kitchen,Cookware Set,2,3910.37,0.05,7429.7,3249.7,2022,9
ORD-102209,2022-05-24,East,Home & Kitchen,Water Bottle,1,494.44,0.2,395.55,195.55,2022,5
ORD-103321,2023-06-14,North,Office Supplies,Notebook Pack,2,248.75,0.15,422.88,197.88,2023,6
ORD-100657,2022-12-30,East,Home & Kitchen,Water Bottle,1,513.72,0.1,462.35,262.35,2022,12
ORD-101255,2024-08-27,North,Electronics,Smartphone,2,24693.69,0.0,49387.38,10987.38,2024,8
ORD-103786,2024-11-30,South,Furniture,Bookshelf,2,6137.43,0.05,11661.12,4701.12,2024,11
ORD-104732,2023-02-27,South,Clothing,Jacket,1,3414.34,0.05,3243.62,1143.62,2023,2
ORD-103309,2022-04-12,North,Clothing,Jeans,3,1782.28,0.05,5079.5,2109.5,2022,4
ORD-105771,2024-09-20,West,Office Supplies,File Organizer,1,449.44,0.1,404.5,179.5,2024,9
ORD-100898,2022-09-05,West,Clothing,T-Shirt,2,694.17,0.0,1388.34,688.34,2022,9
ORD-100428,2022-03-24,South,Office Supplies,Printer,2,9111.76,0.1,16401.17,2901.17,2022,3
ORD-104235,2022-08-18,North,Office Supplies,Notebook Pack,4,254.33,0.05,966.45,516.45,2022,8
ORD-102780,2022-06-09,North,Clothing,T-Shirt,7,713.94,0.15,4247.94,1797.94,2022,6
ORD-105588,2023-08-16,West,Electronics,Headphones,1,3419.49,0.05,3248.52,1323.52,2023,8
ORD-101436,2022-10-13,West,Electronics,Headphones,1,3450.76,0.05,3278.22,1353.22,2022,10
ORD-105565,2022-11-10,East,Office Supplies,Pen Set,1,184.31,0.1,165.88,93.88,2022,11
ORD-101222,2024-10-07,West,Office Supplies,File Organizer,7,454.96,0.0,3184.72,1609.72,2024,10
ORD-104184,2024-10-27,West,Electronics,Smartphone,3,24295.81,0.0,72887.43,15287.43,2024,10
ORD-102031,2023-09-14,South,Office Supplies,Pen Set,1,176.82,0.0,176.82,104.82,2023,9
ORD-104160,2023-09-24,North,Electronics,Smartwatch,2,7889.21,0.0,15778.42,5378.42,2023,9
ORD-101918,2023-12-02,South,Home & Kitchen,Water Bottle,6,502.87,0.15,2564.64,1364.64,2023,12
ORD-103536,2022-10-22,South,Home & Kitchen,Air Fryer,3,6588.02,0.0,19764.06,6504.06,2022,10
ORD-103035,2024-03-26,North,Office Supplies,Notebook Pack,5,242.69,0.0,1213.45,650.95,2024,3
ORD-102988,2022-08-04,East,Electronics,Smartphone,1,24709.74,0.05,23474.25,4274.25,2022,8
ORD-102347,2024-08-09,East,Electronics,Smartwatch,3,7952.88,0.2,19086.91,3486.91,2024,8
ORD-102233,2024-11-21,West,Clothing,T-Shirt,5,691.02,0.0,3455.1,1705.1,2024,11
ORD-102641,2024-05-22,West,Home & Kitchen,Water Bottle,1,501.39,0.1,451.25,251.25,2024,5
ORD-102022,2022-01-21,East,Home & Kitchen,Water Bottle,4,487.19,0.0,1948.76,1148.76,2022,1
ORD-105553,2022-08-24,East,Electronics,Headphones,7,3466.38,0.0,24264.66,10789.66,2022,8
ORD-103908,2023-10-16,North,Office Supplies,Notebook Pack,4,247.39,0.0,989.56,539.56,2023,10
ORD-105081,2023-11-16,West,Clothing,Jeans,5,1830.48,0.1,8237.16,3287.16,2023,11
ORD-103231,2022-06-03,East,Clothing,Sneakers,6,3000.87,0.0,18005.22,6845.22,2022,6
ORD-101652,2022-11-17,North,Office Supplies,File Organizer,6,462.81,0.05,2638.02,1288.02,2022,11
ORD-102431,2024-04-08,North,Electronics,Laptop,3,51466.08,0.0,154398.24,32718.24,2024,4
ORD-101864,2024-01-08,North,Clothing,Sneakers,2,2982.25,0.0,5964.5,2244.5,2024,1
ORD-101410,2024-08-03,West,Clothing,Sneakers,5,3051.55,0.05,14494.86,5194.86,2024,8
ORD-104447,2023-08-16,North,Electronics,Headphones,3,3527.79,0.05,10054.2,4279.2,2023,8
ORD-103197,2022-05-11,North,Office Supplies,Notebook Pack,1,248.6,0.0,248.6,136.1,2022,5
ORD-103892,2023-09-15,North,Electronics,Laptop,1,51161.9,0.05,48603.81,8043.81,2023,9
ORD-104467,2024-01-31,North,Furniture,Study Desk,2,9751.86,0.0,19503.72,8103.72,2024,1
ORD-102083,2022-08-30,North,Clothing,T-Shirt,4,714.8,0.05,2716.24,1316.24,2022,8
ORD-105110,2022-08-18,West,Office Supplies,Pen Set,4,175.46,0.0,701.84,413.84,2022,8
ORD-101126,2023-08-29,North,Office Supplies,Notebook Pack,7,246.26,0.1,1551.44,763.94,2023,8
ORD-103247,2024-07-05,South,Office Supplies,Pen Set,7,183.55,0.2,1027.88,523.88,2024,7
ORD-103121,2023-02-13,North,Home & Kitchen,Water Bottle,7,500.55,0.0,3503.85,2103.85,2023,2
ORD-102847,2022-04-02,North,Clothing,T-Shirt,7,687.52,0.05,4572.01,2122.01,2022,4
ORD-103682,2023-06-04,North,Home & Kitchen,Water Bottle,2,491.79,0.0,983.58,583.58,2023,6
ORD-104411,2022-03-17,South,Electronics,Laptop,3,50766.5,0.05,144684.52,23004.52,2022,3
ORD-100070,2022-10-09,South,Home & Kitchen,Water Bottle,3,500.68,0.1,1351.84,751.84,2022,10
ORD-103813,2022-03-29,South,Electronics,Smartphone,1,23510.41,0.2,18808.33,-391.67,2022,3
ORD-101305,2024-11-03,East,Office Supplies,Pen Set,7,184.34,0.0,1290.38,786.38,2024,11
ORD-105076,2023-08-15,South,Electronics,Headphones,5,3553.81,0.0,17769.05,8144.05,2023,8
ORD-103126,2023-10-12,East,Office Supplies,Notebook Pack,4,245.55,0.05,933.09,483.09,2023,10
ORD-105157,2023-11-23,East,Home & Kitchen,Cookware Set,1,3817.02,0.1,3435.32,1345.32,2023,11
ORD-101340,2022-05-20,North,Clothing,T-Shirt,5,712.43,0.05,3384.04,1634.04,2022,5
ORD-100831,2023-10-22,South,Clothing,T-Shirt,5,705.99,0.0,3529.95,1779.95,2023,10
ORD-103026,2022-11-29,South,Clothing,Sneakers,2,2915.01,0.05,5538.52,1818.52,2022,11
ORD-104680,2024-11-16,East,Office Supplies,File Organizer,6,459.51,0.05,2619.21,1269.21,2024,11
ORD-103403,2024-10-17,South,Office Supplies,Pen Set,6,185.05,0.1,999.27,567.27,2024,10
ORD-100238,2022-01-27,West,Home & Kitchen,Mixer Grinder,3,4142.32,0.0,12426.96,4236.96,2022,1
ORD-100092,2023-06-28,North,Clothing,T-Shirt,1,694.22,0.0,694.22,344.22,2023,6
ORD-102377,2023-12-04,West,Home & Kitchen,Mixer Grinder,7,4142.3,0.15,24646.69,5536.69,2023,12
ORD-101740,2022-11-08,South,Office Supplies,File Organizer,7,453.52,0.0,3174.64,1599.64,2022,11
ORD-102617,2024-09-04,South,Clothing,Jeans,2,1768.9,0.0,3537.8,1557.8,2024,9
ORD-105294,2024-05-25,West,Office Supplies,File Organizer,3,463.02,0.2,1111.25,436.25,2024,5
ORD-105826,2024-03-05,West,Office Supplies,Printer,2,9184.55,0.0,18369.1,4869.1,2024,3
ORD-105802,2024-05-22,East,Clothing,Jeans,2,1840.11,0.1,3312.2,1332.2,2024,5
ORD-103608,2022-09-21,West,Home & Kitchen,Water Bottle,1,485.81,0.1,437.23,237.23,2022,9
ORD-101001,2023-07-12,West,Home & Kitchen,Cookware Set,5,3726.22,0.1,16767.99,6317.99,2023,7
ORD-102149,2022-05-10,West,Electronics,Headphones,7,3400.69,0.05,22614.59,9139.59,2022,5
ORD-104814,2023-06-07,North,Electronics,Headphones,7,3400.22,0.2,19041.23,5566.23,2023,6
ORD-102399,2023-10-24,South,Clothing,Sneakers,5,3085.06,0.0,15425.3,6125.3,2023,10
ORD-101504,2024-07-16,North,Clothing,T-Shirt,3,702.46,0.0,2107.38,1057.38,2024,7
ORD-100957,2023-09-17,West,Clothing,T-Shirt,3,685.79,0.05,1954.5,904.5,2023,9
ORD-104998,2023-03-11,North,Clothing,T-Shirt,7,707.36,0.0,4951.52,2501.52,2023,3
ORD-101532,2023-10-19,North,Office Supplies,Pen Set,3,175.85,0.1,474.79,258.79,2023,10
ORD-101894,2023-01-22,East,Office Supplies,Pen Set,4,177.06,0.1,637.42,349.42,2023,1
ORD-104531,2023-01-23,North,Electronics,Smartphone,2,23539.51,0.1,42371.12,3971.12,2023,1
ORD-103346,2024-06-28,North,Office Supplies,Pen Set,3,181.27,0.15,462.24,246.24,2024,6
ORD-100411,2024-01-21,North,Clothing,Sneakers,4,2931.25,0.1,10552.5,3112.5,2024,1
ORD-101405,2022-12-18,North,Electronics,Laptop,3,50444.27,0.0,151332.81,29652.81,2022,12
ORD-102445,2023-11-07,West,Electronics,Laptop,1,52509.06,0.0,52509.06,11949.06,2023,11
ORD-105900,2024-08-07,East,Electronics,Headphones,2,3499.17,0.0,6998.34,3148.34,2024,8
ORD-104418,2022-01-04,North,Electronics,Laptop,1,53466.23,0.05,50792.92,10232.92,2022,1
ORD-103479,2023-11-01,East,Clothing,Jacket,1,3532.6,0.2,2826.08,726.08,2023,11
ORD-103198,2022-07-27,South,Office Supplies,Notebook Pack,6,247.34,0.0,1484.04,809.04,2022,7
ORD-101702,2023-03-10,South,Clothing,T-Shirt,7,711.47,0.05,4731.28,2281.28,2023,3
ORD-102899,2023-05-29,East,Furniture,Office Chair,1,7281.86,0.05,6917.77,2267.77,2023,5
ORD-101034,2023-05-28,South,Electronics,Smartwatch,3,8187.57,0.05,23334.57,7734.57,2023,5
ORD-102860,2023-05-22,North,Furniture,Bookshelf,2,5991.94,0.05,11384.69,4424.69,2023,5
ORD-105749,2024-12-05,West,Clothing,Sneakers,6,3057.65,0.2,14676.72,3516.72,2024,12
ORD-103783,2022-10-20,South,Furniture,Sofa Set,1,32241.74,0.0,32241.74,9841.74,2022,10
ORD-102135,2023-10-03,West,Office Supplies,Pen Set,3,175.41,0.0,526.23,310.23,2023,10
ORD-100931,2023-04-01,West,Clothing,Jacket,1,3430.64,0.0,3430.64,1330.64,2023,4
ORD-105607,2023-12-01,South,Office Supplies,Pen Set,1,182.08,0.2,145.66,73.66,2023,12
ORD-103492,2024-08-30,South,Home & Kitchen,Cookware Set,4,3877.25,0.1,13958.1,5598.1,2024,8
ORD-104828,2024-06-19,South,Clothing,T-Shirt,5,707.12,0.15,3005.26,1255.26,2024,6
ORD-100633,2023-04-03,East,Clothing,T-Shirt,1,715.86,0.1,644.27,294.27,2023,4
ORD-100498,2023-03-20,West,Office Supplies,Pen Set,7,180.57,0.15,1074.39,570.39,2023,3
ORD-100937,2022-06-14,West,Clothing,T-Shirt,2,712.96,0.0,1425.92,725.92,2022,6
ORD-100415,2022-11-04,South,Electronics,Smartwatch,1,8016.61,0.0,8016.61,2816.61,2022,11
ORD-105136,2022-03-21,North,Home & Kitchen,Air Fryer,1,6560.17,0.0,6560.17,2140.17,2022,3
ORD-105561,2023-03-24,South,Clothing,T-Shirt,3,703.43,0.1,1899.26,849.26,2023,3
ORD-102168,2023-02-07,West,Furniture,Study Desk,3,9470.97,0.0,28412.91,11312.91,2023,2
ORD-105286,2024-06-17,South,Home & Kitchen,Water Bottle,1,505.82,0.0,505.82,305.82,2024,6
ORD-105822,2024-04-10,North,Clothing,Sneakers,4,2939.15,0.0,11756.6,4316.6,2024,4
ORD-100757,2024-11-05,South,Home & Kitchen,Cookware Set,3,3822.41,0.0,11467.23,5197.23,2024,11
ORD-103240,2024-10-10,East,Office Supplies,Notebook Pack,5,243.32,0.1,1094.94,532.44,2024,10
ORD-103193,2024-03-19,West,Office Supplies,Notebook Pack,6,242.95,0.0,1457.7,782.7,2024,3
ORD-101041,2024-02-11,South,Furniture,Study Desk,1,9697.86,0.0,9697.86,3997.86,2024,2
ORD-104819,2023-10-21,North,Office Supplies,Pen Set,7,178.65,0.0,1250.55,746.55,2023,10
ORD-103105,2024-02-21,West,Clothing,Jacket,3,3537.46,0.1,9551.14,3251.14,2024,2
ORD-103256,2022-05-20,South,Clothing,T-Shirt,5,705.05,0.0,3525.25,1775.25,2022,5
ORD-100596,2024-03-22,North,Office Supplies,Notebook Pack,6,243.77,0.05,1389.49,714.49,2024,3
ORD-104829,2024-10-19,East,Office Supplies,Pen Set,3,180.44,0.05,514.25,298.25,2024,10
ORD-102313,2022-08-29,North,Office Supplies,Notebook Pack,4,255.21,0.0,1020.84,570.84,2022,8
ORD-102104,2023-12-08,West,Clothing,Jeans,2,1839.56,0.0,3679.12,1699.12,2023,12
ORD-101068,2022-02-04,South,Office Supplies,Pen Set,4,179.93,0.05,683.73,395.73,2022,2
ORD-101647,2024-06-29,East,Office Supplies,Pen Set,4,178.16,0.0,712.64,424.64,2024,6
ORD-103176,2024-09-11,North,Office Supplies,File Organizer,4,439.85,0.0,1759.4,859.4,2024,9
ORD-104904,2024-03-30,West,Office Supplies,Notebook Pack,2,245.02,0.0,490.04,265.04,2024,3
ORD-103254,2022-02-25,West,Home & Kitchen,Mixer Grinder,7,4179.73,0.0,29258.11,10148.11,2022,2
ORD-103433,2022-11-11,North,Office Supplies,Pen Set,7,183.33,0.0,1283.31,779.31,2022,11
ORD-100652,2024-02-16,North,Clothing,Jeans,5,1821.38,0.05,8651.56,3701.56,2024,2
ORD-104879,2023-03-23,West,Clothing,Sneakers,1,3045.66,0.0,3045.66,1185.66,2023,3
ORD-101700,2024-10-26,South,Electronics,Smartwatch,2,8121.41,0.0,16242.82,5842.82,2024,10
ORD-104739,2024-01-07,West,Office Supplies,Pen Set,3,177.19,0.05,504.99,288.99,2024,1
ORD-105741,2024-01-09,North,Office Supplies,Pen Set,7,179.28,0.0,1254.96,750.96,2024,1
ORD-102407,2022-12-29,West,Clothing,Jacket,4,3531.49,0.1,12713.36,4313.36,2022,12
ORD-102344,2024-04-14,South,Home & Kitchen,Mixer Grinder,5,4272.23,0.2,17088.92,3438.92,2024,4
ORD-103477,2024-10-19,South,Clothing,Sneakers,7,2980.46,0.0,20863.22,7843.22,2024,10
ORD-102299,2024-04-20,East,Office Supplies,Notebook Pack,1,244.65,0.0,244.65,132.15,2024,4
ORD-104258,2024-11-26,West,Office Supplies,Pen Set,5,175.21,0.1,788.45,428.45,2024,11
ORD-105411,2024-06-07,South,Electronics,Smartphone,2,23452.16,0.05,44559.1,6159.1,2024,6
ORD-100075,2022-12-13,North,Office Supplies,File Organizer,6,441.96,0.1,2386.58,1036.58,2022,12
ORD-103844,2024-11-29,North,Furniture,Study Desk,2,9602.24,0.1,17284.03,5884.03,2024,11
ORD-105354,2024-10-15,West,Office Supplies,Pen Set,5,176.55,0.0,882.75,522.75,2024,10
ORD-103074,2024-09-13,West,Clothing,Jacket,5,3552.42,0.15,15097.78,4597.78,2024,9
ORD-105179,2023-09-29,East,Clothing,T-Shirt,6,715.21,0.05,4076.7,1976.7,2023,9
ORD-104081,2022-12-06,South,Furniture,Sofa Set,3,31209.84,0.0,93629.52,26429.52,2022,12
ORD-102072,2022-12-11,North,Furniture,Sofa Set,1,31789.77,0.0,31789.77,9389.77,2022,12
ORD-104746,2023-06-24,West,Office Supplies,File Organizer,2,446.53,0.0,893.06,443.06,2023,6
ORD-104698,2023-09-25,North,Home & Kitchen,Cookware Set,3,3724.0,0.1,10054.8,3784.8,2023,9
ORD-101029,2023-05-09,South,Home & Kitchen,Cookware Set,5,3841.75,0.0,19208.75,8758.75,2023,5
ORD-100828,2024-09-18,South,Clothing,T-Shirt,7,704.28,0.1,4436.96,1986.96,2024,9
ORD-102842,2023-06-19,North,Electronics,Smartwatch,2,7939.69,0.1,14291.44,3891.44,2023,6
ORD-105654,2022-12-21,North,Furniture,Bookshelf,3,6057.7,0.0,18173.1,7733.1,2022,12
ORD-100096,2023-03-21,East,Electronics,Smartphone,1,24021.94,0.1,21619.75,2419.75,2023,3
ORD-104712,2023-12-13,South,Office Supplies,File Organizer,6,457.95,0.0,2747.7,1397.7,2023,12
ORD-103583,2024-04-12,South,Home & Kitchen,Mixer Grinder,4,4198.12,0.05,15952.86,5032.86,2024,4
ORD-101385,2022-03-01,West,Clothing,Sneakers,6,2938.83,0.05,16751.33,5591.33,2022,3
ORD-101200,2023-11-03,East,Office Supplies,Pen Set,4,180.62,0.0,722.48,434.48,2023,11
ORD-100621,2023-08-17,South,Office Supplies,Notebook Pack,6,245.91,0.05,1401.69,726.69,2023,8
ORD-105589,2023-12-14,East,Furniture,Study Desk,2,9548.59,0.0,19097.18,7697.18,2023,12
ORD-101412,2024-08-16,West,Electronics,Headphones,4,3600.33,0.15,12241.12,4541.12,2024,8
ORD-100566,2024-05-25,West,Clothing,T-Shirt,2,712.9,0.1,1283.22,583.22,2024,5
ORD-100543,2024-12-24,South,Office Supplies,File Organizer,3,455.13,0.05,1297.12,622.12,2024,12
ORD-101334,2024-12-02,North,Office Supplies,Pen Set,5,184.91,0.15,785.87,425.87,2024,12
ORD-102259,2023-06-08,South,Clothing,T-Shirt,2,687.77,0.2,1100.43,400.43,2023,6
ORD-102177,2024-07-28,West,Clothing,T-Shirt,7,705.69,0.1,4445.85,1995.85,2024,7
ORD-100051,2022-01-12,West,Clothing,T-Shirt,3,694.99,0.0,2084.97,1034.97,2022,1
ORD-105931,2022-11-10,South,Clothing,T-Shirt,6,715.16,0.0,4290.96,2190.96,2022,11
ORD-105650,2024-09-27,West,Office Supplies,Pen Set,6,176.83,0.1,954.88,522.88,2024,9
ORD-105009,2023-05-09,West,Home & Kitchen,Cookware Set,7,3791.64,0.0,26541.48,11911.48,2023,5
ORD-101558,2024-01-13,East,Home & Kitchen,Air Fryer,3,6410.64,0.15,16347.13,3087.13,2024,1
ORD-100745,2023-08-16,North,Electronics,Headphones,7,3549.61,0.2,19877.82,6402.82,2023,8
ORD-104416,2023-10-05,South,Office Supplies,Printer,1,9184.26,0.05,8725.05,1975.05,2023,10
ORD-103523,2023-04-13,North,Office Supplies,File Organizer,6,462.27,0.15,2357.58,1007.58,2023,4
ORD-101467,2022-10-23,North,Furniture,Office Chair,1,7689.42,0.1,6920.48,2270.48,2022,10
ORD-103286,2023-12-27,West,Home & Kitchen,Air Fryer,2,6307.27,0.0,12614.54,3774.54,2023,12
ORD-100195,2022-08-28,South,Office Supplies,Pen Set,5,176.14,0.0,880.7,520.7,2022,8
ORD-101954,2024-10-16,South,Home & Kitchen,Mixer Grinder,6,4246.85,0.05,24207.05,7827.05,2024,10
ORD-103964,2023-03-01,North,Electronics,Laptop,1,51288.75,0.2,41031.0,471.0,2023,3
ORD-100802,2024-10-03,West,Office Supplies,File Organizer,2,452.08,0.0,904.16,454.16,2024,10
ORD-101618,2024-12-27,South,Clothing,Jacket,5,3439.63,0.0,17198.15,6698.15,2024,12
ORD-105909,2022-07-01,North,Clothing,T-Shirt,1,689.04,0.1,620.14,270.14,2022,7
ORD-100620,2024-06-09,South,Home & Kitchen,Mixer Grinder,2,4140.81,0.05,7867.54,2407.54,2024,6
ORD-104539,2023-03-26,South,Home & Kitchen,Water Bottle,2,487.46,0.0,974.92,574.92,2023,3
ORD-104303,2023-03-08,West,Clothing,T-Shirt,1,710.62,0.0,710.62,360.62,2023,3
ORD-104215,2022-09-05,West,Clothing,T-Shirt,1,696.48,0.0,696.48,346.48,2022,9
ORD-104480,2023-07-13,South,Home & Kitchen,Water Bottle,3,488.82,0.1,1319.81,719.81,2023,7
ORD-100644,2023-12-22,South,Clothing,Jeans,1,1848.6,0.0,1848.6,858.6,2023,12
ORD-105432,2024-01-31,North,Clothing,Jacket,5,3433.24,0.05,16307.89,5807.89,2024,1
ORD-104602,2024-12-21,North,Home & Kitchen,Cookware Set,2,3813.8,0.05,7246.22,3066.22,2024,12
ORD-105011,2023-10-03,North,Home & Kitchen,Air Fryer,1,6429.74,0.1,5786.77,1366.77,2023,10
ORD-101061,2023-12-11,North,Electronics,Laptop,3,52325.68,0.0,156977.04,35297.04,2023,12
ORD-104260,2024-11-29,North,Home & Kitchen,Mixer Grinder,6,4320.53,0.15,22034.7,5654.7,2024,11
ORD-104182,2024-03-18,East,Furniture,Bookshelf,2,6053.88,0.05,11502.37,4542.37,2024,3
ORD-100120,2023-11-18,North,Electronics,Smartphone,3,23708.4,0.05,67568.94,9968.94,2023,11
ORD-101777,2023-06-29,North,Home & Kitchen,Cookware Set,5,3839.18,0.1,17276.31,6826.31,2023,6
ORD-103349,2023-04-27,West,Electronics,Laptop,1,51380.61,0.05,48811.58,8251.58,2023,4
ORD-102579,2024-11-02,East,Electronics,Smartwatch,3,8026.32,0.1,21671.06,6071.06,2024,11
ORD-104786,2023-01-26,West,Clothing,Jacket,5,3474.63,0.05,16504.49,6004.49,2023,1
ORD-104939,2022-09-07,South,Home & Kitchen,Water Bottle,5,505.01,0.0,2525.05,1525.05,2022,9
ORD-103211,2024-03-20,South,Office Supplies,Pen Set,1,181.48,0.15,154.26,82.26,2024,3
ORD-101230,2022-10-09,West,Office Supplies,Notebook Pack,6,250.3,0.05,1426.71,751.71,2022,10
ORD-102897,2022-09-28,West,Office Supplies,Notebook Pack,7,250.56,0.15,1490.83,703.33,2022,9
ORD-101859,2022-11-25,West,Clothing,Jacket,1,3461.42,0.05,3288.35,1188.35,2022,11
ORD-105460,2024-03-03,East,Office Supplies,File Organizer,2,439.38,0.15,746.95,296.95,2024,3
ORD-105861,2022-02-15,West,Home & Kitchen,Water Bottle,6,493.05,0.05,2810.39,1610.39,2022,2
ORD-103393,2022-02-12,East,Furniture,Bookshelf,3,6121.73,0.1,16528.67,6088.67,2022,2
ORD-103469,2024-12-05,South,Furniture,Sofa Set,1,32637.2,0.0,32637.2,10237.2,2024,12
ORD-100134,2023-11-24,North,Office Supplies,Notebook Pack,6,253.5,0.0,1521.0,846.0,2023,11
ORD-104190,2022-04-24,North,Home & Kitchen,Water Bottle,6,487.39,0.1,2631.91,1431.91,2022,4
ORD-105735,2024-11-23,North,Home & Kitchen,Cookware Set,5,3714.39,0.05,17643.35,7193.35,2024,11
ORD-102552,2024-01-13,East,Clothing,Sneakers,3,3080.57,0.05,8779.62,3199.62,2024,1
ORD-104302,2024-12-29,West,Clothing,T-Shirt,6,712.5,0.1,3847.5,1747.5,2024,12
ORD-102333,2022-07-07,South,Clothing,T-Shirt,3,680.48,0.0,2041.44,991.44,2022,7
ORD-100511,2024-08-16,West,Electronics,Smartwatch,3,8061.63,0.05,22975.65,7375.65,2024,8
ORD-100062,2023-11-02,East,Electronics,Smartwatch,2,8233.06,0.1,14819.51,4419.51,2023,11
ORD-101553,2023-03-30,North,Furniture,Bookshelf,1,5998.31,0.05,5698.39,2218.39,2023,3
ORD-103954,2022-04-08,West,Clothing,Jeans,1,1814.48,0.1,1633.03,643.03,2022,4
ORD-105345,2022-04-09,North,Office Supplies,File Organizer,1,461.36,0.0,461.36,236.36,2022,4
ORD-102618,2024-07-27,North,Furniture,Office Chair,3,7341.47,0.05,20923.19,6973.19,2024,7
ORD-103208,2022-05-31,East,Office Supplies,Notebook Pack,7,245.13,0.0,1715.91,928.41,2022,5
ORD-105598,2023-11-10,South,Clothing,Jacket,7,3433.51,0.15,20429.38,5729.38,2023,11
ORD-103237,2022-12-17,East,Clothing,Jeans,7,1760.07,0.15,10472.42,3542.42,2022,12
ORD-103881,2024-10-24,North,Electronics,Headphones,5,3510.37,0.15,14919.07,5294.07,2024,10
ORD-100679,2023-03-25,South,Office Supplies,Pen Set,1,181.25,0.15,154.06,82.06,2023,3
ORD-104231,2022-02-18,South,Clothing,Sneakers,1,3027.61,0.1,2724.85,864.85,2022,2
ORD-101211,2024-07-31,West,Clothing,Sneakers,1,3081.45,0.05,2927.38,1067.38,2024,7
ORD-100122,2022-04-28,North,Clothing,Jeans,2,1853.76,0.05,3522.14,1542.14,2022,4
ORD-102776,2024-01-19,South,Office Supplies,Pen Set,6,178.95,0.05,1020.01,588.01,2024,1
ORD-101593,2023-05-09,East,Home & Kitchen,Mixer Grinder,5,4287.62,0.0,21438.1,7788.1,2023,5
ORD-105313,2024-01-07,East,Furniture,Office Chair,2,7498.29,0.0,14996.58,5696.58,2024,1
ORD-103646,2023-03-07,South,Office Supplies,Pen Set,6,174.85,0.1,944.19,512.19,2023,3
ORD-103441,2022-09-07,West,Home & Kitchen,Water Bottle,3,514.36,0.0,1543.08,943.08,2022,9
ORD-101210,2024-05-20,North,Office Supplies,File Organizer,5,459.17,0.05,2181.06,1056.06,2024,5
ORD-100567,2022-03-25,West,Office Supplies,File Organizer,2,446.69,0.0,893.38,443.38,2022,3
ORD-101873,2024-12-20,South,Electronics,Headphones,2,3526.57,0.0,7053.14,3203.14,2024,12
ORD-102471,2024-09-08,South,Clothing,Sneakers,1,2914.14,0.0,2914.14,1054.14,2024,9
ORD-100548,2024-05-17,South,Clothing,Jacket,4,3595.14,0.1,12942.5,4542.5,2024,5
ORD-101717,2023-12-08,South,Home & Kitchen,Mixer Grinder,7,4266.33,0.15,25384.66,6274.66,2023,12
ORD-100864,2022-05-25,South,Office Supplies,File Organizer,7,455.6,0.0,3189.2,1614.2,2022,5
ORD-104651,2024-07-06,North,Office Supplies,Pen Set,4,185.36,0.05,704.37,416.37,2024,7
ORD-101392,2022-06-10,North,Furniture,Bookshelf,1,6165.92,0.1,5549.33,2069.33,2022,6
ORD-104610,2024-09-08,South,Furniture,Study Desk,3,9372.21,0.0,28116.63,11016.63,2024,9
ORD-104856,2023-07-17,West,Clothing,Jeans,1,1838.83,0.05,1746.89,756.89,2023,7
ORD-102525,2022-07-23,South,Home & Kitchen,Mixer Grinder,1,4299.12,0.2,3439.3,709.3,2022,7
ORD-102127,2023-02-07,North,Clothing,Jeans,2,1806.22,0.0,3612.44,1632.44,2023,2
ORD-102163,2023-06-03,East,Furniture,Bookshelf,1,6095.83,0.15,5181.46,1701.46,2023,6
ORD-105929,2022-03-09,North,Home & Kitchen,Mixer Grinder,6,4192.93,0.05,23899.7,7519.7,2022,3
ORD-100720,2023-09-12,West,Office Supplies,Pen Set,7,177.86,0.0,1245.02,741.02,2023,9
ORD-103023,2023-11-06,West,Office Supplies,File Organizer,6,460.0,0.15,2346.0,996.0,2023,11
ORD-100690,2022-12-16,South,Office Supplies,Pen Set,7,183.86,0.1,1158.32,654.32,2022,12
ORD-101773,2024-09-26,North,Home & Kitchen,Water Bottle,3,510.06,0.15,1300.65,700.65,2024,9
ORD-100602,2024-10-14,West,Office Supplies,Notebook Pack,4,248.27,0.1,893.77,443.77,2024,10
ORD-104266,2023-06-01,North,Office Supplies,Printer,1,9188.3,0.0,9188.3,2438.3,2023,6
ORD-102787,2023-10-09,South,Clothing,Jeans,4,1844.46,0.15,6271.16,2311.16,2023,10
ORD-102328,2023-11-09,South,Clothing,Sneakers,5,3076.24,0.05,14612.14,5312.14,2023,11
ORD-105416,2022-02-16,East,Clothing,Sneakers,2,3006.77,0.05,5712.86,1992.86,2022,2
ORD-100503,2023-09-01,South,Home & Kitchen,Cookware Set,3,3804.46,0.0,11413.38,5143.38,2023,9
ORD-100318,2022-12-28,South,Office Supplies,File Organizer,7,439.33,0.1,2767.78,1192.78,2022,12
ORD-100274,2024-02-27,West,Electronics,Smartphone,3,23495.52,0.05,66962.23,9362.23,2024,2
ORD-105281,2023-01-04,South,Clothing,T-Shirt,2,691.36,0.0,1382.72,682.72,2023,1
ORD-103063,2024-09-27,South,Clothing,Sneakers,4,3037.67,0.0,12150.68,4710.68,2024,9
ORD-101361,2023-04-08,North,Clothing,Sneakers,7,3076.56,0.2,17228.74,4208.74,2023,4
ORD-105434,2024-04-22,West,Office Supplies,File Organizer,2,452.02,0.1,813.64,363.64,2024,4
ORD-101526,2023-03-16,North,Clothing,Sneakers,2,2951.23,0.05,5607.34,1887.34,2023,3
ORD-102488,2022-06-02,South,Clothing,Sneakers,3,3028.97,0.15,7723.87,2143.87,2022,6
ORD-102925,2023-11-23,South,Office Supplies,Printer,2,9013.45,0.0,18026.9,4526.9,2023,11
ORD-103319,2023-01-15,East,Electronics,Headphones,6,3579.35,0.05,20402.29,8852.29,2023,1
ORD-102412,2023-05-25,South,Clothing,Jeans,4,1804.99,0.0,7219.96,3259.96,2023,5
ORD-102405,2022-11-10,East,Home & Kitchen,Mixer Grinder,2,4147.96,0.15,7051.53,1591.53,2022,11
ORD-104961,2022-08-02,East,Furniture,Office Chair,2,7591.75,0.0,15183.5,5883.5,2022,8
ORD-104934,2023-12-30,North,Office Supplies,Pen Set,1,183.83,0.15,156.26,84.26,2023,12
ORD-105951,2023-07-09,West,Office Supplies,Pen Set,6,178.02,0.05,1014.71,582.71,2023,7
ORD-103728,2024-03-29,West,Clothing,T-Shirt,2,706.41,0.0,1412.82,712.82,2024,3
ORD-100945,2022-11-08,East,Clothing,Sneakers,2,3024.89,0.0,6049.78,2329.78,2022,11
ORD-104907,2022-06-16,South,Electronics,Laptop,1,51308.72,0.0,51308.72,10748.72,2022,6
ORD-105923,2023-01-04,North,Clothing,Sneakers,2,3002.24,0.05,5704.26,1984.26,2023,1
ORD-100295,2024-10-14,East,Clothing,Sneakers,3,2933.11,0.0,8799.33,3219.33,2024,10
ORD-102609,2023-03-09,West,Electronics,Smartwatch,2,7914.06,0.05,15036.71,4636.71,2023,3
ORD-105679,2023-03-31,East,Office Supplies,Pen Set,1,185.08,0.1,166.57,94.57,2023,3
ORD-100298,2024-06-12,East,Office Supplies,Notebook Pack,7,256.92,0.1,1618.6,831.1,2024,6
ORD-100068,2022-02-15,North,Office Supplies,Notebook Pack,7,253.98,0.1,1600.07,812.57,2022,2
ORD-105306,2024-12-30,South,Office Supplies,Notebook Pack,3,244.36,0.0,733.08,395.58,2024,12
ORD-100736,2022-10-01,North,Electronics,Laptop,2,50673.44,0.0,101346.88,20226.88,2022,10
ORD-101598,2024-07-16,North,Office Supplies,Pen Set,5,184.44,0.0,922.2,562.2,2024,7
ORD-105671,2024-09-12,North,Clothing,Jeans,2,1834.06,0.0,3668.12,1688.12,2024,9
ORD-103135,2024-05-23,East,Clothing,Jeans,4,1759.6,0.15,5982.64,2022.64,2024,5
ORD-101503,2023-06-03,South,Office Supplies,Pen Set,3,178.04,0.0,534.12,318.12,2023,6
ORD-103196,2023-10-23,West,Clothing,T-Shirt,3,711.79,0.05,2028.6,978.6,2023,10
ORD-100150,2024-07-31,East,Home & Kitchen,Mixer Grinder,1,4253.87,0.0,4253.87,1523.87,2024,7
ORD-100756,2023-02-11,East,Clothing,Sneakers,1,3060.58,0.15,2601.49,741.49,2023,2
ORD-102142,2024-05-29,West,Office Supplies,Notebook Pack,1,245.91,0.15,209.02,96.52,2024,5
ORD-105602,2024-10-09,South,Office Supplies,Notebook Pack,1,249.84,0.05,237.35,124.85,2024,10
ORD-105471,2022-03-31,North,Office Supplies,Notebook Pack,3,248.92,0.0,746.76,409.26,2022,3
ORD-100169,2024-11-24,East,Clothing,Jeans,4,1830.56,0.0,7322.24,3362.24,2024,11
ORD-105907,2023-12-23,North,Home & Kitchen,Mixer Grinder,3,4151.17,0.05,11830.83,3640.83,2023,12
ORD-100376,2024-11-10,North,Office Supplies,Notebook Pack,6,247.49,0.1,1336.45,661.45,2024,11
ORD-102304,2023-06-16,East,Clothing,Sneakers,5,3022.21,0.05,14355.5,5055.5,2023,6
ORD-102500,2022-02-20,East,Electronics,Laptop,3,53505.93,0.0,160517.79,38837.79,2022,2
ORD-100859,2023-09-17,South,Electronics,Headphones,6,3595.25,0.05,20492.92,8942.92,2023,9
ORD-104930,2024-05-20,West,Office Supplies,Notebook Pack,7,244.78,0.1,1542.11,754.61,2024,5
ORD-101945,2024-11-02,West,Office Supplies,Notebook Pack,3,255.12,0.05,727.09,389.59,2024,11
ORD-104189,2023-08-21,South,Furniture,Bookshelf,3,5935.02,0.1,16024.55,5584.55,2023,8
ORD-105814,2023-09-24,West,Office Supplies,File Organizer,7,459.1,0.05,3053.02,1478.02,2023,9
ORD-100378,2023-04-16,West,Office Supplies,Notebook Pack,5,252.39,0.05,1198.85,636.35,2023,4
ORD-102855,2024-11-13,South,Furniture,Office Chair,1,7283.71,0.2,5826.97,1176.97,2024,11
ORD-100366,2024-06-06,West,Office Supplies,Pen Set,1,185.37,0.0,185.37,113.37,2024,6
ORD-102414,2023-08-14,North,Electronics,Headphones,2,3566.09,0.05,6775.57,2925.57,2023,8
ORD-101432,2022-02-22,North,Clothing,Jacket,6,3525.95,0.1,19040.13,6440.13,2022,2
ORD-103434,2022-04-17,South,Clothing,Sneakers,1,3079.74,0.0,3079.74,1219.74,2022,4
ORD-104294,2024-07-13,South,Electronics,Smartphone,2,24393.66,0.05,46347.95,7947.95,2024,7
ORD-105976,2024-05-17,East,Electronics,Smartphone,3,23540.94,0.1,63560.54,5960.54,2024,5
ORD-104695,2024-02-12,South,Electronics,Headphones,2,3600.59,0.0,7201.18,3351.18,2024,2
ORD-101818,2023-08-27,West,Home & Kitchen,Water Bottle,3,489.37,0.0,1468.11,868.11,2023,8
ORD-103715,2024-08-06,South,Office Supplies,File Organizer,5,448.48,0.05,2130.28,1005.28,2024,8
ORD-100841,2024-06-29,North,Home & Kitchen,Water Bottle,4,508.9,0.05,1933.82,1133.82,2024,6
ORD-102704,2024-03-29,West,Office Supplies,Printer,2,8837.34,0.1,15907.21,2407.21,2024,3
ORD-101189,2024-01-25,North,Clothing,Jeans,7,1813.37,0.0,12693.59,5763.59,2024,1
ORD-100175,2022-03-07,West,Home & Kitchen,Water Bottle,6,506.08,0.0,3036.48,1836.48,2022,3
ORD-104122,2024-10-01,East,Electronics,Headphones,1,3476.35,0.05,3302.53,1377.53,2024,10
ORD-105203,2023-07-13,South,Furniture,Office Chair,2,7418.6,0.05,14095.34,4795.34,2023,7
ORD-101260,2022-03-06,West,Home & Kitchen,Cookware Set,2,3859.25,0.1,6946.65,2766.65,2022,3
ORD-101096,2022-10-13,East,Office Supplies,Printer,1,9203.72,0.15,7823.16,1073.16,2022,10
ORD-101443,2022-04-01,North,Electronics,Smartwatch,3,7893.85,0.1,21313.4,5713.4,2022,4
ORD-105509,2023-11-25,West,Office Supplies,Notebook Pack,6,251.29,0.0,1507.74,832.74,2023,11
ORD-102586,2023-02-15,North,Electronics,Smartwatch,3,8147.1,0.05,23219.24,7619.24,2023,2
ORD-103077,2023-12-12,North,Clothing,Jeans,6,1777.66,0.0,10665.96,4725.96,2023,12
ORD-101187,2024-12-24,West,Office Supplies,Notebook Pack,1,254.94,0.0,254.94,142.44,2024,12
ORD-105219,2022-06-17,East,Clothing,Sneakers,2,3063.16,0.1,5513.69,1793.69,2022,6
ORD-102794,2024-08-21,South,Clothing,T-Shirt,2,700.76,0.05,1331.44,631.44,2024,8
ORD-101030,2023-10-29,North,Electronics,Laptop,3,51185.95,0.05,145879.96,24199.96,2023,10
ORD-102375,2022-07-22,South,Clothing,T-Shirt,2,695.04,0.15,1181.57,481.57,2022,7
ORD-100300,2024-06-11,South,Furniture,Study Desk,1,9688.56,0.0,9688.56,3988.56,2024,6
ORD-103290,2023-03-11,South,Office Supplies,Pen Set,5,178.48,0.0,892.4,532.4,2023,3
ORD-101472,2022-05-28,South,Office Supplies,Pen Set,5,178.57,0.2,714.28,354.28,2022,5
ORD-105141,2023-10-30,South,Office Supplies,Notebook Pack,3,256.66,0.1,692.98,355.48,2023,10
ORD-105647,2022-04-24,South,Office Supplies,Pen Set,1,181.45,0.05,172.38,100.38,2022,4
ORD-104872,2024-03-15,South,Home & Kitchen,Mixer Grinder,6,4318.28,0.1,23318.71,6938.71,2024,3
ORD-105924,2023-10-29,South,Furniture,Office Chair,2,7555.7,0.1,13600.26,4300.26,2023,10
ORD-101813,2022-10-31,North,Office Supplies,Notebook Pack,2,252.34,0.1,454.21,229.21,2022,10
ORD-104077,2023-11-09,South,Furniture,Office Chair,3,7513.25,0.05,21412.76,7462.76,2023,11
ORD-104958,2023-03-20,West,Office Supplies,File Organizer,6,443.36,0.0,2660.16,1310.16,2023,3
ORD-104244,2024-04-07,North,Office Supplies,Notebook Pack,4,246.11,0.0,984.44,534.44,2024,4
ORD-105878,2024-04-01,North,Electronics,Smartphone,3,23524.96,0.1,63517.39,5917.39,2024,4
ORD-104957,2022-11-06,East,Clothing,T-Shirt,4,694.23,0.0,2776.92,1376.92,2022,11
ORD-101338,2024-09-22,West,Electronics,Headphones,5,3481.03,0.1,15664.64,6039.64,2024,9
ORD-103055,2023-08-23,South,Home & Kitchen,Water Bottle,6,485.67,0.1,2622.62,1422.62,2023,8
ORD-104308,2024-11-13,South,Clothing,Jeans,3,1780.37,0.0,5341.11,2371.11,2024,11
ORD-103992,2022-04-23,South,Office Supplies,Pen Set,4,180.35,0.0,721.4,433.4,2022,4
ORD-102008,2022-07-25,West,Home & Kitchen,Mixer Grinder,3,4283.54,0.1,11565.56,3375.56,2022,7
ORD-103303,2024-12-31,North,Clothing,T-Shirt,3,713.4,0.0,2140.2,1090.2,2024,12
ORD-103857,2023-06-18,South,Clothing,T-Shirt,1,720.37,0.1,648.33,298.33,2023,6
ORD-102451,2024-04-10,South,Electronics,Headphones,1,3473.95,0.0,3473.95,1548.95,2024,4
ORD-105018,2023-12-03,South,Electronics,Headphones,4,3414.31,0.2,10925.79,3225.79,2023,12
ORD-105812,2024-02-25,South,Home & Kitchen,Water Bottle,1,513.47,0.0,513.47,313.47,2024,2
ORD-100257,2022-05-25,West,Electronics,Headphones,2,3445.89,0.1,6202.6,2352.6,2022,5
ORD-100507,2024-08-11,West,Electronics,Smartphone,2,23811.53,0.05,45241.91,6841.91,2024,8
ORD-102402,2024-05-15,North,Clothing,T-Shirt,2,707.39,0.0,1414.78,714.78,2024,5
ORD-100099,2024-12-01,North,Electronics,Smartwatch,3,7834.82,0.15,19978.79,4378.79,2024,12
ORD-103102,2024-11-29,West,Office Supplies,Printer,3,9138.49,0.0,27415.47,7165.47,2024,11
ORD-100744,2023-09-07,South,Electronics,Headphones,7,3573.3,0.0,25013.1,11538.1,2023,9
ORD-105689,2024-10-05,West,Clothing,Jeans,2,1825.61,0.1,3286.1,1306.1,2024,10
ORD-104054,2024-08-01,South,Home & Kitchen,Mixer Grinder,3,4188.17,0.15,10679.83,2489.83,2024,8
ORD-104372,2023-09-11,East,Electronics,Headphones,4,3492.59,0.0,13970.36,6270.36,2023,9
ORD-105974,2024-12-07,West,Electronics,Headphones,3,3519.02,0.05,10029.21,4254.21,2024,12
ORD-101437,2023-09-15,South,Office Supplies,Pen Set,7,182.66,0.0,1278.62,774.62,2023,9
ORD-103768,2024-02-05,North,Clothing,Jeans,5,1764.59,0.0,8822.95,3872.95,2024,2
ORD-100402,2024-06-13,West,Electronics,Laptop,1,50802.59,0.0,50802.59,10242.59,2024,6
ORD-100949,2023-02-22,West,Home & Kitchen,Cookware Set,4,3760.54,0.0,15042.16,6682.16,2023,2
ORD-104290,2022-04-28,West,Office Supplies,Notebook Pack,7,256.43,0.1,1615.51,828.01,2022,4
ORD-100668,2022-12-28,South,Furniture,Office Chair,3,7467.39,0.05,21282.06,7332.06,2022,12
ORD-101962,2023-11-07,South,Clothing,Jeans,5,1757.59,0.0,8787.95,3837.95,2023,11
ORD-104456,2022-07-20,West,Office Supplies,File Organizer,1,460.66,0.05,437.63,212.63,2022,7
ORD-102640,2024-04-06,South,Office Supplies,Notebook Pack,1,251.29,0.0,251.29,138.79,2024,4
ORD-105102,2022-02-04,North,Clothing,Jeans,2,1824.25,0.0,3648.5,1668.5,2022,2
ORD-104101,2024-02-01,West,Clothing,Sneakers,1,2975.16,0.0,2975.16,1115.16,2024,2
ORD-104919,2023-05-14,West,Electronics,Laptop,2,50858.91,0.1,91546.04,10426.04,2023,5
ORD-100777,2022-08-07,East,Clothing,T-Shirt,4,715.87,0.0,2863.48,1463.48,2022,8
ORD-103532,2023-07-29,North,Home & Kitchen,Water Bottle,3,485.3,0.05,1383.11,783.11,2023,7
ORD-105916,2024-07-01,North,Clothing,Sneakers,1,2981.04,0.15,2533.88,673.88,2024,7
ORD-103358,2024-02-24,South,Clothing,T-Shirt,5,706.86,0.15,3004.16,1254.16,2024,2
ORD-101491,2024-07-26,South,Home & Kitchen,Water Bottle,4,498.01,0.1,1792.84,992.84,2024,7
ORD-103793,2022-07-26,West,Electronics,Smartphone,3,24474.34,0.15,62409.57,4809.57,2022,7
ORD-103504,2024-04-08,East,Clothing,T-Shirt,4,694.57,0.05,2639.37,1239.37,2024,4
ORD-102441,2022-08-04,East,Office Supplies,Notebook Pack,1,244.15,0.05,231.94,119.44,2022,8
ORD-104597,2022-08-31,South,Office Supplies,Printer,1,9154.95,0.05,8697.2,1947.2,2022,8
ORD-103018,2023-02-04,South,Clothing,Jacket,4,3524.19,0.0,14096.76,5696.76,2023,2
ORD-100517,2024-05-04,East,Clothing,Jeans,1,1755.8,0.1,1580.22,590.22,2024,5
ORD-104504,2022-06-27,East,Clothing,Sneakers,5,3015.73,0.0,15078.65,5778.65,2022,6
ORD-105220,2022-05-22,South,Office Supplies,Pen Set,6,183.79,0.0,1102.74,670.74,2022,5
ORD-104201,2024-07-10,South,Clothing,Sneakers,1,3032.72,0.2,2426.18,566.18,2024,7
ORD-103869,2023-07-22,North,Home & Kitchen,Water Bottle,4,492.92,0.0,1971.68,1171.68,2023,7
ORD-103439,2023-11-29,North,Furniture,Office Chair,2,7639.17,0.15,12986.59,3686.59,2023,11
ORD-100568,2023-03-27,North,Clothing,T-Shirt,6,688.3,0.1,3716.82,1616.82,2023,3
ORD-100360,2024-11-06,South,Office Supplies,Pen Set,2,176.38,0.0,352.76,208.76,2024,11
ORD-102439,2024-05-18,North,Furniture,Office Chair,1,7484.03,0.05,7109.83,2459.83,2024,5
ORD-100759,2023-07-15,North,Office Supplies,Notebook Pack,5,247.48,0.0,1237.4,674.9,2023,7
ORD-103832,2023-05-21,East,Clothing,Jacket,2,3555.1,0.1,6399.18,2199.18,2023,5
ORD-103956,2024-12-23,West,Clothing,Jacket,2,3564.26,0.2,5702.82,1502.82,2024,12
ORD-103878,2022-01-30,West,Furniture,Office Chair,1,7447.32,0.0,7447.32,2797.32,2022,1
ORD-100214,2024-04-05,South,Office Supplies,Notebook Pack,2,256.17,0.0,512.34,287.34,2024,4
ORD-105291,2023-06-30,West,Office Supplies,Pen Set,5,180.04,0.0,900.2,540.2,2023,6
ORD-102119,2022-11-03,West,Clothing,Jacket,4,3457.48,0.0,13829.92,5429.92,2022,11
ORD-103181,2022-11-20,East,Electronics,Headphones,6,3504.6,0.0,21027.6,9477.6,2022,11
ORD-100725,2022-03-02,West,Office Supplies,Pen Set,7,184.89,0.1,1164.81,660.81,2022,3
ORD-102627,2023-02-26,West,Home & Kitchen,Cookware Set,5,3790.52,0.0,18952.6,8502.6,2023,2
ORD-100049,2022-07-09,West,Office Supplies,File Organizer,2,444.29,0.05,844.15,394.15,2022,7
ORD-104810,2023-09-17,North,Office Supplies,Pen Set,3,182.12,0.0,546.36,330.36,2023,9
ORD-100887,2022-06-28,North,Office Supplies,Notebook Pack,3,252.28,0.05,719.0,381.5,2022,6
ORD-104228,2023-10-25,South,Electronics,Smartphone,2,24716.41,0.15,42017.9,3617.9,2023,10
ORD-104781,2024-12-30,South,Clothing,T-Shirt,1,711.3,0.0,711.3,361.3,2024,12
ORD-102263,2022-05-09,East,Home & Kitchen,Water Bottle,7,511.18,0.1,3220.43,1820.43,2022,5
ORD-102549,2022-12-26,East,Clothing,Jeans,2,1808.12,0.0,3616.24,1636.24,2022,12
ORD-100463,2023-01-02,West,Office Supplies,Notebook Pack,7,250.79,0.1,1579.98,792.48,2023,1
ORD-103470,2023-06-20,North,Clothing,Jeans,3,1780.14,0.05,5073.4,2103.4,2023,6
ORD-103248,2024-09-23,South,Clothing,T-Shirt,2,680.81,0.0,1361.62,661.62,2024,9
ORD-100450,2022-03-04,West,Office Supplies,Notebook Pack,7,248.67,0.2,1392.55,605.05,2022,3
ORD-102828,2024-07-16,North,Furniture,Office Chair,3,7635.21,0.0,22905.63,8955.63,2024,7
ORD-102650,2024-12-26,South,Office Supplies,Notebook Pack,2,243.79,0.0,487.58,262.58,2024,12
ORD-100312,2022-10-26,South,Home & Kitchen,Water Bottle,7,507.83,0.0,3554.81,2154.81,2022,10
ORD-102330,2023-11-15,South,Furniture,Office Chair,1,7330.95,0.1,6597.85,1947.85,2023,11
ORD-105459,2022-04-01,North,Electronics,Laptop,1,50593.63,0.0,50593.63,10033.63,2022,4
ORD-100451,2024-09-28,North,Office Supplies,Notebook Pack,6,246.71,0.0,1480.26,805.26,2024,9
ORD-105440,2022-06-25,West,Office Supplies,Notebook Pack,5,254.26,0.0,1271.3,708.8,2022,6
ORD-100890,2023-02-22,South,Clothing,T-Shirt,7,681.75,0.15,4056.41,1606.41,2023,2
ORD-102997,2022-10-04,West,Office Supplies,Pen Set,1,182.09,0.0,182.09,110.09,2022,10
ORD-103605,2022-01-07,South,Home & Kitchen,Water Bottle,7,490.88,0.0,3436.16,2036.16,2022,1
ORD-104421,2022-08-29,North,Furniture,Office Chair,1,7472.18,0.1,6724.96,2074.96,2022,8
ORD-105754,2022-04-30,North,Clothing,Jeans,4,1793.75,0.05,6816.25,2856.25,2022,4
ORD-103945,2024-09-26,North,Electronics,Smartphone,2,24092.67,0.05,45776.07,7376.07,2024,9
ORD-101476,2023-06-17,North,Office Supplies,Printer,2,8854.24,0.1,15937.63,2437.63,2023,6
ORD-105533,2023-03-03,South,Clothing,Jacket,2,3457.78,0.0,6915.56,2715.56,2023,3
ORD-105447,2023-03-10,West,Office Supplies,Notebook Pack,2,246.78,0.15,419.53,194.53,2023,3
ORD-103607,2022-11-09,South,Office Supplies,File Organizer,2,439.99,0.05,835.98,385.98,2022,11
ORD-105046,2022-10-24,East,Home & Kitchen,Cookware Set,7,3702.83,0.0,25919.81,11289.81,2022,10
ORD-102945,2023-05-27,East,Clothing,Jeans,6,1847.4,0.1,9975.96,4035.96,2023,5
ORD-105377,2024-04-11,East,Office Supplies,Notebook Pack,6,256.55,0.2,1231.44,556.44,2024,4
ORD-105417,2024-11-29,East,Office Supplies,File Organizer,5,439.58,0.0,2197.9,1072.9,2024,11
ORD-105142,2023-01-26,South,Clothing,Jacket,7,3599.29,0.0,25195.03,10495.03,2023,1
ORD-101907,2022-04-12,North,Home & Kitchen,Mixer Grinder,5,4079.94,0.05,19379.72,5729.72,2022,4
ORD-103942,2022-09-11,West,Clothing,Sneakers,4,2966.0,0.0,11864.0,4424.0,2022,9
ORD-104256,2022-02-15,West,Home & Kitchen,Cookware Set,3,3689.22,0.1,9960.89,3690.89,2022,2
ORD-100368,2023-02-14,South,Clothing,T-Shirt,7,720.99,0.1,4542.24,2092.24,2023,2
ORD-101937,2023-12-05,North,Furniture,Sofa Set,1,32155.06,0.2,25724.05,3324.05,2023,12
ORD-101151,2024-09-23,West,Clothing,Jacket,7,3499.38,0.15,20821.31,6121.31,2024,9
ORD-104949,2024-03-10,West,Furniture,Study Desk,3,9336.47,0.0,28009.41,10909.41,2024,3
ORD-103754,2023-07-19,West,Clothing,T-Shirt,6,695.48,0.0,4172.88,2072.88,2023,7
ORD-100191,2022-11-04,West,Electronics,Headphones,4,3582.25,0.0,14329.0,6629.0,2022,11
ORD-100174,2022-08-09,North,Office Supplies,Pen Set,2,181.98,0.0,363.96,219.96,2022,8
ORD-103322,2024-03-27,South,Electronics,Headphones,6,3463.34,0.0,20780.04,9230.04,2024,3
ORD-102210,2024-12-31,South,Office Supplies,Pen Set,2,181.51,0.2,290.42,146.42,2024,12
ORD-105469,2022-05-14,South,Clothing,Sneakers,2,2940.63,0.0,5881.26,2161.26,2022,5
ORD-103447,2024-05-18,North,Office Supplies,File Organizer,6,456.69,0.05,2603.13,1253.13,2024,5
ORD-102676,2023-07-28,West,Clothing,Sneakers,6,2968.0,0.05,16917.6,5757.6,2023,7
ORD-101164,2022-07-18,South,Home & Kitchen,Water Bottle,1,499.56,0.0,499.56,299.56,2022,7
ORD-102827,2022-10-14,West,Home & Kitchen,Water Bottle,6,508.34,0.0,3050.04,1850.04,2022,10
ORD-105704,2023-10-07,East,Electronics,Headphones,7,3443.09,0.1,21691.47,8216.47,2023,10
ORD-104577,2022-04-21,North,Office Supplies,Pen Set,5,183.39,0.05,871.1,511.1,2022,4
ORD-101661,2024-01-08,East,Home & Kitchen,Water Bottle,7,510.01,0.05,3391.57,1991.57,2024,1
ORD-100508,2023-08-22,West,Clothing,T-Shirt,3,703.96,0.0,2111.88,1061.88,2023,8
ORD-100166,2024-08-03,East,Clothing,T-Shirt,2,704.35,0.1,1267.83,567.83,2024,8
ORD-103977,2022-07-08,East,Home & Kitchen,Mixer Grinder,4,4218.36,0.05,16029.77,5109.77,2022,7
ORD-104214,2023-11-04,East,Clothing,Jeans,1,1834.35,0.1,1650.91,660.91,2023,11
ORD-104140,2023-04-24,West,Electronics,Laptop,3,51962.13,0.0,155886.39,34206.39,2023,4
ORD-105949,2024-01-24,North,Office Supplies,Pen Set,2,180.36,0.05,342.68,198.68,2024,1
ORD-100103,2024-12-07,East,Home & Kitchen,Mixer Grinder,2,4207.91,0.0,8415.82,2955.82,2024,12
ORD-102536,2024-06-14,North,Electronics,Headphones,5,3589.86,0.1,16154.37,6529.37,2024,6
ORD-105816,2023-01-01,South,Clothing,Jeans,4,1798.96,0.0,7195.84,3235.84,2023,1
ORD-103796,2024-01-20,West,Electronics,Laptop,1,52984.12,0.0,52984.12,12424.12,2024,1
ORD-101752,2024-10-02,North,Home & Kitchen,Cookware Set,2,3767.31,0.2,6027.7,1847.7,2024,10
ORD-105488,2023-05-19,East,Office Supplies,Notebook Pack,3,244.04,0.2,585.7,248.2,2023,5
ORD-102845,2023-11-22,North,Clothing,T-Shirt,1,685.91,0.1,617.32,267.32,2023,11
ORD-101658,2023-05-04,North,Electronics,Smartwatch,2,7842.11,0.2,12547.38,2147.38,2023,5
ORD-100152,2022-07-09,West,Office Supplies,Pen Set,2,179.69,0.0,359.38,215.38,2022,7
ORD-102718,2022-01-19,West,Clothing,T-Shirt,5,702.51,0.05,3336.92,1586.92,2022,1
ORD-101583,2022-11-30,South,Clothing,Sneakers,2,2942.13,0.0,5884.26,2164.26,2022,11
ORD-104307,2023-02-28,South,Electronics,Headphones,7,3437.58,0.2,19250.45,5775.45,2023,2
ORD-102689,2023-09-10,West,Home & Kitchen,Mixer Grinder,3,4268.07,0.05,12164.0,3974.0,2023,9
ORD-104510,2023-11-23,South,Clothing,T-Shirt,1,700.81,0.0,700.81,350.81,2023,11
ORD-105937,2023-04-28,West,Home & Kitchen,Water Bottle,6,503.92,0.0,3023.52,1823.52,2023,4
ORD-102781,2022-05-23,North,Electronics,Smartwatch,2,8176.64,0.05,15535.62,5135.62,2022,5
ORD-103307,2022-02-08,North,Home & Kitchen,Water Bottle,6,510.08,0.05,2907.46,1707.46,2022,2
ORD-101822,2023-09-30,North,Office Supplies,Notebook Pack,5,256.42,0.15,1089.79,527.29,2023,9
ORD-104742,2024-06-11,North,Electronics,Laptop,3,51922.63,0.05,147979.5,26299.5,2024,6
ORD-103279,2022-05-25,West,Home & Kitchen,Water Bottle,7,491.04,0.0,3437.28,2037.28,2022,5
ORD-100309,2022-07-09,South,Clothing,Jacket,6,3454.17,0.05,19688.77,7088.77,2022,7
ORD-105540,2024-12-01,South,Home & Kitchen,Mixer Grinder,1,4255.52,0.05,4042.74,1312.74,2024,12
ORD-105745,2022-04-06,North,Home & Kitchen,Cookware Set,6,3828.68,0.0,22972.08,10432.08,2022,4
ORD-100495,2023-10-18,West,Electronics,Laptop,3,52804.95,0.1,142573.36,20893.36,2023,10
ORD-100205,2022-10-24,North,Clothing,Jeans,2,1789.01,0.0,3578.02,1598.02,2022,10
ORD-101434,2022-09-30,North,Electronics,Laptop,2,52377.11,0.0,104754.22,23634.22,2022,9
ORD-101135,2023-01-25,East,Clothing,Jeans,5,1795.19,0.05,8527.15,3577.15,2023,1
ORD-100868,2022-05-18,West,Clothing,Jeans,5,1832.42,0.05,8704.0,3754.0,2022,5
ORD-101849,2024-05-22,East,Clothing,Jeans,6,1837.77,0.05,10475.29,4535.29,2024,5
ORD-105673,2023-10-18,East,Clothing,Sneakers,5,2926.92,0.0,14634.6,5334.6,2023,10
ORD-101988,2024-12-21,North,Clothing,Jeans,4,1783.0,0.0,7132.0,3172.0,2024,12
ORD-105373,2023-11-30,West,Home & Kitchen,Water Bottle,1,502.58,0.1,452.32,252.32,2023,11
ORD-101534,2022-04-09,East,Office Supplies,Notebook Pack,5,249.56,0.05,1185.41,622.91,2022,4
ORD-100843,2023-05-14,South,Office Supplies,Notebook Pack,4,253.08,0.05,961.7,511.7,2023,5
ORD-101987,2024-03-11,North,Home & Kitchen,Water Bottle,3,508.46,0.05,1449.11,849.11,2024,3
ORD-105003,2022-08-12,East,Home & Kitchen,Water Bottle,3,499.51,0.0,1498.53,898.53,2022,8
ORD-104028,2023-08-06,West,Home & Kitchen,Cookware Set,5,3702.57,0.0,18512.85,8062.85,2023,8
ORD-103879,2023-05-27,West,Office Supplies,Pen Set,6,181.7,0.15,926.67,494.67,2023,5
ORD-103361,2023-03-03,South,Office Supplies,Pen Set,4,177.2,0.1,637.92,349.92,2023,3
ORD-101538,2024-07-19,East,Electronics,Headphones,3,3426.55,0.0,10279.65,4504.65,2024,7
ORD-100211,2023-11-16,North,Clothing,Sneakers,7,3038.72,0.15,18080.38,5060.38,2023,11
ORD-101957,2022-04-20,East,Office Supplies,Notebook Pack,7,246.94,0.05,1642.15,854.65,2022,4
ORD-103904,2023-04-05,East,Clothing,T-Shirt,2,699.02,0.1,1258.24,558.24,2023,4
ORD-105971,2022-03-10,East,Furniture,Sofa Set,1,31322.52,0.0,31322.52,8922.52,2022,3
ORD-102843,2022-11-08,North,Clothing,T-Shirt,4,692.47,0.15,2354.4,954.4,2022,11
ORD-103655,2022-04-26,East,Home & Kitchen,Mixer Grinder,6,4281.85,0.2,20552.88,4172.88,2022,4
ORD-104702,2023-02-26,South,Electronics,Smartwatch,2,8195.69,0.0,16391.38,5991.38,2023,2
ORD-100680,2022-04-06,North,Clothing,Jeans,7,1791.7,0.1,11287.71,4357.71,2022,4
ORD-100180,2024-10-04,South,Electronics,Smartphone,3,24329.34,0.2,58390.42,790.42,2024,10
ORD-103941,2022-09-05,South,Furniture,Sofa Set,3,32786.05,0.1,88522.34,21322.34,2022,9
ORD-103649,2024-09-03,West,Office Supplies,Pen Set,4,175.19,0.0,700.76,412.76,2024,9
ORD-105925,2022-08-15,North,Office Supplies,Pen Set,4,184.53,0.1,664.31,376.31,2022,8
ORD-100278,2024-09-19,East,Clothing,Sneakers,5,2916.13,0.0,14580.65,5280.65,2024,9
ORD-100289,2022-05-21,North,Home & Kitchen,Cookware Set,6,3911.0,0.0,23466.0,10926.0,2022,5
ORD-105096,2024-03-08,North,Electronics,Smartphone,2,24075.4,0.15,40928.18,2528.18,2024,3
ORD-100993,2022-10-06,North,Office Supplies,File Organizer,5,445.12,0.1,2003.04,878.04,2022,10
ORD-102722,2023-03-14,West,Clothing,Jacket,4,3555.47,0.05,13510.79,5110.79,2023,3
ORD-103235,2022-06-29,South,Office Supplies,Notebook Pack,3,251.28,0.05,716.15,378.65,2022,6
ORD-100270,2022-03-21,North,Office Supplies,Pen Set,5,177.48,0.05,843.03,483.03,2022,3
ORD-104989,2022-05-23,South,Home & Kitchen,Cookware Set,3,3863.86,0.0,11591.58,5321.58,2022,5
ORD-105020,2024-10-27,South,Office Supplies,Pen Set,3,179.79,0.0,539.37,323.37,2024,10
ORD-103837,2022-03-01,North,Office Supplies,Printer,2,8927.83,0.0,17855.66,4355.66,2022,3
ORD-104774,2022-01-10,East,Electronics,Smartwatch,2,7882.94,0.0,15765.88,5365.88,2022,1
ORD-100111,2022-09-26,South,Office Supplies,Pen Set,3,182.73,0.0,548.19,332.19,2022,9
ORD-101391,2024-08-11,East,Electronics,Laptop,2,52448.39,0.15,89162.26,8042.26,2024,8
ORD-100220,2023-01-02,North,Office Supplies,Pen Set,4,177.51,0.1,639.04,351.04,2023,1
ORD-103386,2023-10-18,North,Home & Kitchen,Cookware Set,6,3756.94,0.05,21414.56,8874.56,2023,10
ORD-100083,2022-08-12,East,Electronics,Headphones,6,3545.45,0.0,21272.7,9722.7,2022,8
ORD-105328,2023-06-18,East,Home & Kitchen,Mixer Grinder,1,4157.8,0.05,3949.91,1219.91,2023,6
ORD-105624,2022-01-16,West,Home & Kitchen,Mixer Grinder,1,4209.13,0.2,3367.3,637.3,2022,1
ORD-100461,2022-07-16,North,Clothing,Jacket,7,3578.0,0.0,25046.0,10346.0,2022,7
ORD-105401,2022-09-24,North,Clothing,T-Shirt,3,701.49,0.0,2104.47,1054.47,2022,9
ORD-100551,2022-07-23,South,Office Supplies,Notebook Pack,4,251.32,0.1,904.75,454.75,2022,7
ORD-103634,2023-11-23,North,Clothing,Jeans,3,1822.92,0.0,5468.76,2498.76,2023,11
ORD-105166,2023-03-27,South,Electronics,Laptop,1,52902.61,0.1,47612.35,7052.35,2023,3
ORD-103379,2024-11-25,North,Furniture,Office Chair,1,7473.23,0.0,7473.23,2823.23,2024,11
ORD-103841,2024-01-12,West,Furniture,Bookshelf,1,6015.98,0.05,5715.18,2235.18,2024,1
ORD-102902,2022-07-21,North,Clothing,Sneakers,7,2931.32,0.1,18467.32,5447.32,2022,7
ORD-102146,2022-05-11,North,Office Supplies,Notebook Pack,7,248.8,0.15,1480.36,692.86,2022,5
ORD-105983,2023-02-18,South,Furniture,Office Chair,2,7676.07,0.0,15352.14,6052.14,2023,2
ORD-104687,2023-07-06,West,Home & Kitchen,Cookware Set,2,3748.48,0.1,6747.26,2567.26,2023,7
ORD-100650,2023-05-07,East,Clothing,Jeans,7,1820.31,0.0,12742.17,5812.17,2023,5
ORD-100708,2023-06-19,East,Clothing,T-Shirt,6,698.73,0.1,3773.14,1673.14,2023,6
ORD-103961,2022-06-26,South,Office Supplies,Pen Set,1,178.62,0.15,151.83,79.83,2022,6
ORD-105844,2023-07-16,East,Office Supplies,Pen Set,1,180.4,0.05,171.38,99.38,2023,7
ORD-102463,2023-11-26,East,Home & Kitchen,Air Fryer,3,6543.56,0.05,18649.15,5389.15,2023,11
ORD-101424,2023-03-21,South,Clothing,Sneakers,3,2997.7,0.0,8993.1,3413.1,2023,3
ORD-101216,2023-01-20,West,Clothing,Jeans,5,1755.43,0.1,7899.43,2949.43,2023,1
ORD-104691,2022-11-07,North,Office Supplies,File Organizer,1,449.26,0.15,381.87,156.87,2022,11
ORD-105422,2024-06-18,North,Clothing,Jeans,6,1799.97,0.05,10259.83,4319.83,2024,6
ORD-102819,2024-10-31,South,Home & Kitchen,Cookware Set,2,3858.1,0.0,7716.2,3536.2,2024,10
ORD-100314,2023-03-27,South,Clothing,Jeans,2,1749.79,0.0,3499.58,1519.58,2023,3
ORD-102865,2022-06-18,West,Office Supplies,Printer,2,9153.98,0.05,17392.56,3892.56,2022,6
ORD-101427,2022-04-19,West,Electronics,Smartwatch,1,7769.52,0.15,6604.09,1404.09,2022,4
ORD-102784,2022-10-11,West,Clothing,Jacket,1,3588.96,0.05,3409.51,1309.51,2022,10
ORD-103082,2024-02-01,South,Electronics,Headphones,4,3546.77,0.05,13477.73,5777.73,2024,2
ORD-102970,2023-07-24,South,Home & Kitchen,Air Fryer,3,6585.95,0.1,17782.06,4522.06,2023,7
ORD-104877,2024-02-27,West,Office Supplies,File Organizer,2,461.64,0.1,830.95,380.95,2024,2
ORD-104622,2024-01-07,East,Home & Kitchen,Cookware Set,4,3722.56,0.15,12656.7,4296.7,2024,1
ORD-104942,2023-11-28,North,Office Supplies,Printer,2,9218.55,0.1,16593.39,3093.39,2023,11
ORD-102653,2024-05-06,North,Electronics,Headphones,7,3548.89,0.05,23600.12,10125.12,2024,5
ORD-100684,2024-01-02,North,Furniture,Sofa Set,3,31461.33,0.1,84945.59,17745.59,2024,1
ORD-104500,2022-01-29,North,Office Supplies,Pen Set,3,179.28,0.0,537.84,321.84,2022,1
ORD-105799,2023-05-01,North,Office Supplies,Notebook Pack,2,246.39,0.05,468.14,243.14,2023,5
ORD-105828,2023-09-26,South,Office Supplies,Notebook Pack,3,245.7,0.0,737.1,399.6,2023,9
ORD-105526,2023-01-09,North,Electronics,Smartphone,2,23773.06,0.0,47546.12,9146.12,2023,1
ORD-100326,2024-07-08,South,Home & Kitchen,Air Fryer,3,6376.59,0.1,17216.79,3956.79,2024,7
ORD-105139,2024-08-17,West,Furniture,Office Chair,2,7439.24,0.2,11902.78,2602.78,2024,8
ORD-103612,2023-12-16,West,Clothing,Jeans,4,1815.38,0.0,7261.52,3301.52,2023,12
ORD-105314,2023-03-01,West,Electronics,Headphones,2,3413.64,0.1,6144.55,2294.55,2023,3
ORD-103551,2023-10-22,North,Electronics,Headphones,5,3565.29,0.05,16935.13,7310.13,2023,10
ORD-105474,2024-03-01,West,Electronics,Smartphone,2,23998.15,0.0,47996.3,9596.3,2024,3
ORD-102464,2022-10-16,West,Clothing,Jeans,5,1748.89,0.0,8744.45,3794.45,2022,10
ORD-103970,2024-11-24,North,Clothing,Jacket,4,3463.18,0.15,11774.81,3374.81,2024,11
ORD-100348,2023-11-24,East,Office Supplies,File Organizer,3,450.45,0.05,1283.78,608.78,2023,11
ORD-101626,2023-04-02,South,Home & Kitchen,Water Bottle,3,514.35,0.05,1465.9,865.9,2023,4
ORD-104528,2022-10-28,West,Electronics,Headphones,3,3569.54,0.0,10708.62,4933.62,2022,10
ORD-100871,2022-02-04,West,Clothing,T-Shirt,7,720.16,0.1,4537.01,2087.01,2022,2
ORD-103109,2024-11-11,North,Office Supplies,Pen Set,7,178.51,0.0,1249.57,745.57,2024,11
ORD-105200,2022-11-20,North,Clothing,Jacket,4,3495.26,0.2,11184.83,2784.83,2022,11
ORD-104194,2022-12-12,West,Electronics,Laptop,2,53382.21,0.0,106764.42,25644.42,2022,12
ORD-102218,2024-11-19,South,Office Supplies,Pen Set,1,179.19,0.15,152.31,80.31,2024,11
ORD-104818,2023-10-10,West,Office Supplies,Notebook Pack,3,255.89,0.05,729.29,391.79,2023,10
ORD-102121,2022-02-18,West,Clothing,T-Shirt,7,699.66,0.0,4897.62,2447.62,2022,2
ORD-105048,2022-08-02,East,Office Supplies,Pen Set,4,184.81,0.05,702.28,414.28,2022,8
ORD-100085,2022-05-06,North,Clothing,Sneakers,5,2946.41,0.0,14732.05,5432.05,2022,5
ORD-104382,2022-10-19,East,Electronics,Laptop,2,52033.44,0.0,104066.88,22946.88,2022,10
ORD-101877,2023-01-28,South,Clothing,Sneakers,5,3047.23,0.05,14474.34,5174.34,2023,1
ORD-104850,2022-09-25,South,Office Supplies,Pen Set,1,183.95,0.0,183.95,111.95,2022,9
ORD-105834,2023-10-18,West,Office Supplies,Notebook Pack,3,246.92,0.0,740.76,403.26,2023,10
ORD-100494,2024-06-20,South,Home & Kitchen,Air Fryer,1,6545.14,0.05,6217.88,1797.88,2024,6
ORD-103113,2024-01-29,North,Office Supplies,Printer,2,8897.92,0.0,17795.84,4295.84,2024,1
ORD-105733,2024-10-08,North,Electronics,Headphones,5,3562.55,0.05,16922.11,7297.11,2024,10
ORD-101270,2024-12-08,North,Home & Kitchen,Air Fryer,2,6480.92,0.0,12961.84,4121.84,2024,12
ORD-102789,2023-04-18,West,Home & Kitchen,Mixer Grinder,4,4137.17,0.0,16548.68,5628.68,2023,4
ORD-104503,2023-07-14,West,Clothing,T-Shirt,7,692.88,0.15,4122.64,1672.64,2023,7
ORD-105080,2022-08-22,North,Clothing,Jeans,7,1784.35,0.15,10616.88,3686.88,2022,8
ORD-100618,2022-06-18,South,Office Supplies,Notebook Pack,4,244.03,0.0,976.12,526.12,2022,6
ORD-105256,2023-12-04,East,Furniture,Sofa Set,2,31133.91,0.0,62267.82,17467.82,2023,12
ORD-102764,2022-04-13,North,Office Supplies,Pen Set,1,183.98,0.1,165.58,93.58,2022,4
ORD-102754,2024-09-26,East,Electronics,Smartwatch,2,8130.9,0.0,16261.8,5861.8,2024,9
ORD-104671,2023-01-09,South,Clothing,Sneakers,2,2977.31,0.05,5656.89,1936.89,2023,1
ORD-102345,2022-04-05,West,Office Supplies,File Organizer,5,443.09,0.05,2104.68,979.68,2022,4
ORD-103204,2024-11-04,West,Electronics,Laptop,1,53027.31,0.0,53027.31,12467.31,2024,11
ORD-101413,2024-11-16,North,Clothing,T-Shirt,2,717.29,0.0,1434.58,734.58,2024,11
ORD-102201,2024-11-11,East,Home & Kitchen,Water Bottle,2,496.77,0.05,943.86,543.86,2024,11
ORD-104440,2022-03-02,East,Office Supplies,Notebook Pack,5,246.49,0.05,1170.83,608.33,2022,3
ORD-100869,2022-09-28,East,Clothing,T-Shirt,3,683.21,0.05,1947.15,897.15,2022,9
ORD-102006,2023-08-16,West,Clothing,T-Shirt,2,706.77,0.05,1342.86,642.86,2023,8
ORD-102458,2022-12-05,South,Clothing,Jeans,7,1799.75,0.05,11968.34,5038.34,2022,12
ORD-104250,2023-02-23,South,Clothing,Sneakers,1,3046.35,0.0,3046.35,1186.35,2023,2
ORD-100356,2024-05-26,North,Office Supplies,Notebook Pack,2,245.93,0.15,418.08,193.08,2024,5
ORD-101162,2024-07-27,North,Clothing,T-Shirt,2,690.82,0.0,1381.64,681.64,2024,7
ORD-104668,2024-09-19,West,Furniture,Office Chair,2,7510.92,0.1,13519.66,4219.66,2024,9
ORD-103968,2023-06-12,South,Furniture,Office Chair,2,7644.25,0.15,12995.23,3695.23,2023,6
ORD-103143,2022-04-01,North,Clothing,Jeans,6,1749.71,0.0,10498.26,4558.26,2022,4
ORD-101890,2022-10-22,South,Clothing,T-Shirt,6,679.4,0.05,3872.58,1772.58,2022,10
ORD-100579,2023-02-24,West,Home & Kitchen,Water Bottle,3,506.89,0.1,1368.6,768.6,2023,2
ORD-103142,2024-12-28,West,Furniture,Sofa Set,3,31897.77,0.1,86123.98,18923.98,2024,12
ORD-102683,2023-11-17,North,Home & Kitchen,Air Fryer,3,6604.74,0.0,19814.22,6554.22,2023,11
ORD-100862,2024-06-15,West,Electronics,Headphones,3,3401.63,0.0,10204.89,4429.89,2024,6
ORD-104152,2023-06-18,North,Electronics,Smartphone,2,23854.35,0.1,42937.83,4537.83,2023,6
ORD-103467,2023-01-02,West,Clothing,T-Shirt,1,696.88,0.0,696.88,346.88,2023,1
ORD-104327,2024-05-02,South,Furniture,Office Chair,1,7447.21,0.2,5957.77,1307.77,2024,5
ORD-104760,2023-08-30,North,Furniture,Office Chair,2,7609.72,0.05,14458.47,5158.47,2023,8
ORD-101116,2022-07-06,South,Office Supplies,Pen Set,7,176.4,0.0,1234.8,730.8,2022,7
ORD-101541,2022-11-04,North,Office Supplies,Pen Set,4,180.86,0.15,614.92,326.92,2022,11
ORD-104730,2023-01-22,West,Office Supplies,File Organizer,1,455.0,0.05,432.25,207.25,2023,1
ORD-105655,2022-09-26,West,Clothing,T-Shirt,1,694.15,0.1,624.74,274.74,2022,9
ORD-103630,2022-05-27,South,Clothing,Sneakers,7,2958.61,0.05,19674.76,6654.76,2022,5
ORD-104747,2023-12-17,North,Home & Kitchen,Mixer Grinder,5,4291.68,0.0,21458.4,7808.4,2023,12
ORD-105430,2023-03-16,West,Electronics,Headphones,5,3568.22,0.1,16056.99,6431.99,2023,3
ORD-102834,2024-03-02,West,Office Supplies,Pen Set,1,177.34,0.0,177.34,105.34,2024,3
ORD-105446,2024-07-31,North,Clothing,Sneakers,4,3038.04,0.0,12152.16,4712.16,2024,7
ORD-102523,2023-12-25,South,Office Supplies,Pen Set,6,175.76,0.0,1054.56,622.56,2023,12
ORD-105970,2023-04-18,West,Clothing,Sneakers,3,2951.64,0.0,8854.92,3274.92,2023,4
ORD-103123,2023-07-07,South,Office Supplies,Pen Set,5,182.98,0.1,823.41,463.41,2023,7
ORD-103326,2023-05-13,South,Office Supplies,File Organizer,3,462.53,0.0,1387.59,712.59,2023,5
ORD-105896,2022-06-09,West,Office Supplies,Notebook Pack,6,251.21,0.0,1507.26,832.26,2022,6
ORD-102052,2023-07-05,East,Home & Kitchen,Cookware Set,1,3798.04,0.15,3228.33,1138.33,2023,7
ORD-101776,2024-04-02,North,Furniture,Study Desk,1,9308.49,0.0,9308.49,3608.49,2024,4
ORD-103428,2024-10-31,South,Clothing,Jeans,4,1793.84,0.1,6457.82,2497.82,2024,10
ORD-104407,2023-04-07,North,Clothing,Jeans,4,1791.85,0.0,7167.4,3207.4,2023,4
ORD-101592,2024-11-21,South,Home & Kitchen,Mixer Grinder,4,4274.42,0.05,16242.8,5322.8,2024,11
ORD-101723,2023-10-31,West,Office Supplies,Pen Set,2,185.11,0.0,370.22,226.22,2023,10
ORD-104808,2023-06-16,West,Furniture,Sofa Set,2,31449.87,0.2,50319.79,5519.79,2023,6
ORD-105569,2024-09-23,South,Clothing,T-Shirt,5,719.58,0.0,3597.9,1847.9,2024,9
ORD-100490,2024-03-21,East,Office Supplies,Notebook Pack,2,252.12,0.0,504.24,279.24,2024,3
ORD-105168,2022-06-19,East,Clothing,Jacket,7,3507.66,0.05,23325.94,8625.94,2022,6
ORD-101006,2024-10-29,East,Home & Kitchen,Mixer Grinder,4,4181.28,0.0,16725.12,5805.12,2024,10
ORD-105626,2024-04-25,West,Furniture,Study Desk,2,9522.54,0.0,19045.08,7645.08,2024,4
ORD-104204,2024-05-07,North,Clothing,Jeans,2,1770.55,0.1,3186.99,1206.99,2024,5
ORD-101417,2023-10-13,South,Home & Kitchen,Cookware Set,2,3894.74,0.1,7010.53,2830.53,2023,10
ORD-100025,2022-09-16,South,Home & Kitchen,Air Fryer,3,6333.47,0.05,18050.39,4790.39,2022,9
ORD-101113,2024-11-07,North,Clothing,T-Shirt,3,686.53,0.0,2059.59,1009.59,2024,11
ORD-103618,2023-01-28,South,Clothing,T-Shirt,5,710.18,0.0,3550.9,1800.9,2023,1
ORD-101552,2023-01-04,West,Office Supplies,Notebook Pack,7,247.46,0.0,1732.22,944.72,2023,1
ORD-105932,2023-01-13,West,Electronics,Smartwatch,2,7796.49,0.0,15592.98,5192.98,2023,1
ORD-105640,2023-04-25,East,Clothing,Jacket,6,3604.44,0.0,21626.64,9026.64,2023,4
ORD-100433,2024-08-12,South,Home & Kitchen,Water Bottle,6,495.2,0.0,2971.2,1771.2,2024,8
ORD-104015,2023-10-17,North,Electronics,Headphones,4,3411.96,0.05,12965.45,5265.45,2023,10
ORD-102948,2024-11-27,North,Office Supplies,Pen Set,7,181.33,0.1,1142.38,638.38,2024,11
ORD-105007,2024-01-22,South,Clothing,Jeans,6,1816.23,0.1,9807.64,3867.64,2024,1
ORD-105823,2022-08-21,North,Clothing,Jeans,4,1784.27,0.05,6780.23,2820.23,2022,8
ORD-103442,2022-03-02,North,Clothing,Jeans,2,1780.29,0.0,3560.58,1580.58,2022,3
ORD-104564,2022-08-04,East,Clothing,Jeans,5,1817.19,0.05,8631.65,3681.65,2022,8
ORD-103167,2022-09-08,East,Electronics,Headphones,3,3474.55,0.15,8860.1,3085.1,2022,9
ORD-105910,2024-11-30,East,Home & Kitchen,Cookware Set,7,3717.4,0.1,23419.62,8789.62,2024,11
ORD-101102,2024-06-30,South,Clothing,T-Shirt,2,708.49,0.2,1133.58,433.58,2024,6
ORD-103606,2022-07-13,North,Office Supplies,File Organizer,5,442.82,0.05,2103.39,978.39,2022,7
ORD-104559,2024-03-23,North,Home & Kitchen,Mixer Grinder,6,4125.05,0.0,24750.3,8370.3,2024,3
ORD-104667,2023-02-23,East,Electronics,Smartphone,1,24015.14,0.0,24015.14,4815.14,2023,2
ORD-100194,2022-07-26,North,Electronics,Smartphone,2,24690.36,0.0,49380.72,10980.72,2022,7
ORD-100615,2024-04-24,West,Electronics,Headphones,6,3405.69,0.05,19412.43,7862.43,2024,4
ORD-100643,2022-10-28,North,Office Supplies,Notebook Pack,3,246.03,0.1,664.28,326.78,2022,10
ORD-104414,2022-11-20,South,Office Supplies,Notebook Pack,4,253.82,0.1,913.75,463.75,2022,11
ORD-102705,2023-07-23,South,Office Supplies,Pen Set,1,183.97,0.0,183.97,111.97,2023,7
ORD-105196,2023-06-24,West,Electronics,Laptop,3,51602.36,0.1,139326.37,17646.37,2023,6
ORD-100330,2024-04-25,West,Office Supplies,Pen Set,3,179.08,0.05,510.38,294.38,2024,4
ORD-103705,2022-07-26,South,Electronics,Headphones,6,3568.09,0.0,21408.54,9858.54,2022,7
ORD-103921,2024-09-10,North,Clothing,T-Shirt,2,711.23,0.0,1422.46,722.46,2024,9
ORD-103265,2022-10-22,West,Clothing,Jacket,7,3488.29,0.0,24418.03,9718.03,2022,10
ORD-105595,2024-01-01,North,Office Supplies,Notebook Pack,2,251.05,0.0,502.1,277.1,2024,1
ORD-100719,2024-11-26,East,Office Supplies,Pen Set,5,175.06,0.0,875.3,515.3,2024,11
ORD-105213,2024-10-21,South,Electronics,Headphones,3,3497.43,0.05,9967.68,4192.68,2024,10
ORD-102059,2022-03-16,West,Home & Kitchen,Cookware Set,5,3872.54,0.0,19362.7,8912.7,2022,3
ORD-104198,2022-08-22,North,Clothing,Jeans,1,1823.48,0.15,1549.96,559.96,2022,8
ORD-100032,2023-02-04,South,Electronics,Headphones,5,3430.09,0.05,16292.93,6667.93,2023,2
ORD-100664,2023-02-25,North,Office Supplies,Notebook Pack,7,252.04,0.0,1764.28,976.78,2023,2
ORD-105438,2024-11-16,North,Clothing,Sneakers,1,3038.35,0.0,3038.35,1178.35,2024,11
ORD-103656,2022-08-02,North,Office Supplies,Pen Set,3,181.17,0.0,543.51,327.51,2022,8
ORD-101444,2022-09-17,West,Electronics,Smartphone,2,23568.81,0.1,42423.86,4023.86,2022,9
ORD-102522,2023-03-29,South,Home & Kitchen,Water Bottle,7,495.93,0.15,2950.78,1550.78,2023,3
ORD-105383,2022-09-09,North,Clothing,T-Shirt,1,680.46,0.1,612.41,262.41,2022,9
ORD-105998,2024-09-05,South,Home & Kitchen,Mixer Grinder,5,4191.82,0.05,19911.14,6261.14,2024,9
ORD-101705,2024-12-21,West,Office Supplies,File Organizer,4,444.87,0.0,1779.48,879.48,2024,12
ORD-103787,2022-06-23,North,Office Supplies,Pen Set,5,176.27,0.0,881.35,521.35,2022,6
ORD-105270,2024-11-26,South,Office Supplies,Notebook Pack,6,245.52,0.15,1252.15,577.15,2024,11
ORD-103718,2024-11-09,East,Home & Kitchen,Air Fryer,3,6333.75,0.05,18051.19,4791.19,2024,11
ORD-102277,2022-10-10,West,Clothing,Sneakers,5,3072.24,0.1,13825.08,4525.08,2022,10
ORD-101401,2022-03-31,South,Office Supplies,Notebook Pack,1,246.52,0.0,246.52,134.02,2022,3
ORD-104928,2024-04-06,South,Home & Kitchen,Cookware Set,4,3697.48,0.0,14789.92,6429.92,2024,4
ORD-100170,2022-12-23,East,Home & Kitchen,Water Bottle,6,513.71,0.05,2928.15,1728.15,2022,12
ORD-100540,2024-12-23,South,Home & Kitchen,Cookware Set,4,3889.51,0.15,13224.33,4864.33,2024,12
ORD-103891,2024-02-06,East,Office Supplies,File Organizer,7,442.93,0.0,3100.51,1525.51,2024,2
ORD-104605,2023-01-30,West,Electronics,Headphones,2,3446.94,0.1,6204.49,2354.49,2023,1
ORD-102585,2023-06-27,South,Office Supplies,Pen Set,6,176.26,0.0,1057.56,625.56,2023,6
ORD-105093,2023-03-24,East,Office Supplies,Pen Set,6,178.2,0.15,908.82,476.82,2023,3
ORD-104118,2023-01-25,South,Office Supplies,Pen Set,3,178.94,0.15,456.3,240.3,2023,1
ORD-101815,2023-10-15,North,Office Supplies,Notebook Pack,3,249.24,0.0,747.72,410.22,2023,10
ORD-102750,2022-10-19,South,Clothing,Jacket,5,3483.19,0.15,14803.56,4303.56,2022,10
ORD-102100,2024-05-08,North,Furniture,Study Desk,2,9236.47,0.1,16625.65,5225.65,2024,5
ORD-105361,2022-04-19,West,Office Supplies,Pen Set,2,181.62,0.0,363.24,219.24,2022,4
ORD-102101,2022-06-27,North,Furniture,Office Chair,1,7723.21,0.0,7723.21,3073.21,2022,6
ORD-105206,2022-03-17,East,Office Supplies,File Organizer,3,462.42,0.05,1317.9,642.9,2022,3
ORD-102943,2022-08-14,South,Clothing,Sneakers,7,2926.13,0.0,20482.91,7462.91,2022,8
ORD-101548,2023-01-19,East,Electronics,Headphones,3,3509.21,0.05,10001.25,4226.25,2023,1
ORD-105054,2024-07-21,North,Office Supplies,Notebook Pack,4,242.67,0.0,970.68,520.68,2024,7
ORD-100355,2023-09-23,West,Office Supplies,File Organizer,1,440.75,0.0,440.75,215.75,2023,9
ORD-102622,2022-10-22,East,Furniture,Study Desk,1,9225.29,0.1,8302.76,2602.76,2022,10
ORD-102833,2024-07-31,North,Clothing,T-Shirt,4,699.82,0.05,2659.32,1259.32,2024,7
ORD-103770,2024-11-13,North,Office Supplies,Pen Set,7,178.2,0.1,1122.66,618.66,2024,11
ORD-105776,2024-03-27,North,Electronics,Laptop,1,51981.15,0.1,46783.04,6223.04,2024,3
ORD-104377,2022-09-17,East,Office Supplies,Notebook Pack,4,255.01,0.05,969.04,519.04,2022,9
ORD-101051,2022-06-25,South,Furniture,Bookshelf,1,6083.76,0.05,5779.57,2299.57,2022,6
ORD-102321,2022-04-06,North,Clothing,T-Shirt,6,710.76,0.15,3624.88,1524.88,2022,4
ORD-104248,2022-09-17,South,Electronics,Smartphone,2,24252.52,0.0,48505.04,10105.04,2022,9
ORD-103795,2024-01-25,East,Clothing,T-Shirt,6,682.25,0.05,3888.82,1788.82,2024,1
ORD-101751,2022-09-25,North,Office Supplies,Notebook Pack,4,250.56,0.05,952.13,502.13,2022,9
ORD-103217,2022-01-20,South,Home & Kitchen,Water Bottle,3,509.3,0.1,1375.11,775.11,2022,1
ORD-101772,2023-12-30,South,Electronics,Headphones,6,3416.16,0.0,20496.96,8946.96,2023,12
ORD-101196,2022-10-15,North,Electronics,Headphones,4,3562.6,0.15,12112.84,4412.84,2022,10
ORD-101878,2023-10-16,East,Home & Kitchen,Water Bottle,6,502.25,0.05,2862.82,1662.82,2023,10
ORD-102016,2022-12-12,South,Clothing,Sneakers,5,2969.77,0.0,14848.85,5548.85,2022,12
ORD-102005,2024-09-29,West,Clothing,Jeans,2,1765.62,0.0,3531.24,1551.24,2024,9
ORD-104987,2022-09-10,West,Home & Kitchen,Water Bottle,6,493.04,0.05,2810.33,1610.33,2022,9
ORD-101482,2023-11-26,East,Clothing,T-Shirt,6,683.49,0.0,4100.94,2000.94,2023,11
ORD-100328,2023-12-31,West,Office Supplies,Pen Set,5,177.28,0.1,797.76,437.76,2023,12
ORD-100648,2024-02-23,West,Home & Kitchen,Water Bottle,3,501.15,0.15,1277.93,677.93,2024,2
ORD-101123,2022-08-24,West,Home & Kitchen,Air Fryer,3,6498.82,0.0,19496.46,6236.46,2022,8
ORD-104381,2023-01-27,South,Clothing,T-Shirt,3,714.18,0.0,2142.54,1092.54,2023,1
ORD-105547,2023-12-21,South,Office Supplies,Notebook Pack,2,242.55,0.2,388.08,163.08,2023,12
ORD-103592,2024-07-09,North,Home & Kitchen,Water Bottle,5,498.37,0.0,2491.85,1491.85,2024,7
ORD-104733,2022-10-31,North,Home & Kitchen,Water Bottle,5,511.92,0.15,2175.66,1175.66,2022,10
ORD-105988,2024-11-21,North,Home & Kitchen,Water Bottle,4,514.83,0.0,2059.32,1259.32,2024,11
ORD-101259,2024-12-29,South,Electronics,Smartphone,2,23839.41,0.1,42910.94,4510.94,2024,12
ORD-103189,2022-12-20,South,Clothing,Jeans,2,1790.36,0.05,3401.68,1421.68,2022,12
ORD-105543,2023-12-02,North,Home & Kitchen,Air Fryer,1,6339.48,0.05,6022.51,1602.51,2023,12
ORD-104806,2023-05-15,West,Office Supplies,Notebook Pack,2,257.1,0.15,437.07,212.07,2023,5
ORD-101519,2022-09-20,West,Electronics,Laptop,3,51103.04,0.0,153309.12,31629.12,2022,9
ORD-101378,2024-01-02,East,Office Supplies,Pen Set,3,174.66,0.05,497.78,281.78,2024,1
ORD-104486,2024-06-08,South,Electronics,Headphones,7,3524.7,0.0,24672.9,11197.9,2024,6
ORD-101023,2023-10-02,North,Office Supplies,File Organizer,1,442.28,0.1,398.05,173.05,2023,10
ORD-103017,2022-05-08,South,Office Supplies,Pen Set,5,182.76,0.05,868.11,508.11,2022,5
ORD-104369,2023-06-11,South,Home & Kitchen,Water Bottle,6,492.53,0.05,2807.42,1607.42,2023,6
ORD-102503,2024-08-02,West,Clothing,T-Shirt,4,716.69,0.0,2866.76,1466.76,2024,8
ORD-100912,2024-10-13,West,Clothing,Jeans,6,1778.7,0.05,10138.59,4198.59,2024,10
ORD-104483,2022-11-04,West,Clothing,Jeans,3,1843.17,0.0,5529.51,2559.51,2022,11
ORD-101629,2023-05-17,West,Home & Kitchen,Mixer Grinder,6,4124.55,0.0,24747.3,8367.3,2023,5
ORD-103989,2024-12-29,East,Office Supplies,Notebook Pack,1,256.16,0.0,256.16,143.66,2024,12
ORD-100430,2024-11-03,North,Office Supplies,Pen Set,2,176.05,0.1,316.89,172.89,2024,11
ORD-101808,2023-05-16,West,Home & Kitchen,Water Bottle,5,494.98,0.0,2474.9,1474.9,2023,5
ORD-102509,2024-01-12,East,Home & Kitchen,Air Fryer,2,6692.0,0.05,12714.8,3874.8,2024,1
ORD-103567,2023-08-09,South,Home & Kitchen,Mixer Grinder,3,4153.87,0.1,11215.45,3025.45,2023,8
ORD-103651,2022-10-04,North,Clothing,Sneakers,2,2961.38,0.05,5626.62,1906.62,2022,10
ORD-103625,2023-10-28,East,Clothing,Jeans,4,1841.53,0.1,6629.51,2669.51,2023,10
ORD-103407,2022-11-14,West,Electronics,Headphones,6,3516.75,0.1,18990.45,7440.45,2022,11
ORD-104450,2024-08-16,East,Office Supplies,Printer,1,8939.48,0.0,8939.48,2189.48,2024,8
ORD-105484,2024-09-28,South,Office Supplies,Notebook Pack,7,254.27,0.05,1690.9,903.4,2024,9
ORD-103822,2023-10-08,West,Clothing,T-Shirt,2,698.85,0.0,1397.7,697.7,2023,10
ORD-104701,2023-06-26,West,Office Supplies,Pen Set,3,176.01,0.0,528.03,312.03,2023,6
ORD-105457,2024-01-16,North,Electronics,Smartphone,1,24707.0,0.0,24707.0,5507.0,2024,1
ORD-103488,2022-10-03,West,Home & Kitchen,Water Bottle,4,492.11,0.05,1870.02,1070.02,2022,10
ORD-101995,2024-05-15,South,Office Supplies,Notebook Pack,5,242.5,0.1,1091.25,528.75,2024,5
ORD-103334,2023-03-27,East,Clothing,Jeans,5,1769.87,0.0,8849.35,3899.35,2023,3
ORD-102224,2024-10-10,West,Office Supplies,Notebook Pack,3,247.73,0.0,743.19,405.69,2024,10
ORD-101106,2022-06-08,West,Clothing,Jeans,4,1756.79,0.1,6324.44,2364.44,2022,6
ORD-105066,2023-12-23,North,Home & Kitchen,Cookware Set,6,3770.2,0.15,19228.02,6688.02,2023,12
ORD-100818,2023-12-22,South,Electronics,Headphones,7,3426.84,0.0,23987.88,10512.88,2023,12
ORD-105508,2024-06-18,East,Home & Kitchen,Air Fryer,2,6309.24,0.1,11356.63,2516.63,2024,6
ORD-104463,2024-12-07,South,Clothing,Jeans,1,1804.94,0.1,1624.45,634.45,2024,12
ORD-101697,2024-06-28,North,Home & Kitchen,Mixer Grinder,1,4207.15,0.0,4207.15,1477.15,2024,6
ORD-102669,2023-07-22,West,Home & Kitchen,Cookware Set,6,3886.44,0.05,22152.71,9612.71,2023,7
ORD-100136,2024-11-28,South,Home & Kitchen,Water Bottle,3,502.06,0.2,1204.94,604.94,2024,11
ORD-103396,2022-04-16,North,Clothing,T-Shirt,1,694.04,0.1,624.64,274.64,2022,4
ORD-103066,2023-05-17,West,Office Supplies,Pen Set,3,176.55,0.0,529.65,313.65,2023,5
ORD-105449,2023-06-27,South,Clothing,T-Shirt,2,681.93,0.0,1363.86,663.86,2023,6
ORD-101180,2024-05-13,North,Office Supplies,Notebook Pack,4,255.46,0.0,1021.84,571.84,2024,5
ORD-103950,2023-06-04,West,Electronics,Laptop,2,50629.85,0.1,91133.73,10013.73,2023,6
ORD-100888,2022-08-07,South,Clothing,T-Shirt,7,714.69,0.0,5002.83,2552.83,2022,8
ORD-103295,2024-12-04,West,Office Supplies,Pen Set,4,182.78,0.15,621.45,333.45,2024,12
ORD-102437,2024-02-07,South,Clothing,Sneakers,6,3016.08,0.0,18096.48,6936.48,2024,2
ORD-102885,2022-10-16,West,Electronics,Smartwatch,3,8205.68,0.0,24617.04,9017.04,2022,10
ORD-105554,2024-02-05,North,Clothing,Jeans,3,1804.06,0.15,4600.35,1630.35,2024,2
ORD-100817,2023-10-07,South,Furniture,Office Chair,2,7382.02,0.1,13287.64,3987.64,2023,10
ORD-103580,2024-05-28,West,Clothing,Jacket,3,3477.33,0.05,9910.39,3610.39,2024,5
ORD-102341,2022-04-08,South,Clothing,T-Shirt,3,701.19,0.1,1893.21,843.21,2022,4
ORD-104534,2023-09-01,South,Electronics,Smartwatch,1,7782.15,0.05,7393.04,2193.04,2023,9
ORD-104078,2022-07-30,East,Clothing,Jacket,4,3569.82,0.15,12137.39,3737.39,2022,7
ORD-101264,2023-11-12,North,Clothing,T-Shirt,6,684.32,0.0,4105.92,2005.92,2023,11
ORD-100990,2023-12-22,North,Electronics,Headphones,2,3580.0,0.0,7160.0,3310.0,2023,12
ORD-103392,2024-12-11,West,Clothing,T-Shirt,2,687.69,0.05,1306.61,606.61,2024,12
ORD-101739,2024-06-11,South,Office Supplies,Pen Set,5,184.16,0.05,874.76,514.76,2024,6
ORD-104631,2023-06-29,North,Office Supplies,Notebook Pack,3,254.48,0.0,763.44,425.94,2023,6
ORD-100353,2023-11-08,North,Office Supplies,Pen Set,5,175.79,0.1,791.05,431.05,2023,11
ORD-104686,2022-12-17,West,Home & Kitchen,Mixer Grinder,7,4267.78,0.05,28380.74,9270.74,2022,12
ORD-102584,2022-01-06,South,Home & Kitchen,Air Fryer,1,6608.46,0.05,6278.04,1858.04,2022,1
ORD-104310,2023-09-20,North,Electronics,Laptop,2,53254.16,0.0,106508.32,25388.32,2023,9
ORD-101489,2023-07-31,North,Electronics,Laptop,3,52022.57,0.15,132657.55,10977.55,2023,7
ORD-104734,2024-10-19,South,Office Supplies,Notebook Pack,3,251.68,0.0,755.04,417.54,2024,10
ORD-101228,2024-11-10,East,Furniture,Office Chair,1,7457.75,0.0,7457.75,2807.75,2024,11
ORD-104772,2022-01-07,West,Office Supplies,Pen Set,5,181.54,0.0,907.7,547.7,2022,1
ORD-103931,2023-11-20,North,Clothing,Jeans,6,1852.02,0.05,10556.51,4616.51,2023,11
ORD-105821,2024-08-19,West,Office Supplies,Notebook Pack,2,244.12,0.0,488.24,263.24,2024,8
ORD-105755,2023-12-11,North,Clothing,Jeans,3,1808.82,0.1,4883.81,1913.81,2023,12
ORD-100052,2024-06-19,South,Home & Kitchen,Air Fryer,2,6551.13,0.05,12447.15,3607.15,2024,6
ORD-103275,2024-07-24,West,Electronics,Smartphone,3,24324.94,0.0,72974.82,15374.82,2024,7
ORD-103982,2023-11-16,East,Home & Kitchen,Water Bottle,4,509.81,0.0,2039.24,1239.24,2023,11
ORD-100159,2024-05-31,North,Home & Kitchen,Water Bottle,4,494.06,0.05,1877.43,1077.43,2024,5
ORD-105490,2023-01-17,West,Electronics,Headphones,1,3450.01,0.1,3105.01,1180.01,2023,1
ORD-103830,2023-08-01,West,Clothing,Sneakers,3,3055.37,0.15,7791.19,2211.19,2023,8
ORD-101589,2022-08-16,East,Office Supplies,Pen Set,1,184.1,0.05,174.89,102.89,2022,8
ORD-101479,2023-08-03,North,Home & Kitchen,Cookware Set,2,3855.6,0.15,6554.52,2374.52,2023,8
ORD-101469,2022-08-15,East,Clothing,T-Shirt,5,701.25,0.0,3506.25,1756.25,2022,8
ORD-102916,2022-11-07,West,Clothing,T-Shirt,4,708.22,0.0,2832.88,1432.88,2022,11
ORD-103076,2023-02-19,East,Home & Kitchen,Mixer Grinder,7,4320.62,0.05,28732.12,9622.12,2023,2
ORD-102078,2023-01-02,North,Home & Kitchen,Water Bottle,6,490.53,0.0,2943.18,1743.18,2023,1
ORD-105078,2023-03-07,West,Furniture,Sofa Set,3,31514.99,0.05,89817.72,22617.72,2023,3
ORD-105993,2024-10-18,North,Office Supplies,Pen Set,1,182.81,0.0,182.81,110.81,2024,10
ORD-100436,2022-06-20,East,Office Supplies,File Organizer,5,439.36,0.05,2086.96,961.96,2022,6
ORD-104816,2022-10-30,South,Clothing,Jacket,2,3469.95,0.1,6245.91,2045.91,2022,10
ORD-104075,2023-05-13,West,Clothing,Sneakers,4,2983.44,0.0,11933.76,4493.76,2023,5
ORD-101588,2022-12-28,West,Clothing,T-Shirt,5,705.93,0.0,3529.65,1779.65,2022,12
ORD-104525,2023-10-26,West,Office Supplies,Pen Set,4,178.43,0.0,713.72,425.72,2023,10
ORD-101590,2022-09-17,North,Office Supplies,Pen Set,4,177.29,0.05,673.7,385.7,2022,9
ORD-103737,2024-04-15,East,Furniture,Office Chair,2,7419.83,0.0,14839.66,5539.66,2024,4
ORD-100973,2024-10-25,South,Home & Kitchen,Water Bottle,2,492.23,0.0,984.46,584.46,2024,10
ORD-101238,2022-08-24,North,Office Supplies,File Organizer,6,456.63,0.0,2739.78,1389.78,2022,8
ORD-102342,2024-04-18,North,Clothing,Jeans,1,1804.05,0.1,1623.64,633.64,2024,4
ORD-105953,2022-03-08,South,Home & Kitchen,Water Bottle,4,492.94,0.05,1873.17,1073.17,2022,3
ORD-105246,2023-09-08,West,Office Supplies,Notebook Pack,1,248.87,0.1,223.98,111.48,2023,9
ORD-102646,2024-04-20,South,Clothing,Jeans,4,1756.51,0.0,7026.04,3066.04,2024,4
ORD-101497,2023-12-30,North,Office Supplies,File Organizer,5,442.74,0.05,2103.01,978.01,2023,12
ORD-102369,2023-09-21,North,Electronics,Headphones,6,3474.52,0.0,20847.12,9297.12,2023,9
ORD-103529,2023-08-11,West,Office Supplies,Notebook Pack,2,251.57,0.05,477.98,252.98,2023,8
ORD-102422,2024-05-28,South,Clothing,Jeans,1,1799.45,0.1,1619.51,629.51,2024,5
ORD-105520,2023-06-25,West,Office Supplies,Pen Set,2,183.14,0.05,347.97,203.97,2023,6
ORD-105558,2024-02-15,West,Clothing,Jacket,3,3544.92,0.15,9039.55,2739.55,2024,2
ORD-101551,2023-06-19,North,Clothing,Jeans,7,1780.12,0.0,12460.84,5530.84,2023,6
ORD-105451,2023-11-10,South,Home & Kitchen,Water Bottle,3,495.55,0.1,1337.99,737.99,2023,11
ORD-101146,2024-05-10,South,Office Supplies,Notebook Pack,3,253.28,0.0,759.84,422.34,2024,5
ORD-105918,2024-09-12,West,Home & Kitchen,Water Bottle,5,506.35,0.05,2405.16,1405.16,2024,9
ORD-102092,2023-11-07,North,Office Supplies,Notebook Pack,4,248.01,0.2,793.63,343.63,2023,11
ORD-101313,2022-01-07,West,Clothing,T-Shirt,3,692.84,0.0,2078.52,1028.52,2022,1
ORD-102015,2023-09-22,South,Office Supplies,Notebook Pack,5,252.84,0.0,1264.2,701.7,2023,9
ORD-103426,2022-05-01,West,Electronics,Smartwatch,1,8158.39,0.05,7750.47,2550.47,2022,5
ORD-102864,2023-05-23,South,Electronics,Smartphone,3,23546.32,0.0,70638.96,13038.96,2023,5
ORD-104365,2022-06-11,North,Furniture,Bookshelf,3,5927.12,0.05,16892.29,6452.29,2022,6
ORD-101381,2022-02-23,South,Office Supplies,Pen Set,2,183.96,0.05,349.52,205.52,2022,2
ORD-103405,2024-07-16,North,Clothing,T-Shirt,2,690.09,0.05,1311.17,611.17,2024,7
ORD-100413,2024-10-09,West,Home & Kitchen,Water Bottle,3,513.45,0.0,1540.35,940.35,2024,10
ORD-100941,2024-08-20,North,Office Supplies,File Organizer,6,460.81,0.0,2764.86,1414.86,2024,8
ORD-100801,2023-01-23,South,Clothing,Jeans,1,1811.51,0.1,1630.36,640.36,2023,1
ORD-104172,2024-12-28,West,Home & Kitchen,Cookware Set,2,3688.46,0.0,7376.92,3196.92,2024,12
ORD-103455,2024-06-15,West,Electronics,Smartwatch,1,8009.62,0.0,8009.62,2809.62,2024,6
ORD-100256,2024-07-20,South,Clothing,Jeans,4,1809.15,0.1,6512.94,2552.94,2024,7
ORD-102235,2024-09-20,East,Electronics,Headphones,7,3568.99,0.0,24982.93,11507.93,2024,9
ORD-101767,2022-04-15,South,Office Supplies,Pen Set,3,176.11,0.0,528.33,312.33,2022,4
ORD-104207,2022-03-30,South,Furniture,Study Desk,1,9420.08,0.05,8949.08,3249.08,2022,3
ORD-102966,2023-01-28,West,Office Supplies,File Organizer,3,449.23,0.1,1212.92,537.92,2023,1
ORD-103129,2024-11-16,South,Clothing,Jeans,5,1837.17,0.15,7807.97,2857.97,2024,11
ORD-102763,2023-01-22,North,Clothing,Jeans,6,1793.39,0.0,10760.34,4820.34,2023,1
ORD-100024,2024-06-10,North,Home & Kitchen,Mixer Grinder,7,4267.25,0.05,28377.21,9267.21,2024,6
ORD-101088,2023-08-06,East,Furniture,Office Chair,2,7364.26,0.1,13255.67,3955.67,2023,8
ORD-105819,2023-05-17,North,Office Supplies,Pen Set,7,174.73,0.1,1100.8,596.8,2023,5
ORD-102767,2024-02-21,East,Home & Kitchen,Water Bottle,6,514.1,0.1,2776.14,1576.14,2024,2
ORD-102311,2022-04-21,East,Office Supplies,Notebook Pack,4,247.54,0.1,891.14,441.14,2022,4
ORD-105406,2023-03-13,East,Clothing,Jeans,7,1852.7,0.1,11672.01,4742.01,2023,3
ORD-100056,2023-07-12,West,Electronics,Headphones,4,3448.8,0.05,13105.44,5405.44,2023,7
ORD-101309,2024-11-18,West,Office Supplies,Pen Set,4,174.74,0.1,629.06,341.06,2024,11
ORD-104471,2022-12-11,West,Clothing,T-Shirt,5,702.41,0.0,3512.05,1762.05,2022,12
ORD-101227,2023-08-01,West,Office Supplies,Notebook Pack,2,248.89,0.0,497.78,272.78,2023,8
ORD-101999,2023-09-20,East,Home & Kitchen,Water Bottle,6,498.71,0.1,2693.03,1493.03,2023,9
ORD-100276,2023-01-25,South,Furniture,Study Desk,3,9329.82,0.0,27989.46,10889.46,2023,1
ORD-105752,2024-05-22,East,Clothing,T-Shirt,3,682.72,0.0,2048.16,998.16,2024,5
ORD-105722,2022-04-08,North,Clothing,T-Shirt,3,690.15,0.0,2070.45,1020.45,2022,4
ORD-101833,2022-08-30,West,Clothing,Jeans,7,1774.77,0.1,11181.05,4251.05,2022,8
ORD-100682,2022-01-27,East,Clothing,T-Shirt,3,693.03,0.0,2079.09,1029.09,2022,1
ORD-103933,2022-02-23,West,Furniture,Study Desk,2,9685.94,0.0,19371.88,7971.88,2022,2
ORD-104439,2023-01-03,North,Office Supplies,Pen Set,1,181.38,0.05,172.31,100.31,2023,1
ORD-103007,2022-06-01,East,Clothing,T-Shirt,7,704.28,0.1,4436.96,1986.96,2022,6
ORD-101137,2023-06-03,East,Office Supplies,Notebook Pack,4,243.0,0.0,972.0,522.0,2023,6
ORD-103936,2023-02-26,West,Office Supplies,Notebook Pack,6,246.59,0.15,1257.61,582.61,2023,2
ORD-103727,2022-11-12,South,Office Supplies,Notebook Pack,2,257.22,0.0,514.44,289.44,2022,11
ORD-103590,2024-07-07,North,Clothing,Jacket,5,3519.99,0.1,15839.95,5339.95,2024,7
ORD-104953,2024-12-16,North,Clothing,Sneakers,4,2928.71,0.05,11129.1,3689.1,2024,12
ORD-101346,2023-06-03,North,Office Supplies,Notebook Pack,7,249.41,0.05,1658.58,871.08,2023,6
ORD-104864,2024-02-05,South,Clothing,T-Shirt,3,697.22,0.15,1777.91,727.91,2024,2
ORD-103094,2023-07-20,North,Furniture,Bookshelf,3,6104.34,0.1,16481.72,6041.72,2023,7
ORD-102941,2022-10-17,West,Electronics,Headphones,1,3456.65,0.05,3283.82,1358.82,2022,10
ORD-102384,2022-03-11,West,Furniture,Office Chair,1,7676.29,0.05,7292.48,2642.48,2022,3
ORD-100115,2024-08-31,East,Clothing,Sneakers,5,2981.35,0.15,12670.74,3370.74,2024,8
ORD-104279,2024-03-19,East,Home & Kitchen,Water Bottle,5,504.23,0.05,2395.09,1395.09,2024,3
ORD-103412,2023-09-10,North,Office Supplies,Notebook Pack,6,246.11,0.05,1402.83,727.83,2023,9
ORD-103413,2022-03-20,North,Home & Kitchen,Water Bottle,1,491.17,0.1,442.05,242.05,2022,3
ORD-103075,2024-10-17,East,Electronics,Headphones,3,3498.93,0.0,10496.79,4721.79,2024,10
ORD-102890,2022-07-17,West,Clothing,Sneakers,3,2991.07,0.15,7627.23,2047.23,2022,7
ORD-105114,2022-06-09,North,Clothing,Jeans,5,1813.78,0.1,8162.01,3212.01,2022,6
ORD-105901,2022-02-10,West,Office Supplies,Pen Set,5,178.38,0.0,891.9,531.9,2022,2
ORD-100081,2023-05-13,South,Electronics,Smartphone,1,24184.75,0.0,24184.75,4984.75,2023,5
ORD-101972,2024-04-24,West,Office Supplies,File Organizer,7,459.47,0.0,3216.29,1641.29,2024,4
ORD-101714,2023-01-02,West,Office Supplies,Notebook Pack,3,244.55,0.1,660.29,322.79,2023,1
ORD-103755,2023-02-28,South,Office Supplies,Pen Set,6,180.86,0.05,1030.9,598.9,2023,2
ORD-105182,2022-01-05,South,Clothing,T-Shirt,2,698.95,0.1,1258.11,558.11,2022,1
ORD-104888,2023-04-28,South,Office Supplies,Pen Set,6,177.2,0.2,850.56,418.56,2023,4
ORD-101946,2022-09-24,South,Home & Kitchen,Water Bottle,5,512.1,0.0,2560.5,1560.5,2022,9
ORD-103481,2024-03-25,West,Office Supplies,Pen Set,7,175.33,0.0,1227.31,723.31,2024,3
ORD-103103,2024-05-23,North,Clothing,Jacket,6,3594.37,0.15,18331.29,5731.29,2024,5
ORD-104306,2023-10-22,West,Office Supplies,File Organizer,4,455.83,0.1,1640.99,740.99,2023,10
ORD-101610,2022-11-16,West,Clothing,Sneakers,2,2945.26,0.0,5890.52,2170.52,2022,11
ORD-103398,2024-03-10,West,Clothing,Sneakers,6,3018.82,0.05,17207.27,6047.27,2024,3
ORD-105118,2022-03-19,South,Office Supplies,Pen Set,7,182.54,0.0,1277.78,773.78,2022,3
ORD-103402,2023-09-24,West,Office Supplies,File Organizer,2,446.69,0.15,759.37,309.37,2023,9
ORD-104740,2022-10-04,East,Home & Kitchen,Water Bottle,4,504.1,0.1,1814.76,1014.76,2022,10
ORD-100665,2024-04-07,North,Clothing,Jacket,4,3597.9,0.0,14391.6,5991.6,2024,4
ORD-102194,2023-11-30,South,Home & Kitchen,Cookware Set,2,3722.96,0.15,6329.03,2149.03,2023,11
ORD-103912,2024-09-09,North,Home & Kitchen,Cookware Set,4,3885.41,0.0,15541.64,7181.64,2024,9
ORD-101017,2024-08-20,East,Electronics,Laptop,3,50629.49,0.15,129105.2,7425.2,2024,8
ORD-103973,2022-09-19,North,Office Supplies,Notebook Pack,6,244.52,0.0,1467.12,792.12,2022,9
ORD-103668,2023-04-12,North,Home & Kitchen,Water Bottle,7,492.4,0.05,3274.46,1874.46,2023,4
ORD-101207,2023-08-13,West,Electronics,Smartphone,2,23907.96,0.2,38252.74,-147.26,2023,8
ORD-103010,2022-12-25,West,Office Supplies,Pen Set,3,182.09,0.0,546.27,330.27,2022,12
ORD-102795,2023-11-14,West,Clothing,T-Shirt,4,711.58,0.1,2561.69,1161.69,2023,11
ORD-103866,2023-10-31,North,Electronics,Laptop,2,50595.26,0.1,91071.47,9951.47,2023,10
ORD-105848,2022-05-19,South,Furniture,Office Chair,2,7514.31,0.1,13525.76,4225.76,2022,5
ORD-100266,2022-12-17,West,Electronics,Smartphone,2,23962.06,0.1,43131.71,4731.71,2022,12
ORD-105169,2023-02-12,South,Clothing,Sneakers,1,2932.56,0.05,2785.93,925.93,2023,2
ORD-102111,2023-10-04,North,Office Supplies,Notebook Pack,7,247.17,0.0,1730.19,942.69,2023,10
ORD-103090,2024-09-19,East,Clothing,Jeans,2,1765.63,0.05,3354.7,1374.7,2024,9
ORD-104087,2023-12-17,East,Home & Kitchen,Mixer Grinder,1,4215.06,0.05,4004.31,1274.31,2023,12
ORD-105296,2024-12-25,West,Clothing,Jacket,2,3414.32,0.05,6487.21,2287.21,2024,12
ORD-104094,2022-10-13,South,Home & Kitchen,Air Fryer,3,6682.77,0.15,17041.06,3781.06,2022,10
ORD-104125,2022-07-25,North,Office Supplies,Notebook Pack,7,256.05,0.0,1792.35,1004.85,2022,7
ORD-104340,2022-06-23,North,Clothing,Sneakers,3,3039.18,0.1,8205.79,2625.79,2022,6
ORD-103745,2024-04-06,West,Clothing,Sneakers,3,2986.94,0.05,8512.78,2932.78,2024,4
ORD-100998,2024-12-26,East,Home & Kitchen,Air Fryer,3,6421.31,0.1,17337.54,4077.54,2024,12
ORD-103454,2024-12-24,East,Clothing,T-Shirt,5,688.7,0.15,2926.97,1176.97,2024,12
ORD-101784,2022-11-09,South,Office Supplies,Pen Set,5,183.07,0.1,823.81,463.81,2022,11
ORD-101237,2023-06-01,West,Clothing,T-Shirt,5,689.87,0.05,3276.88,1526.88,2023,6
ORD-105117,2024-05-29,North,Office Supplies,Pen Set,7,176.69,0.05,1174.99,670.99,2024,5
ORD-103910,2023-09-10,South,Electronics,Headphones,7,3592.6,0.1,22633.38,9158.38,2023,9
ORD-105764,2023-07-25,North,Home & Kitchen,Water Bottle,7,507.82,0.2,2843.79,1443.79,2023,7
ORD-104988,2024-10-27,West,Office Supplies,Notebook Pack,6,244.91,0.1,1322.51,647.51,2024,10
ORD-102186,2024-07-22,South,Office Supplies,Pen Set,7,180.8,0.15,1075.76,571.76,2024,7
ORD-103616,2023-03-26,North,Electronics,Laptop,1,52934.02,0.0,52934.02,12374.02,2023,3
ORD-100908,2022-11-15,West,Home & Kitchen,Water Bottle,1,491.73,0.05,467.14,267.14,2022,11
ORD-104811,2024-02-27,South,Clothing,T-Shirt,3,710.39,0.2,1704.94,654.94,2024,2
ORD-101303,2022-11-20,South,Office Supplies,Printer,2,8923.2,0.0,17846.4,4346.4,2022,11
ORD-101627,2022-09-09,West,Home & Kitchen,Cookware Set,1,3895.28,0.0,3895.28,1805.28,2022,9
ORD-101522,2024-09-27,South,Office Supplies,Pen Set,7,175.24,0.0,1226.68,722.68,2024,9
ORD-100835,2023-11-03,East,Electronics,Smartwatch,2,7874.47,0.0,15748.94,5348.94,2023,11
ORD-100358,2023-08-19,South,Office Supplies,File Organizer,1,455.51,0.0,455.51,230.51,2023,8
ORD-100138,2024-06-15,North,Furniture,Office Chair,3,7537.97,0.1,20352.52,6402.52,2024,6
ORD-101556,2024-11-05,South,Office Supplies,Notebook Pack,3,246.83,0.05,703.47,365.97,2024,11
ORD-101003,2022-07-25,South,Office Supplies,File Organizer,5,452.75,0.2,1811.0,686.0,2022,7
ORD-100382,2024-06-12,North,Clothing,Jeans,7,1821.74,0.0,12752.18,5822.18,2024,6
ORD-102932,2023-10-31,West,Electronics,Smartwatch,3,8132.21,0.1,21956.97,6356.97,2023,10
ORD-100761,2022-07-22,North,Clothing,T-Shirt,5,679.65,0.05,3228.34,1478.34,2022,7
ORD-103785,2024-11-03,West,Clothing,Jeans,2,1752.85,0.2,2804.56,824.56,2024,11
ORD-103276,2023-08-09,East,Home & Kitchen,Air Fryer,3,6644.51,0.1,17940.18,4680.18,2023,8
ORD-104970,2023-12-26,West,Clothing,T-Shirt,5,718.93,0.15,3055.45,1305.45,2023,12
ORD-104219,2024-03-02,West,Clothing,Jeans,5,1809.58,0.0,9047.9,4097.9,2024,3
ORD-101402,2024-12-06,South,Office Supplies,Notebook Pack,7,249.28,0.1,1570.46,782.96,2024,12
ORD-103045,2024-12-12,East,Electronics,Smartphone,3,24028.94,0.1,64878.14,7278.14,2024,12
ORD-105273,2024-09-03,North,Furniture,Study Desk,2,9715.48,0.05,18459.41,7059.41,2024,9
ORD-102721,2024-07-11,South,Office Supplies,File Organizer,7,457.69,0.1,2883.45,1308.45,2024,7
ORD-101932,2024-06-09,South,Electronics,Smartphone,2,23712.56,0.05,45053.86,6653.86,2024,6
ORD-103620,2023-12-22,West,Furniture,Office Chair,3,7657.22,0.1,20674.49,6724.49,2023,12
ORD-103039,2024-01-03,West,Electronics,Smartphone,1,23931.51,0.0,23931.51,4731.51,2024,1
ORD-104966,2023-03-31,South,Office Supplies,File Organizer,6,455.88,0.0,2735.28,1385.28,2023,3
ORD-105593,2022-01-15,West,Clothing,Jeans,5,1822.59,0.0,9112.95,4162.95,2022,1
ORD-104059,2024-07-03,West,Home & Kitchen,Water Bottle,1,504.68,0.05,479.45,279.45,2024,7
ORD-102892,2023-12-18,North,Clothing,Sneakers,1,2925.89,0.05,2779.6,919.6,2023,12
ORD-100058,2022-07-09,South,Home & Kitchen,Mixer Grinder,4,4204.97,0.05,15978.89,5058.89,2022,7
ORD-100076,2022-12-25,North,Clothing,T-Shirt,2,686.14,0.0,1372.28,672.28,2022,12
ORD-100796,2022-01-29,South,Clothing,Sneakers,4,3069.97,0.05,11665.89,4225.89,2022,1
ORD-102416,2022-10-31,West,Home & Kitchen,Water Bottle,6,507.89,0.1,2742.61,1542.61,2022,10
ORD-103132,2022-05-16,South,Office Supplies,Pen Set,3,176.34,0.0,529.02,313.02,2022,5
ORD-105572,2023-08-30,West,Office Supplies,Notebook Pack,5,251.3,0.0,1256.5,694.0,2023,8
ORD-105332,2022-11-09,East,Office Supplies,Pen Set,1,181.28,0.05,172.22,100.22,2022,11
ORD-103130,2023-06-05,South,Electronics,Headphones,6,3547.72,0.0,21286.32,9736.32,2023,6
ORD-102217,2024-11-05,South,Clothing,T-Shirt,1,711.36,0.05,675.79,325.79,2024,11
ORD-102922,2022-08-05,West,Electronics,Laptop,3,50514.14,0.15,128811.06,7131.06,2022,8
ORD-104529,2023-10-20,East,Office Supplies,File Organizer,7,451.07,0.0,3157.49,1582.49,2023,10
ORD-102882,2023-10-19,East,Clothing,Jeans,2,1767.53,0.1,3181.55,1201.55,2023,10
ORD-103515,2024-05-17,North,Home & Kitchen,Water Bottle,6,485.83,0.0,2914.98,1714.98,2024,5
ORD-104743,2022-12-18,North,Home & Kitchen,Mixer Grinder,3,4260.98,0.05,12143.79,3953.79,2022,12
ORD-100910,2024-05-27,North,Clothing,Sneakers,4,2917.09,0.1,10501.52,3061.52,2024,5
ORD-102172,2023-08-31,South,Clothing,T-Shirt,3,702.6,0.0,2107.8,1057.8,2023,8
ORD-103690,2022-02-27,South,Office Supplies,Pen Set,7,181.7,0.0,1271.9,767.9,2022,2
ORD-102309,2024-10-10,West,Home & Kitchen,Water Bottle,1,505.4,0.0,505.4,305.4,2024,10
ORD-105933,2022-11-12,West,Clothing,Jeans,3,1773.36,0.1,4788.07,1818.07,2022,11
ORD-101257,2024-07-24,West,Home & Kitchen,Cookware Set,3,3890.35,0.0,11671.05,5401.05,2024,7
ORD-102495,2023-09-22,East,Office Supplies,File Organizer,4,458.74,0.0,1834.96,934.96,2023,9
ORD-105831,2022-12-30,North,Furniture,Study Desk,3,9454.66,0.2,22691.18,5591.18,2022,12
ORD-104625,2023-12-22,West,Clothing,Jeans,3,1831.51,0.1,4945.08,1975.08,2023,12
ORD-101399,2023-05-02,South,Clothing,Sneakers,2,3089.43,0.15,5252.03,1532.03,2023,5
ORD-103459,2024-06-25,North,Home & Kitchen,Water Bottle,3,495.69,0.1,1338.36,738.36,2024,6
ORD-105860,2023-12-04,West,Home & Kitchen,Water Bottle,5,514.68,0.0,2573.4,1573.4,2023,12
ORD-101054,2022-12-15,South,Electronics,Headphones,2,3413.05,0.0,6826.1,2976.1,2022,12
ORD-105946,2022-03-24,South,Electronics,Smartwatch,3,7864.36,0.0,23593.08,7993.08,2022,3
ORD-105132,2022-10-14,East,Furniture,Office Chair,3,7303.68,0.0,21911.04,7961.04,2022,10
ORD-104339,2024-07-15,South,Clothing,Jacket,7,3513.36,0.0,24593.52,9893.52,2024,7
ORD-101415,2024-06-29,North,Home & Kitchen,Mixer Grinder,2,4287.76,0.05,8146.74,2686.74,2024,6
ORD-102372,2023-01-08,East,Furniture,Study Desk,2,9759.17,0.1,17566.51,6166.51,2023,1
ORD-105761,2024-10-21,South,Office Supplies,Printer,3,9067.97,0.05,25843.71,5593.71,2024,10
ORD-103119,2022-12-05,North,Home & Kitchen,Air Fryer,3,6371.48,0.0,19114.44,5854.44,2022,12
ORD-102921,2022-01-12,North,Clothing,Sneakers,3,2961.8,0.0,8885.4,3305.4,2022,1
ORD-104305,2022-06-21,South,Clothing,T-Shirt,7,699.52,0.0,4896.64,2446.64,2022,6
ORD-101502,2023-04-01,East,Furniture,Office Chair,2,7429.13,0.1,13372.43,4072.43,2023,4
ORD-104032,2024-01-09,South,Clothing,Jacket,6,3553.51,0.0,21321.06,8721.06,2024,1
ORD-102011,2022-12-18,South,Clothing,Jacket,5,3556.86,0.05,16895.08,6395.08,2022,12
ORD-103218,2022-12-13,South,Clothing,Sneakers,5,2947.85,0.0,14739.25,5439.25,2022,12
ORD-104956,2024-09-02,North,Home & Kitchen,Water Bottle,1,493.66,0.0,493.66,293.66,2024,9
ORD-104643,2022-02-27,North,Home & Kitchen,Water Bottle,2,509.44,0.0,1018.88,618.88,2022,2
ORD-104813,2024-11-14,West,Clothing,Jeans,1,1791.27,0.15,1522.58,532.58,2024,11
ORD-102487,2024-07-06,North,Electronics,Smartphone,3,24488.4,0.1,66118.68,8518.68,2024,7
ORD-100678,2022-07-02,North,Electronics,Smartphone,2,23523.07,0.05,44693.83,6293.83,2022,7
ORD-104520,2022-04-29,West,Home & Kitchen,Cookware Set,5,3911.13,0.15,16622.3,6172.3,2022,4
ORD-105657,2024-07-03,West,Clothing,Jeans,1,1780.47,0.1,1602.42,612.42,2024,7
ORD-103491,2022-01-04,East,Home & Kitchen,Water Bottle,1,504.14,0.0,504.14,304.14,2022,1
ORD-104717,2023-11-24,South,Clothing,Sneakers,2,3016.93,0.0,6033.86,2313.86,2023,11
ORD-103944,2022-08-26,South,Office Supplies,Notebook Pack,6,246.5,0.1,1331.1,656.1,2022,8
ORD-102607,2022-10-26,South,Clothing,Sneakers,2,3061.86,0.1,5511.35,1791.35,2022,10
ORD-103734,2022-08-13,North,Electronics,Smartphone,3,23661.96,0.0,70985.88,13385.88,2022,8
ORD-105653,2023-03-20,South,Clothing,T-Shirt,4,707.18,0.0,2828.72,1428.72,2023,3
ORD-101064,2023-01-28,East,Office Supplies,Pen Set,3,177.12,0.0,531.36,315.36,2023,1
ORD-103915,2023-01-07,West,Office Supplies,Notebook Pack,6,246.23,0.0,1477.38,802.38,2023,1
ORD-102242,2023-03-30,East,Home & Kitchen,Water Bottle,2,506.51,0.1,911.72,511.72,2023,3
ORD-101474,2023-09-19,South,Office Supplies,Pen Set,2,183.2,0.05,348.08,204.08,2023,9
ORD-104557,2024-04-14,West,Electronics,Smartphone,3,23861.31,0.0,71583.93,13983.93,2024,4
ORD-101889,2023-06-28,South,Clothing,Jeans,7,1790.23,0.15,10651.87,3721.87,2023,6
ORD-104383,2023-07-27,West,Home & Kitchen,Mixer Grinder,4,4258.28,0.05,16181.46,5261.46,2023,7
ORD-104834,2023-02-12,South,Office Supplies,Notebook Pack,2,243.47,0.0,486.94,261.94,2023,2
ORD-104374,2023-11-24,West,Clothing,Jacket,7,3514.75,0.0,24603.25,9903.25,2023,11
ORD-102658,2022-05-26,West,Clothing,T-Shirt,5,703.87,0.0,3519.35,1769.35,2022,5
ORD-102467,2023-11-27,North,Office Supplies,File Organizer,4,455.23,0.0,1820.92,920.92,2023,11
ORD-101130,2024-12-31,North,Office Supplies,Pen Set,1,182.37,0.1,164.13,92.13,2024,12
ORD-101461,2023-10-10,South,Clothing,T-Shirt,4,690.89,0.1,2487.2,1087.2,2023,10
ORD-103305,2022-03-11,West,Office Supplies,Pen Set,7,175.35,0.0,1227.45,723.45,2022,3
ORD-105566,2024-02-05,West,Office Supplies,Pen Set,6,185.13,0.05,1055.24,623.24,2024,2
ORD-104619,2023-09-11,North,Clothing,Sneakers,7,2985.2,0.0,20896.4,7876.4,2023,9
ORD-105380,2022-10-13,East,Clothing,Jeans,6,1759.82,0.05,10030.97,4090.97,2022,10
ORD-105838,2023-07-29,North,Clothing,Jeans,7,1827.44,0.15,10873.27,3943.27,2023,7
ORD-100048,2024-02-29,West,Office Supplies,Notebook Pack,5,251.69,0.05,1195.53,633.03,2024,2
ORD-100573,2024-05-31,West,Clothing,T-Shirt,5,715.64,0.2,2862.56,1112.56,2024,5
ORD-101236,2022-10-01,North,Office Supplies,Pen Set,1,181.47,0.0,181.47,109.47,2022,10
ORD-104677,2022-06-29,South,Clothing,Sneakers,5,3038.4,0.1,13672.8,4372.8,2022,6
ORD-105523,2024-02-18,East,Electronics,Laptop,3,53027.73,0.1,143174.87,21494.87,2024,2
ORD-102282,2023-02-22,South,Office Supplies,Pen Set,6,180.81,0.05,1030.62,598.62,2023,2
ORD-104154,2023-11-15,South,Office Supplies,Pen Set,4,183.08,0.15,622.47,334.47,2023,11
ORD-101104,2022-07-07,North,Office Supplies,Notebook Pack,7,243.95,0.05,1622.27,834.77,2022,7
ORD-102305,2023-02-02,North,Electronics,Headphones,4,3489.42,0.0,13957.68,6257.68,2023,2
ORD-104833,2024-05-01,West,Clothing,Jeans,2,1750.13,0.0,3500.26,1520.26,2024,5
ORD-101935,2022-05-22,South,Office Supplies,Notebook Pack,7,250.67,0.05,1666.96,879.46,2022,5
ORD-100386,2024-04-07,West,Office Supplies,Notebook Pack,7,253.49,0.1,1596.99,809.49,2024,4
ORD-101701,2024-12-19,East,Office Supplies,File Organizer,7,463.24,0.0,3242.68,1667.68,2024,12
ORD-102714,2024-09-04,East,Electronics,Laptop,3,51270.2,0.05,146120.07,24440.07,2024,9
ORD-103133,2022-03-05,North,Clothing,T-Shirt,3,700.22,0.05,1995.63,945.63,2022,3
ORD-105374,2024-01-21,East,Electronics,Smartphone,1,24420.06,0.05,23199.06,3999.06,2024,1
ORD-102760,2024-01-24,East,Clothing,T-Shirt,3,719.77,0.05,2051.34,1001.34,2024,1
ORD-103753,2024-05-13,West,Electronics,Laptop,1,52791.1,0.1,47511.99,6951.99,2024,5
ORD-100909,2022-12-26,West,Office Supplies,Pen Set,4,183.15,0.05,695.97,407.97,2022,12
ORD-101289,2023-11-04,North,Furniture,Office Chair,2,7419.02,0.1,13354.24,4054.24,2023,11
ORD-104640,2022-09-23,East,Clothing,Jeans,4,1758.89,0.0,7035.56,3075.56,2022,9
ORD-105326,2023-12-04,North,Clothing,Jeans,6,1851.79,0.1,9999.67,4059.67,2023,12
ORD-101842,2022-07-27,North,Electronics,Smartphone,3,23897.32,0.0,71691.96,14091.96,2022,7
ORD-102497,2022-10-06,North,Home & Kitchen,Water Bottle,5,499.53,0.2,1998.12,998.12,2022,10
ORD-105483,2023-03-26,West,Clothing,Jeans,4,1790.22,0.05,6802.84,2842.84,2023,3
ORD-103815,2023-04-24,West,Furniture,Office Chair,3,7431.98,0.05,21181.14,7231.14,2023,4
ORD-100958,2023-08-18,North,Office Supplies,Pen Set,2,175.64,0.05,333.72,189.72,2023,8
ORD-101793,2024-03-07,North,Office Supplies,Pen Set,2,178.08,0.1,320.54,176.54,2024,3
ORD-102702,2023-04-21,North,Furniture,Study Desk,1,9610.93,0.0,9610.93,3910.93,2023,4
ORD-100331,2022-09-26,North,Home & Kitchen,Water Bottle,6,486.03,0.0,2916.18,1716.18,2022,9
ORD-105628,2022-03-26,South,Office Supplies,Notebook Pack,5,245.32,0.0,1226.6,664.1,2022,3
ORD-104071,2024-01-18,North,Home & Kitchen,Cookware Set,3,3716.19,0.0,11148.57,4878.57,2024,1
ORD-104030,2023-09-10,East,Clothing,T-Shirt,4,695.15,0.0,2780.6,1380.6,2023,9
ORD-101774,2024-01-07,North,Clothing,Jeans,2,1763.15,0.1,3173.67,1193.67,2024,1
ORD-104314,2022-01-05,West,Clothing,Jacket,4,3428.01,0.0,13712.04,5312.04,2022,1
ORD-103895,2023-12-20,West,Home & Kitchen,Mixer Grinder,5,4278.65,0.1,19253.92,5603.92,2023,12
ORD-105193,2024-02-20,North,Clothing,T-Shirt,5,713.89,0.05,3390.98,1640.98,2024,2
ORD-104990,2022-01-11,West,Clothing,T-Shirt,4,705.6,0.1,2540.16,1140.16,2022,1
ORD-103949,2022-12-27,North,Clothing,T-Shirt,1,704.25,0.15,598.61,248.61,2022,12
ORD-105639,2023-10-30,East,Home & Kitchen,Water Bottle,5,498.03,0.2,1992.12,992.12,2023,10
ORD-101710,2024-06-20,East,Office Supplies,Pen Set,6,174.89,0.0,1049.34,617.34,2024,6
ORD-104694,2023-05-05,East,Clothing,Sneakers,5,2952.91,0.05,14026.32,4726.32,2023,5
ORD-102478,2023-04-04,West,Office Supplies,Notebook Pack,7,250.47,0.1,1577.96,790.46,2023,4
ORD-101366,2022-10-08,South,Furniture,Office Chair,1,7276.26,0.0,7276.26,2626.26,2022,10
ORD-100173,2024-11-10,South,Office Supplies,Pen Set,7,181.41,0.15,1079.39,575.39,2024,11
ORD-100858,2023-04-11,South,Furniture,Bookshelf,2,5997.65,0.0,11995.3,5035.3,2023,4
ORD-104527,2024-02-28,East,Clothing,Jeans,6,1847.74,0.05,10532.12,4592.12,2024,2
ORD-103038,2022-09-03,South,Office Supplies,Pen Set,7,180.46,0.0,1263.22,759.22,2022,9
ORD-105355,2024-11-04,South,Electronics,Smartwatch,2,7822.85,0.0,15645.7,5245.7,2024,11
ORD-105462,2022-05-27,North,Clothing,Jeans,7,1796.32,0.05,11945.53,5015.53,2022,5
ORD-101952,2024-05-25,East,Home & Kitchen,Cookware Set,4,3805.95,0.0,15223.8,6863.8,2024,5
ORD-104965,2022-01-14,East,Electronics,Headphones,2,3588.97,0.0,7177.94,3327.94,2022,1
ORD-105223,2022-05-22,North,Office Supplies,File Organizer,3,451.19,0.15,1150.53,475.53,2022,5
ORD-102036,2024-11-15,East,Office Supplies,Pen Set,3,177.63,0.0,532.89,316.89,2024,11
ORD-105840,2023-04-08,North,Home & Kitchen,Water Bottle,1,507.55,0.0,507.55,307.55,2023,4
ORD-104506,2023-05-19,South,Clothing,T-Shirt,1,688.75,0.0,688.75,338.75,2023,5
ORD-100018,2024-08-01,North,Clothing,Jacket,3,3463.29,0.05,9870.38,3570.38,2024,8
ORD-100000,2024-06-06,West,Office Supplies,Pen Set,7,178.42,0.0,1248.94,744.94,2024,6
ORD-102174,2023-03-10,South,Electronics,Smartphone,2,23499.25,0.1,42298.65,3898.65,2023,3
ORD-101356,2023-09-20,South,Clothing,Jacket,7,3594.35,0.05,23902.43,9202.43,2023,9
ORD-104573,2023-03-24,East,Office Supplies,Pen Set,5,182.0,0.0,910.0,550.0,2023,3
ORD-102826,2023-07-20,West,Clothing,Jacket,6,3498.07,0.0,20988.42,8388.42,2023,7
ORD-103312,2023-10-15,North,Office Supplies,Notebook Pack,3,250.53,0.1,676.43,338.93,2023,10
ORD-100396,2024-07-30,West,Clothing,Sneakers,5,3062.48,0.05,14546.78,5246.78,2024,7
ORD-104618,2023-06-28,South,Home & Kitchen,Water Bottle,4,501.9,0.0,2007.6,1207.6,2023,6
ORD-103505,2023-11-03,West,Clothing,T-Shirt,7,697.08,0.05,4635.58,2185.58,2023,11
ORD-105015,2022-12-23,South,Clothing,T-Shirt,4,704.22,0.1,2535.19,1135.19,2022,12
ORD-101812,2024-05-04,North,Clothing,Jeans,7,1810.74,0.1,11407.66,4477.66,2024,5
ORD-103789,2024-03-17,South,Home & Kitchen,Cookware Set,5,3837.68,0.15,16310.14,5860.14,2024,3
ORD-104454,2023-09-29,North,Office Supplies,Pen Set,7,182.51,0.1,1149.81,645.81,2023,9
ORD-100816,2024-09-24,South,Clothing,Jeans,6,1768.99,0.0,10613.94,4673.94,2024,9
ORD-104253,2023-10-02,South,Office Supplies,Notebook Pack,6,248.14,0.1,1339.96,664.96,2023,10
ORD-101800,2023-12-11,South,Furniture,Office Chair,3,7333.12,0.0,21999.36,8049.36,2023,12
ORD-102280,2023-05-29,South,Office Supplies,Printer,3,9009.81,0.1,24326.49,4076.49,2023,5
ORD-105568,2022-09-15,West,Office Supplies,Pen Set,3,184.76,0.1,498.85,282.85,2022,9
ORD-104860,2023-09-03,West,Office Supplies,Pen Set,4,175.79,0.1,632.84,344.84,2023,9
ORD-104647,2022-10-09,North,Home & Kitchen,Mixer Grinder,7,4211.04,0.0,29477.28,10367.28,2022,10
ORD-105662,2023-09-29,South,Office Supplies,Notebook Pack,3,255.37,0.05,727.8,390.3,2023,9
ORD-105300,2023-10-23,South,Office Supplies,File Organizer,3,451.58,0.15,1151.53,476.53,2023,10
ORD-104048,2023-03-27,East,Home & Kitchen,Water Bottle,1,507.1,0.0,507.1,307.1,2023,3
ORD-103622,2023-07-03,East,Home & Kitchen,Water Bottle,2,489.86,0.15,832.76,432.76,2023,7
ORD-105934,2022-11-30,East,Home & Kitchen,Cookware Set,3,3779.4,0.0,11338.2,5068.2,2022,11
ORD-105094,2024-12-27,North,Electronics,Smartphone,3,23370.69,0.15,59595.26,1995.26,2024,12
ORD-104296,2023-06-26,East,Clothing,Jacket,1,3471.13,0.0,3471.13,1371.13,2023,6
ORD-104403,2022-12-05,South,Clothing,T-Shirt,1,688.37,0.15,585.11,235.11,2022,12
ORD-100554,2022-03-07,East,Electronics,Smartwatch,3,8129.16,0.0,24387.48,8787.48,2022,3
ORD-101159,2024-06-06,South,Electronics,Smartwatch,3,8115.18,0.1,21910.99,6310.99,2024,6
ORD-101213,2023-04-18,South,Clothing,T-Shirt,7,701.46,0.0,4910.22,2460.22,2023,4
ORD-105583,2024-04-06,West,Office Supplies,Pen Set,3,180.63,0.05,514.8,298.8,2024,4
ORD-101325,2024-09-23,South,Office Supplies,Pen Set,4,176.19,0.05,669.52,381.52,2024,9
ORD-103574,2023-01-30,West,Electronics,Smartphone,1,24301.19,0.1,21871.07,2671.07,2023,1
ORD-103513,2024-12-08,North,Home & Kitchen,Mixer Grinder,2,4236.05,0.1,7624.89,2164.89,2024,12
ORD-100700,2022-11-04,South,Office Supplies,Notebook Pack,6,256.17,0.0,1537.02,862.02,2022,11
ORD-104398,2022-07-31,West,Home & Kitchen,Cookware Set,2,3755.21,0.0,7510.42,3330.42,2022,7
ORD-101847,2024-01-11,North,Office Supplies,Notebook Pack,3,249.77,0.0,749.31,411.81,2024,1
ORD-104512,2024-09-21,West,Electronics,Smartwatch,3,8026.51,0.0,24079.53,8479.53,2024,9
ORD-104051,2024-02-13,North,Electronics,Laptop,1,52554.51,0.05,49926.78,9366.78,2024,2
ORD-101455,2022-05-06,East,Clothing,T-Shirt,5,683.06,0.15,2903.0,1153.0,2022,5
ORD-105753,2024-05-14,East,Clothing,T-Shirt,1,704.78,0.05,669.54,319.54,2024,5
ORD-104815,2022-01-24,South,Electronics,Smartphone,2,24512.83,0.05,46574.38,8174.38,2022,1
ORD-100866,2024-09-09,West,Office Supplies,File Organizer,6,441.31,0.0,2647.86,1297.86,2024,9
ORD-105307,2022-12-26,North,Home & Kitchen,Cookware Set,6,3852.45,0.05,21958.96,9418.96,2022,12
ORD-101644,2022-09-04,West,Clothing,Jeans,4,1830.05,0.0,7320.2,3360.2,2022,9
ORD-104147,2024-03-09,North,Electronics,Smartphone,2,23524.59,0.15,39991.8,1591.8,2024,3
ORD-101490,2022-03-28,North,Home & Kitchen,Water Bottle,3,494.56,0.1,1335.31,735.31,2022,3
ORD-103238,2023-03-13,West,Clothing,Sneakers,5,2960.11,0.0,14800.55,5500.55,2023,3
ORD-100729,2023-09-15,East,Clothing,T-Shirt,1,696.77,0.1,627.09,277.09,2023,9
ORD-104272,2024-07-10,East,Clothing,T-Shirt,1,680.77,0.0,680.77,330.77,2024,7
ORD-103671,2023-12-12,South,Home & Kitchen,Water Bottle,4,490.57,0.1,1766.05,966.05,2023,12
ORD-102620,2024-09-21,West,Home & Kitchen,Water Bottle,5,509.93,0.0,2549.65,1549.65,2024,9
ORD-101936,2023-07-31,South,Furniture,Bookshelf,3,5918.32,0.0,17754.96,7314.96,2023,7
ORD-103826,2022-12-03,South,Home & Kitchen,Cookware Set,4,3716.71,0.05,14123.5,5763.5,2022,12
ORD-101110,2022-07-27,West,Home & Kitchen,Water Bottle,3,512.95,0.0,1538.85,938.85,2022,7
ORD-104993,2023-03-14,North,Furniture,Office Chair,1,7418.43,0.0,7418.43,2768.43,2023,3
ORD-105494,2024-09-04,South,Clothing,Jeans,6,1841.31,0.15,9390.68,3450.68,2024,9
ORD-102394,2023-11-28,North,Electronics,Smartphone,3,24172.14,0.1,65264.78,7664.78,2023,11
ORD-101185,2024-07-27,North,Office Supplies,Pen Set,6,177.28,0.0,1063.68,631.68,2024,7
ORD-102007,2022-07-11,North,Home & Kitchen,Mixer Grinder,4,4202.14,0.0,16808.56,5888.56,2022,7
ORD-100193,2024-08-05,North,Office Supplies,File Organizer,1,439.04,0.1,395.14,170.14,2024,8
ORD-101515,2022-12-05,West,Office Supplies,File Organizer,1,448.86,0.15,381.53,156.53,2022,12
ORD-104914,2023-02-02,East,Home & Kitchen,Water Bottle,1,499.26,0.2,399.41,199.41,2023,2
ORD-100578,2024-08-24,South,Home & Kitchen,Water Bottle,7,501.73,0.0,3512.11,2112.11,2024,8
ORD-101429,2023-06-28,South,Home & Kitchen,Water Bottle,2,490.75,0.2,785.2,385.2,2023,6
ORD-102395,2024-12-24,West,Clothing,T-Shirt,4,714.81,0.05,2716.28,1316.28,2024,12
ORD-101846,2023-02-05,West,Office Supplies,File Organizer,5,444.63,0.05,2111.99,986.99,2023,2
ORD-100131,2024-11-01,South,Clothing,Jeans,7,1760.36,0.1,11090.27,4160.27,2024,11
ORD-100178,2024-10-05,South,Office Supplies,Pen Set,3,184.75,0.05,526.54,310.54,2024,10
ORD-105489,2024-05-07,East,Clothing,Jacket,1,3567.33,0.05,3388.96,1288.96,2024,5
ORD-103995,2022-01-22,West,Office Supplies,Pen Set,7,180.59,0.0,1264.13,760.13,2022,1
ORD-103742,2024-08-31,South,Clothing,T-Shirt,2,692.03,0.1,1245.65,545.65,2024,8
ORD-102580,2022-02-08,West,Clothing,T-Shirt,5,713.06,0.0,3565.3,1815.3,2022,2
ORD-103801,2022-10-01,West,Clothing,T-Shirt,5,684.73,0.1,3081.29,1331.29,2022,10
ORD-103519,2024-05-28,North,Electronics,Smartwatch,2,7790.92,0.1,14023.66,3623.66,2024,5
ORD-103896,2023-01-15,South,Clothing,Jeans,1,1798.5,0.0,1798.5,808.5,2023,1
ORD-100658,2023-11-24,North,Clothing,Sneakers,5,3077.6,0.05,14618.6,5318.6,2023,11
ORD-101896,2024-01-28,West,Clothing,T-Shirt,5,712.99,0.05,3386.7,1636.7,2024,1
ORD-104517,2022-12-30,South,Clothing,Jeans,5,1817.58,0.0,9087.9,4137.9,2022,12
ORD-102606,2023-12-15,West,Furniture,Bookshelf,1,6011.19,0.05,5710.63,2230.63,2023,12
ORD-102221,2023-07-05,South,Clothing,Sneakers,2,2911.87,0.0,5823.74,2103.74,2023,7
ORD-105817,2022-09-25,South,Office Supplies,Notebook Pack,2,257.28,0.1,463.1,238.1,2022,9
ORD-102379,2024-03-12,West,Office Supplies,Pen Set,4,181.14,0.1,652.1,364.1,2024,3
ORD-101447,2023-10-07,South,Office Supplies,Pen Set,1,177.76,0.0,177.76,105.76,2023,10
ORD-100342,2024-07-04,West,Home & Kitchen,Cookware Set,4,3688.27,0.05,14015.43,5655.43,2024,7
ORD-103780,2022-04-29,South,Furniture,Office Chair,2,7499.62,0.05,14249.28,4949.28,2022,4
ORD-102527,2024-10-14,East,Clothing,Jeans,1,1819.98,0.1,1637.98,647.98,2024,10
ORD-100727,2022-04-04,North,Office Supplies,Notebook Pack,7,250.81,0.05,1667.89,880.39,2022,4
ORD-104837,2022-01-17,East,Clothing,Jacket,4,3406.6,0.15,11582.44,3182.44,2022,1
ORD-100976,2023-07-19,North,Home & Kitchen,Mixer Grinder,6,4282.91,0.0,25697.46,9317.46,2023,7
ORD-104714,2023-11-03,East,Clothing,T-Shirt,1,684.76,0.1,616.28,266.28,2023,11
ORD-104264,2024-03-04,North,Office Supplies,Notebook Pack,3,251.23,0.05,716.01,378.51,2024,3
ORD-101928,2022-01-28,West,Electronics,Laptop,1,51557.24,0.0,51557.24,10997.24,2022,1
ORD-104055,2024-08-24,South,Furniture,Office Chair,3,7355.48,0.1,19859.8,5909.8,2024,8
ORD-105793,2022-06-06,West,Furniture,Office Chair,3,7490.56,0.1,20224.51,6274.51,2022,6
ORD-105645,2022-10-22,East,Furniture,Office Chair,1,7582.04,0.15,6444.73,1794.73,2022,10
ORD-100660,2022-12-07,South,Office Supplies,Notebook Pack,5,245.17,0.1,1103.26,540.76,2022,12
ORD-103555,2024-07-02,South,Electronics,Laptop,1,52104.67,0.1,46894.2,6334.2,2024,7
ORD-100493,2023-01-22,North,Electronics,Smartwatch,3,7980.49,0.1,21547.32,5947.32,2023,1
ORD-104316,2024-11-09,South,Office Supplies,Notebook Pack,1,244.59,0.1,220.13,107.63,2024,11
ORD-103262,2022-04-12,North,Clothing,Jeans,7,1769.26,0.1,11146.34,4216.34,2022,4
ORD-104013,2022-03-05,East,Electronics,Smartwatch,3,7785.37,0.1,21020.5,5420.5,2022,3
ORD-105659,2024-05-08,West,Home & Kitchen,Water Bottle,2,509.05,0.05,967.19,567.19,2024,5
ORD-105205,2022-01-30,East,Electronics,Smartwatch,3,7840.13,0.0,23520.39,7920.39,2022,1
ORD-101085,2024-05-06,East,Clothing,Sneakers,3,2910.88,0.15,7422.74,1842.74,2024,5
ORD-105801,2023-12-07,West,Office Supplies,Pen Set,1,179.44,0.05,170.47,98.47,2023,12
ORD-100694,2024-10-19,West,Office Supplies,Pen Set,2,178.26,0.1,320.87,176.87,2024,10
ORD-104333,2023-07-30,East,Electronics,Laptop,1,51580.89,0.15,43843.76,3283.76,2023,7
ORD-101621,2023-09-19,West,Clothing,Jacket,5,3544.09,0.0,17720.45,7220.45,2023,9
ORD-102561,2024-02-24,East,Office Supplies,Notebook Pack,4,253.47,0.05,963.19,513.19,2024,2
ORD-104291,2022-04-03,West,Clothing,Sneakers,3,3029.98,0.05,8635.44,3055.44,2022,4
ORD-104153,2023-07-30,East,Office Supplies,Notebook Pack,3,256.1,0.1,691.47,353.97,2023,7
ORD-100067,2023-01-06,North,Furniture,Sofa Set,3,32773.34,0.1,88488.02,21288.02,2023,1
ORD-104679,2024-09-18,South,Office Supplies,Pen Set,5,177.27,0.0,886.35,526.35,2024,9
ORD-102269,2024-09-13,North,Office Supplies,Pen Set,3,175.87,0.0,527.61,311.61,2024,9
ORD-104840,2024-09-23,South,Clothing,Sneakers,5,2915.08,0.0,14575.4,5275.4,2024,9
ORD-100820,2022-03-15,South,Clothing,Jeans,5,1847.03,0.15,7849.88,2899.88,2022,3
ORD-101226,2023-07-25,South,Electronics,Laptop,3,51281.22,0.05,146151.48,24471.48,2023,7
ORD-101677,2023-06-22,South,Home & Kitchen,Water Bottle,3,512.38,0.15,1306.57,706.57,2023,6
ORD-105137,2022-03-01,North,Home & Kitchen,Cookware Set,2,3793.66,0.0,7587.32,3407.32,2022,3
ORD-104481,2024-01-04,West,Electronics,Smartphone,1,23699.93,0.1,21329.94,2129.94,2024,1
ORD-102367,2023-05-27,West,Clothing,Sneakers,4,2970.13,0.1,10692.47,3252.47,2023,5
ORD-104073,2022-08-22,West,Clothing,Sneakers,2,3052.5,0.0,6105.0,2385.0,2022,8
ORD-102512,2022-06-13,South,Office Supplies,File Organizer,2,456.96,0.0,913.92,463.92,2022,6
ORD-104769,2024-03-29,West,Clothing,Sneakers,1,2930.29,0.0,2930.29,1070.29,2024,3
ORD-102723,2023-05-17,South,Clothing,Sneakers,6,2954.9,0.05,16842.93,5682.93,2023,5
ORD-105477,2023-07-03,North,Home & Kitchen,Air Fryer,1,6545.16,0.0,6545.16,2125.16,2023,7
ORD-105230,2024-07-03,North,Electronics,Smartphone,3,24597.78,0.1,66414.01,8814.01,2024,7
ORD-105350,2024-10-22,South,Electronics,Smartphone,2,23682.7,0.05,44997.13,6597.13,2024,10
ORD-101143,2024-07-25,North,Electronics,Headphones,3,3471.79,0.0,10415.37,4640.37,2024,7
ORD-100397,2022-12-27,West,Electronics,Smartwatch,1,8140.81,0.15,6919.69,1719.69,2022,12
ORD-105664,2022-10-04,North,Clothing,Jacket,6,3473.81,0.0,20842.86,8242.86,2022,10
ORD-103209,2022-05-13,West,Clothing,Sneakers,7,3081.42,0.0,21569.94,8549.94,2022,5
ORD-105265,2022-03-14,East,Electronics,Headphones,1,3564.45,0.0,3564.45,1639.45,2022,3
ORD-104098,2024-03-05,South,Electronics,Smartwatch,3,8061.64,0.15,20557.18,4957.18,2024,3
ORD-101398,2023-11-03,West,Home & Kitchen,Water Bottle,5,487.26,0.1,2192.67,1192.67,2023,11
ORD-104977,2022-10-02,South,Furniture,Bookshelf,3,5885.55,0.0,17656.65,7216.65,2022,10
ORD-102220,2023-03-13,East,Office Supplies,Notebook Pack,3,243.58,0.05,694.2,356.7,2023,3
ORD-101298,2024-04-13,South,Home & Kitchen,Cookware Set,3,3897.45,0.05,11107.73,4837.73,2024,4
ORD-103378,2023-07-08,East,Office Supplies,Notebook Pack,1,256.2,0.05,243.39,130.89,2023,7
ORD-104570,2023-01-05,North,Clothing,T-Shirt,2,681.89,0.0,1363.78,663.78,2023,1
ORD-100082,2024-07-18,East,Clothing,T-Shirt,2,718.47,0.0,1436.94,736.94,2024,7
ORD-105651,2023-06-26,West,Office Supplies,File Organizer,7,459.19,0.1,2892.9,1317.9,2023,6
ORD-103652,2023-01-13,West,Electronics,Smartwatch,2,7920.62,0.05,15049.18,4649.18,2023,1
ORD-104803,2023-07-17,North,Electronics,Smartphone,3,23473.7,0.0,70421.1,12821.1,2023,7
ORD-104113,2023-08-29,West,Home & Kitchen,Air Fryer,3,6607.74,0.1,17840.9,4580.9,2023,8
ORD-103409,2022-05-20,South,Clothing,Jeans,6,1814.92,0.1,9800.57,3860.57,2022,5
ORD-100423,2022-03-16,North,Clothing,Sneakers,5,2939.36,0.0,14696.8,5396.8,2022,3
ORD-105318,2023-05-13,West,Clothing,Jeans,2,1774.47,0.0,3548.94,1568.94,2023,5
ORD-101904,2023-12-08,West,Home & Kitchen,Water Bottle,6,500.02,0.0,3000.12,1800.12,2023,12
ORD-105967,2022-12-18,South,Office Supplies,Notebook Pack,3,244.6,0.0,733.8,396.3,2022,12
ORD-101530,2023-01-12,East,Electronics,Headphones,5,3517.82,0.05,16709.65,7084.65,2023,1
ORD-104355,2024-03-10,East,Clothing,Jeans,3,1766.91,0.0,5300.73,2330.73,2024,3
ORD-101565,2023-07-15,South,Home & Kitchen,Cookware Set,4,3813.68,0.05,14491.98,6131.98,2023,7
ORD-105385,2024-06-11,East,Office Supplies,Notebook Pack,7,253.8,0.1,1598.94,811.44,2024,6
ORD-102749,2022-02-19,West,Clothing,T-Shirt,5,682.83,0.15,2902.03,1152.03,2022,2
ORD-100839,2023-09-14,North,Home & Kitchen,Cookware Set,1,3699.3,0.1,3329.37,1239.37,2023,9
ORD-100500,2024-04-27,North,Home & Kitchen,Water Bottle,7,500.7,0.15,2979.16,1579.16,2024,4
ORD-100141,2023-08-18,South,Electronics,Smartwatch,1,8068.78,0.15,6858.46,1658.46,2023,8
ORD-105075,2022-10-17,East,Office Supplies,Notebook Pack,7,243.79,0.05,1621.2,833.7,2022,10
ORD-105164,2024-01-20,West,Home & Kitchen,Mixer Grinder,2,4300.8,0.0,8601.6,3141.6,2024,1
ORD-101377,2024-09-15,East,Home & Kitchen,Water Bottle,7,494.1,0.2,2766.96,1366.96,2024,9
ORD-104776,2023-06-10,South,Home & Kitchen,Cookware Set,6,3832.04,0.1,20693.02,8153.02,2023,6
ORD-105625,2023-12-09,North,Office Supplies,Notebook Pack,3,253.22,0.1,683.69,346.19,2023,12
ORD-102266,2024-05-13,East,Home & Kitchen,Water Bottle,2,487.75,0.0,975.5,575.5,2024,5
ORD-103184,2022-03-24,West,Clothing,Sneakers,5,2931.9,0.0,14659.5,5359.5,2022,3
ORD-101138,2022-03-16,East,Clothing,Jacket,3,3450.06,0.0,10350.18,4050.18,2022,3
ORD-102257,2024-06-26,West,Office Supplies,Notebook Pack,5,247.3,0.0,1236.5,674.0,2024,6
ORD-103779,2024-12-01,North,Home & Kitchen,Mixer Grinder,2,4249.93,0.15,7224.88,1764.88,2024,12
ORD-104396,2022-08-29,North,Electronics,Smartphone,3,23934.19,0.2,57442.06,-157.94,2022,8
ORD-100550,2023-07-24,East,Home & Kitchen,Air Fryer,1,6460.2,0.0,6460.2,2040.2,2023,7
ORD-102019,2023-04-04,South,Clothing,T-Shirt,7,711.02,0.15,4230.57,1780.57,2023,4
ORD-100948,2024-09-18,East,Clothing,Jacket,6,3414.99,0.1,18440.95,5840.95,2024,9
ORD-104103,2023-01-08,South,Home & Kitchen,Mixer Grinder,3,4194.41,0.0,12583.23,4393.23,2023,1
ORD-103383,2023-10-25,West,Home & Kitchen,Water Bottle,6,499.48,0.05,2847.04,1647.04,2023,10
ORD-100532,2023-04-21,North,Clothing,Jeans,2,1793.55,0.0,3587.1,1607.1,2023,4
ORD-105973,2024-12-28,North,Office Supplies,Notebook Pack,5,245.94,0.05,1168.21,605.71,2024,12
ORD-101829,2023-08-21,North,Furniture,Office Chair,3,7320.84,0.0,21962.52,8012.52,2023,8
ORD-105424,2024-11-07,East,Electronics,Smartphone,3,23399.26,0.05,66687.89,9087.89,2024,11
ORD-105338,2024-08-03,North,Office Supplies,File Organizer,4,445.75,0.0,1783.0,883.0,2024,8
ORD-101602,2024-02-23,North,Office Supplies,File Organizer,4,455.42,0.05,1730.6,830.6,2024,2
ORD-102238,2023-03-29,West,Clothing,Jeans,6,1832.95,0.1,9897.93,3957.93,2023,3
ORD-100639,2024-09-09,North,Office Supplies,Pen Set,2,180.92,0.05,343.75,199.75,2024,9
ORD-105936,2022-11-03,West,Home & Kitchen,Cookware Set,1,3803.64,0.15,3233.09,1143.09,2022,11
ORD-105192,2022-06-16,North,Clothing,Jeans,5,1782.31,0.05,8465.97,3515.97,2022,6
ORD-104812,2023-09-06,West,Office Supplies,Notebook Pack,2,246.01,0.0,492.02,267.02,2023,9
ORD-101683,2022-12-20,North,Home & Kitchen,Air Fryer,3,6461.41,0.2,15507.38,2247.38,2022,12
ORD-102248,2023-04-21,East,Office Supplies,Pen Set,1,180.72,0.0,180.72,108.72,2023,4
ORD-104229,2022-11-18,South,Office Supplies,Pen Set,1,174.64,0.1,157.18,85.18,2022,11
ORD-105493,2023-02-01,North,Furniture,Office Chair,2,7391.05,0.0,14782.1,5482.1,2023,2
ORD-103483,2023-10-31,West,Clothing,Jeans,5,1771.36,0.0,8856.8,3906.8,2023,10
ORD-100155,2024-02-17,West,Electronics,Headphones,5,3509.59,0.05,16670.55,7045.55,2024,2
ORD-102295,2022-02-28,South,Office Supplies,Pen Set,2,177.51,0.1,319.52,175.52,2022,2
ORD-104932,2024-06-20,West,Clothing,Jacket,3,3531.13,0.05,10063.72,3763.72,2024,6
ORD-104161,2022-12-12,North,Clothing,T-Shirt,7,707.18,0.0,4950.26,2500.26,2022,12
ORD-101089,2023-07-10,North,Office Supplies,Notebook Pack,1,247.38,0.2,197.9,85.4,2023,7
ORD-103932,2023-09-09,North,Office Supplies,File Organizer,6,443.47,0.1,2394.74,1044.74,2023,9
ORD-102319,2024-10-27,North,Office Supplies,Pen Set,3,175.29,0.05,499.58,283.58,2024,10
ORD-102940,2024-12-21,South,Electronics,Smartwatch,1,8106.09,0.0,8106.09,2906.09,2024,12
ORD-105299,2022-05-09,South,Clothing,Jeans,4,1815.29,0.1,6535.04,2575.04,2022,5
ORD-100930,2022-12-28,North,Office Supplies,Notebook Pack,2,253.17,0.0,506.34,281.34,2022,12
ORD-102909,2023-11-04,West,Office Supplies,Notebook Pack,2,253.49,0.0,506.98,281.98,2023,11
ORD-104731,2024-10-25,East,Electronics,Smartphone,1,24485.5,0.05,23261.22,4061.22,2024,10
ORD-104771,2023-05-02,West,Office Supplies,Notebook Pack,5,244.4,0.0,1222.0,659.5,2023,5
ORD-102884,2023-10-17,West,Office Supplies,File Organizer,7,452.06,0.0,3164.42,1589.42,2023,10
ORD-103861,2022-02-12,West,Office Supplies,File Organizer,6,441.76,0.0,2650.56,1300.56,2022,2
ORD-105580,2024-03-17,East,Office Supplies,File Organizer,1,439.31,0.05,417.34,192.34,2024,3
ORD-104558,2022-02-06,North,Home & Kitchen,Mixer Grinder,4,4145.54,0.1,14923.94,4003.94,2022,2
ORD-105690,2023-10-15,South,Furniture,Study Desk,2,9394.36,0.2,15030.98,3630.98,2023,10
ORD-104634,2024-01-19,East,Clothing,Jeans,2,1809.72,0.0,3619.44,1639.44,2024,1
ORD-104882,2023-12-05,West,Clothing,Sneakers,3,3007.6,0.2,7218.24,1638.24,2023,12
ORD-105510,2022-05-20,East,Office Supplies,Notebook Pack,2,246.36,0.0,492.72,267.72,2022,5
ORD-105731,2024-09-30,North,Office Supplies,Pen Set,1,179.14,0.05,170.18,98.18,2024,9
ORD-101698,2024-11-30,South,Electronics,Headphones,4,3547.11,0.1,12769.6,5069.6,2024,11
ORD-104241,2024-08-01,North,Electronics,Laptop,1,51753.7,0.0,51753.7,11193.7,2024,8
ORD-103717,2024-07-05,West,Electronics,Headphones,2,3441.27,0.0,6882.54,3032.54,2024,7
ORD-104331,2024-11-13,North,Home & Kitchen,Air Fryer,3,6473.25,0.0,19419.75,6159.75,2024,11
ORD-100985,2024-10-28,South,Clothing,Jeans,7,1845.75,0.0,12920.25,5990.25,2024,10
ORD-101821,2023-08-19,East,Clothing,T-Shirt,5,679.89,0.05,3229.48,1479.48,2023,8
ORD-103525,2023-06-12,West,Clothing,T-Shirt,5,714.72,0.05,3394.92,1644.92,2023,6
ORD-103318,2022-04-30,North,Clothing,Sneakers,7,3065.24,0.1,19311.01,6291.01,2022,4
ORD-105867,2024-04-05,East,Clothing,Sneakers,1,3031.7,0.15,2576.94,716.94,2024,4
ORD-100981,2024-07-22,South,Home & Kitchen,Water Bottle,6,491.57,0.0,2949.42,1749.42,2024,7
ORD-105224,2023-08-06,South,Electronics,Headphones,6,3434.6,0.0,20607.6,9057.6,2023,8
ORD-105594,2023-11-06,North,Office Supplies,Pen Set,5,174.6,0.05,829.35,469.35,2023,11
ORD-104401,2024-05-08,South,Electronics,Smartwatch,2,7853.22,0.05,14921.12,4521.12,2024,5
ORD-103669,2023-11-11,West,Home & Kitchen,Air Fryer,2,6512.81,0.05,12374.34,3534.34,2023,11
ORD-101473,2023-08-26,West,Office Supplies,Pen Set,5,180.53,0.15,767.25,407.25,2023,8
ORD-104663,2022-04-27,West,Clothing,Sneakers,4,2962.67,0.0,11850.68,4410.68,2022,4
ORD-103520,2023-09-21,North,Home & Kitchen,Water Bottle,3,501.42,0.1,1353.83,753.83,2023,9
ORD-101457,2023-06-18,West,Home & Kitchen,Mixer Grinder,3,4144.83,0.1,11191.04,3001.04,2023,6
ORD-101395,2022-07-29,North,Home & Kitchen,Cookware Set,5,3751.18,0.05,17818.1,7368.1,2022,7
ORD-100264,2024-10-29,North,Office Supplies,Pen Set,6,175.66,0.05,1001.26,569.26,2024,10
ORD-102748,2023-08-25,North,Clothing,Sneakers,2,2970.88,0.1,5347.58,1627.58,2023,8
ORD-103558,2023-12-22,West,Office Supplies,File Organizer,5,456.13,0.1,2052.59,927.59,2023,12
ORD-102692,2024-09-20,South,Electronics,Laptop,1,52857.69,0.0,52857.69,12297.69,2024,9
ORD-104419,2023-09-09,East,Clothing,Jacket,6,3409.3,0.05,19433.01,6833.01,2023,9
ORD-100929,2024-04-26,North,Home & Kitchen,Water Bottle,5,511.0,0.0,2555.0,1555.0,2024,4
ORD-105214,2023-05-11,North,Electronics,Smartwatch,3,8204.01,0.05,23381.43,7781.43,2023,5
ORD-102400,2023-11-29,North,Office Supplies,File Organizer,5,452.87,0.0,2264.35,1139.35,2023,11
ORD-102178,2022-11-19,East,Clothing,T-Shirt,3,679.08,0.0,2037.24,987.24,2022,11
ORD-105863,2024-04-25,South,Home & Kitchen,Mixer Grinder,7,4292.33,0.15,25539.36,6429.36,2024,4
ORD-100246,2023-12-05,East,Home & Kitchen,Water Bottle,7,492.23,0.0,3445.61,2045.61,2023,12
ORD-101594,2024-08-08,South,Clothing,T-Shirt,2,687.13,0.2,1099.41,399.41,2024,8
ORD-101758,2024-10-14,East,Office Supplies,Notebook Pack,5,249.93,0.0,1249.65,687.15,2024,10
ORD-105981,2023-10-09,North,Office Supplies,Notebook Pack,5,253.7,0.2,1014.8,452.3,2023,10
ORD-105439,2022-07-29,North,Home & Kitchen,Air Fryer,3,6364.05,0.0,19092.15,5832.15,2022,7
ORD-100268,2022-06-08,South,Electronics,Smartphone,2,23781.14,0.1,42806.05,4406.05,2022,6
ORD-100669,2023-05-14,South,Home & Kitchen,Air Fryer,2,6473.69,0.0,12947.38,4107.38,2023,5
ORD-104063,2023-11-20,North,Electronics,Smartphone,3,23393.63,0.05,66671.85,9071.85,2023,11
ORD-101910,2022-01-17,South,Home & Kitchen,Water Bottle,5,487.49,0.1,2193.7,1193.7,2022,1
ORD-104890,2022-10-19,West,Office Supplies,Notebook Pack,7,252.3,0.0,1766.1,978.6,2022,10
ORD-104270,2024-12-30,North,Clothing,Jeans,6,1789.34,0.05,10199.24,4259.24,2024,12
ORD-101152,2022-05-14,West,Home & Kitchen,Water Bottle,7,494.08,0.0,3458.56,2058.56,2022,5
ORD-105643,2023-04-07,East,Clothing,T-Shirt,5,689.58,0.0,3447.9,1697.9,2023,4
ORD-105044,2022-11-09,South,Clothing,T-Shirt,3,707.21,0.1,1909.47,859.47,2022,11
ORD-105914,2022-11-27,East,Home & Kitchen,Water Bottle,2,496.37,0.05,943.1,543.1,2022,11
ORD-105644,2023-12-22,South,Clothing,T-Shirt,7,713.86,0.0,4997.02,2547.02,2023,12
ORD-102696,2024-07-24,South,Electronics,Smartwatch,1,7825.74,0.0,7825.74,2625.74,2024,7
ORD-102591,2024-10-06,North,Electronics,Smartphone,3,24194.89,0.15,61696.97,4096.97,2024,10
ORD-105198,2024-05-15,East,Electronics,Smartwatch,2,7850.73,0.15,13346.24,2946.24,2024,5
ORD-101781,2024-06-30,East,Office Supplies,Notebook Pack,1,252.1,0.1,226.89,114.39,2024,6
ORD-103013,2024-03-17,West,Office Supplies,Notebook Pack,5,246.77,0.0,1233.85,671.35,2024,3
ORD-105367,2024-06-16,West,Clothing,Sneakers,4,3076.83,0.0,12307.32,4867.32,2024,6
ORD-102307,2023-06-10,East,Clothing,Jeans,7,1852.61,0.0,12968.27,6038.27,2023,6
ORD-105089,2022-12-22,North,Clothing,T-Shirt,2,720.66,0.05,1369.25,669.25,2022,12
ORD-100687,2024-11-29,East,Home & Kitchen,Cookware Set,2,3887.06,0.0,7774.12,3594.12,2024,11
ORD-101915,2022-09-26,South,Home & Kitchen,Water Bottle,3,493.07,0.0,1479.21,879.21,2022,9
ORD-105784,2022-11-06,North,Clothing,Jeans,7,1849.34,0.0,12945.38,6015.38,2022,11
ORD-103071,2024-12-03,East,Office Supplies,Notebook Pack,4,245.66,0.1,884.38,434.38,2024,12
ORD-103570,2024-05-24,South,Electronics,Headphones,1,3445.0,0.0,3445.0,1520.0,2024,5
ORD-103200,2024-05-24,South,Electronics,Smartwatch,2,8082.91,0.0,16165.82,5765.82,2024,5
ORD-102267,2023-09-06,North,Furniture,Office Chair,2,7716.88,0.05,14662.07,5362.07,2023,9
ORD-105894,2022-02-11,North,Electronics,Smartphone,2,24437.74,0.05,46431.71,8031.71,2022,2
ORD-102533,2022-01-25,North,Home & Kitchen,Water Bottle,1,491.07,0.0,491.07,291.07,2022,1
ORD-100039,2024-02-14,West,Office Supplies,Pen Set,6,182.71,0.1,986.63,554.63,2024,2
ORD-101898,2022-04-03,South,Home & Kitchen,Water Bottle,5,503.25,0.0,2516.25,1516.25,2022,4
ORD-101649,2024-07-06,West,Clothing,Jeans,2,1816.37,0.0,3632.74,1652.74,2024,7
ORD-103641,2022-02-15,North,Electronics,Smartwatch,2,7861.31,0.1,14150.36,3750.36,2022,2
ORD-100258,2022-04-05,West,Office Supplies,File Organizer,4,440.48,0.15,1497.63,597.63,2022,4
ORD-102924,2022-03-27,North,Office Supplies,Pen Set,2,177.98,0.1,320.36,176.36,2022,3
ORD-100847,2024-02-29,South,Office Supplies,Pen Set,1,182.48,0.1,164.23,92.23,2024,2
ORD-102822,2022-03-20,East,Clothing,Jeans,4,1825.9,0.1,6573.24,2613.24,2022,3
ORD-105210,2023-07-04,South,Clothing,T-Shirt,3,719.79,0.2,1727.5,677.5,2023,7
ORD-105729,2022-12-30,North,Furniture,Office Chair,1,7517.46,0.2,6013.97,1363.97,2022,12
ORD-105329,2023-02-28,East,Home & Kitchen,Water Bottle,6,501.84,0.0,3011.04,1811.04,2023,2
ORD-101233,2024-02-26,South,Office Supplies,Pen Set,7,182.19,0.05,1211.56,707.56,2024,2
ORD-101127,2024-03-04,North,Office Supplies,Pen Set,5,176.86,0.0,884.3,524.3,2024,3
ORD-103660,2022-10-07,North,Office Supplies,Pen Set,7,177.09,0.15,1053.69,549.69,2022,10
ORD-101967,2024-08-23,North,Home & Kitchen,Air Fryer,2,6583.84,0.05,12509.3,3669.3,2024,8
ORD-100558,2023-11-20,North,Home & Kitchen,Cookware Set,4,3908.07,0.05,14850.67,6490.67,2023,11
ORD-100904,2024-11-29,East,Office Supplies,Printer,2,8835.54,0.0,17671.08,4171.08,2024,11
ORD-102614,2022-12-03,West,Electronics,Headphones,1,3503.19,0.2,2802.55,877.55,2022,12
ORD-100484,2022-02-23,South,Home & Kitchen,Water Bottle,7,494.94,0.0,3464.58,2064.58,2022,2
ORD-102211,2023-07-08,West,Home & Kitchen,Water Bottle,5,493.43,0.0,2467.15,1467.15,2023,7
ORD-101320,2023-08-24,East,Electronics,Smartphone,1,23946.13,0.1,21551.52,2351.52,2023,8
ORD-104490,2023-09-25,North,Office Supplies,Notebook Pack,4,256.58,0.1,923.69,473.69,2023,9
ORD-100007,2024-06-18,South,Home & Kitchen,Air Fryer,2,6544.24,0.15,11125.21,2285.21,2024,6
ORD-102315,2022-12-19,South,Clothing,T-Shirt,3,718.19,0.1,1939.11,889.11,2022,12
ORD-105204,2022-08-16,North,Electronics,Headphones,5,3532.23,0.05,16778.09,7153.09,2022,8
ORD-104489,2023-10-04,North,Clothing,Jeans,2,1837.72,0.15,3124.12,1144.12,2023,10
ORD-104420,2023-01-07,North,Furniture,Office Chair,1,7289.87,0.1,6560.88,1910.88,2023,1
ORD-105397,2023-02-04,South,Clothing,Jacket,7,3557.86,0.0,24905.02,10205.02,2023,2
ORD-101450,2024-07-04,West,Office Supplies,Notebook Pack,5,243.53,0.1,1095.89,533.39,2024,7
ORD-101201,2023-10-20,West,Office Supplies,Notebook Pack,2,251.02,0.05,476.94,251.94,2023,10
ORD-102426,2022-04-08,North,Clothing,Sneakers,3,2975.3,0.15,7587.02,2007.02,2022,4
ORD-102648,2024-02-08,West,Office Supplies,Pen Set,3,177.65,0.0,532.95,316.95,2024,2
ORD-101814,2024-08-03,South,Clothing,T-Shirt,2,696.06,0.1,1252.91,552.91,2024,8
ORD-102726,2024-06-17,North,Home & Kitchen,Water Bottle,1,485.64,0.0,485.64,285.64,2024,6
ORD-102274,2024-09-13,West,Office Supplies,Notebook Pack,5,252.91,0.0,1264.55,702.05,2024,9
ORD-101011,2023-12-02,South,Home & Kitchen,Water Bottle,1,513.0,0.0,513.0,313.0,2023,12
ORD-103168,2022-04-18,South,Electronics,Smartwatch,2,7872.46,0.1,14170.43,3770.43,2022,4
ORD-105394,2023-06-13,North,Home & Kitchen,Air Fryer,1,6475.39,0.15,5504.08,1084.08,2023,6
ORD-101991,2024-02-19,North,Home & Kitchen,Water Bottle,7,490.02,0.05,3258.63,1858.63,2024,2
ORD-101277,2022-05-23,North,Clothing,Jeans,5,1786.85,0.1,8040.82,3090.82,2022,5
ORD-101783,2022-07-26,South,Furniture,Sofa Set,2,31127.28,0.05,59141.83,14341.83,2022,7
ORD-104357,2023-01-19,South,Clothing,Jeans,2,1804.21,0.1,3247.58,1267.58,2023,1
ORD-100446,2024-12-16,East,Clothing,Jeans,5,1831.75,0.0,9158.75,4208.75,2024,12
ORD-100880,2023-05-16,West,Electronics,Smartphone,3,24067.09,0.0,72201.27,14601.27,2023,5
ORD-104176,2023-12-13,East,Electronics,Headphones,1,3603.31,0.1,3242.98,1317.98,2023,12
ORD-105480,2022-02-08,West,Clothing,T-Shirt,2,708.36,0.1,1275.05,575.05,2022,2
ORD-102727,2022-07-05,South,Office Supplies,Pen Set,3,175.12,0.15,446.56,230.56,2022,7
ORD-103048,2024-10-27,South,Home & Kitchen,Water Bottle,7,502.66,0.0,3518.62,2118.62,2024,10
ORD-100781,2024-10-27,East,Office Supplies,Pen Set,6,181.88,0.0,1091.28,659.28,2024,10
ORD-102651,2023-05-29,South,Home & Kitchen,Water Bottle,6,509.87,0.05,2906.26,1706.26,2023,5
ORD-105972,2023-10-06,South,Home & Kitchen,Water Bottle,2,497.62,0.0,995.24,595.24,2023,10
ORD-101749,2023-07-02,South,Home & Kitchen,Mixer Grinder,3,4202.16,0.0,12606.48,4416.48,2023,7
ORD-102126,2023-02-21,North,Office Supplies,Pen Set,7,178.23,0.05,1185.23,681.23,2023,2
ORD-103855,2022-10-14,North,Electronics,Headphones,4,3452.88,0.0,13811.52,6111.52,2022,10
ORD-102791,2022-04-16,South,Home & Kitchen,Air Fryer,2,6527.95,0.2,10444.72,1604.72,2022,4
ORD-102423,2022-05-15,South,Home & Kitchen,Water Bottle,5,494.75,0.0,2473.75,1473.75,2022,5
ORD-105295,2023-11-18,North,Home & Kitchen,Air Fryer,1,6544.31,0.1,5889.88,1469.88,2023,11
ORD-100883,2023-07-22,West,Clothing,Sneakers,6,3024.72,0.0,18148.32,6988.32,2023,7
ORD-104446,2023-04-13,South,Home & Kitchen,Air Fryer,1,6543.93,0.05,6216.73,1796.73,2023,4
ORD-105140,2023-12-21,South,Office Supplies,Notebook Pack,7,256.98,0.05,1708.92,921.42,2023,12
ORD-100531,2024-03-25,West,Home & Kitchen,Water Bottle,4,510.86,0.05,1941.27,1141.27,2024,3
ORD-103765,2024-06-23,South,Clothing,T-Shirt,1,692.85,0.05,658.21,308.21,2024,6
ORD-102438,2023-06-17,South,Home & Kitchen,Water Bottle,5,498.43,0.05,2367.54,1367.54,2023,6
ORD-104984,2023-01-10,West,Clothing,Jacket,1,3449.63,0.05,3277.15,1177.15,2023,1
ORD-104522,2024-06-05,West,Electronics,Laptop,2,50661.58,0.1,91190.84,10070.84,2024,6
ORD-102608,2024-02-09,South,Office Supplies,Notebook Pack,5,243.05,0.1,1093.73,531.23,2024,2
ORD-105036,2024-10-08,West,Office Supplies,File Organizer,7,439.18,0.05,2920.55,1345.55,2024,10
ORD-102290,2024-12-09,East,Clothing,Jacket,1,3492.37,0.0,3492.37,1392.37,2024,12
ORD-101727,2024-09-09,South,Office Supplies,Notebook Pack,7,244.31,0.0,1710.17,922.67,2024,9
ORD-100610,2023-10-22,North,Clothing,Jacket,5,3520.42,0.2,14081.68,3581.68,2023,10
ORD-100570,2023-02-21,North,Clothing,Jeans,6,1775.68,0.05,10121.38,4181.38,2023,2
ORD-100343,2023-11-27,North,Office Supplies,Pen Set,6,174.6,0.05,995.22,563.22,2023,11
ORD-104792,2022-12-06,North,Office Supplies,File Organizer,1,451.05,0.05,428.5,203.5,2022,12
ORD-100636,2024-02-21,South,Electronics,Headphones,6,3463.4,0.1,18702.36,7152.36,2024,2
ORD-100434,2022-03-01,South,Clothing,T-Shirt,7,704.62,0.1,4439.11,1989.11,2022,3
ORD-101903,2022-07-29,East,Clothing,Jeans,1,1756.7,0.05,1668.87,678.87,2022,7
ORD-103215,2024-05-09,East,Clothing,Jacket,6,3525.03,0.0,21150.18,8550.18,2024,5
ORD-100097,2022-05-03,North,Clothing,T-Shirt,1,697.83,0.15,593.16,243.16,2022,5
ORD-103332,2022-02-09,South,Office Supplies,Pen Set,5,179.26,0.0,896.3,536.3,2022,2
ORD-103545,2023-07-26,East,Office Supplies,Notebook Pack,3,255.06,0.15,650.4,312.9,2023,7
ORD-105854,2022-03-05,West,Office Supplies,Notebook Pack,1,255.31,0.0,255.31,142.81,2022,3
ORD-101537,2024-05-09,West,Home & Kitchen,Mixer Grinder,7,4300.85,0.05,28600.65,9490.65,2024,5
ORD-103362,2023-11-19,North,Clothing,Jeans,5,1790.19,0.15,7608.31,2658.31,2023,11
ORD-104236,2023-04-17,East,Home & Kitchen,Mixer Grinder,7,4308.89,0.0,30162.23,11052.23,2023,4
ORD-104889,2024-12-31,West,Electronics,Smartphone,1,24529.31,0.0,24529.31,5329.31,2024,12
ORD-103487,2024-05-07,West,Office Supplies,File Organizer,4,462.24,0.05,1756.51,856.51,2024,5
ORD-101517,2024-11-26,North,Clothing,Jeans,3,1822.28,0.0,5466.84,2496.84,2024,11
ORD-100965,2023-08-08,North,Clothing,T-Shirt,6,693.84,0.15,3538.58,1438.58,2023,8
ORD-105405,2024-04-19,South,Office Supplies,Pen Set,7,185.01,0.15,1100.81,596.81,2024,4
ORD-100528,2024-06-04,South,Office Supplies,File Organizer,3,443.11,0.05,1262.86,587.86,2024,6
ORD-100176,2023-06-15,West,Clothing,Jacket,1,3495.14,0.0,3495.14,1395.14,2023,6
ORD-104633,2022-12-03,South,Clothing,Jeans,3,1842.2,0.0,5526.6,2556.6,2022,12
ORD-105437,2022-09-28,West,Office Supplies,Notebook Pack,7,255.48,0.1,1609.52,822.02,2022,9
ORD-103001,2023-11-27,South,Office Supplies,Notebook Pack,4,248.26,0.1,893.74,443.74,2023,11
ORD-105260,2024-01-22,North,Clothing,T-Shirt,2,692.84,0.0,1385.68,685.68,2024,1
ORD-100572,2023-08-08,West,Clothing,Jeans,3,1772.13,0.0,5316.39,2346.39,2023,8
ORD-103424,2022-07-27,North,Clothing,T-Shirt,4,693.07,0.1,2495.05,1095.05,2022,7
ORD-100592,2023-01-11,South,Office Supplies,Pen Set,6,180.72,0.05,1030.1,598.1,2023,1
ORD-105100,2023-10-31,West,Home & Kitchen,Air Fryer,2,6409.76,0.0,12819.52,3979.52,2023,10
ORD-103062,2022-11-07,South,Office Supplies,Printer,1,8874.2,0.05,8430.49,1680.49,2022,11
ORD-103653,2022-09-27,South,Clothing,Jeans,4,1783.64,0.0,7134.56,3174.56,2022,9
ORD-102374,2023-03-25,South,Clothing,Jeans,5,1749.49,0.0,8747.45,3797.45,2023,3
ORD-105766,2023-03-17,South,Clothing,T-Shirt,6,706.84,0.0,4241.04,2141.04,2023,3
ORD-104437,2022-10-30,East,Home & Kitchen,Water Bottle,4,505.99,0.0,2023.96,1223.96,2022,10
ORD-103834,2022-12-22,South,Home & Kitchen,Air Fryer,1,6431.67,0.1,5788.5,1368.5,2022,12
ORD-104301,2024-04-03,North,Clothing,T-Shirt,5,693.91,0.0,3469.55,1719.55,2024,4
ORD-102208,2022-07-30,North,Clothing,Jeans,7,1825.48,0.05,12139.44,5209.44,2022,7
ORD-102492,2022-03-15,East,Office Supplies,Pen Set,1,174.89,0.05,166.15,94.15,2022,3
ORD-104092,2024-08-09,South,Electronics,Smartwatch,2,7796.3,0.1,14033.34,3633.34,2024,8
ORD-100383,2023-08-05,North,Clothing,Sneakers,7,2927.37,0.0,20491.59,7471.59,2023,8
ORD-101880,2023-09-04,West,Office Supplies,Notebook Pack,2,254.08,0.0,508.16,283.16,2023,9
ORD-100370,2024-05-25,South,Home & Kitchen,Cookware Set,7,3785.17,0.0,26496.19,11866.19,2024,5
ORD-103527,2022-07-26,West,Electronics,Headphones,1,3485.5,0.05,3311.22,1386.22,2022,7
ORD-104335,2022-04-10,South,Home & Kitchen,Water Bottle,4,490.33,0.0,1961.32,1161.32,2022,4
ORD-105333,2022-08-04,North,Office Supplies,Pen Set,7,176.84,0.0,1237.88,733.88,2022,8
ORD-105298,2022-11-25,South,Clothing,Jacket,7,3491.11,0.05,23215.88,8515.88,2022,11
ORD-103819,2024-08-15,West,Home & Kitchen,Cookware Set,4,3860.43,0.0,15441.72,7081.72,2024,8
ORD-102361,2022-03-17,North,Home & Kitchen,Cookware Set,6,3843.87,0.15,19603.74,7063.74,2022,3
ORD-104941,2022-03-19,East,Home & Kitchen,Water Bottle,4,514.29,0.0,2057.16,1257.16,2022,3
ORD-101336,2022-09-07,South,Clothing,Jeans,1,1787.74,0.15,1519.58,529.58,2022,9
ORD-102189,2024-11-05,North,Clothing,Sneakers,3,2996.57,0.05,8540.22,2960.22,2024,11
ORD-105538,2023-03-30,West,Clothing,Sneakers,1,2949.95,0.1,2654.95,794.95,2023,3
ORD-103887,2024-08-23,West,Clothing,Sneakers,1,2983.77,0.1,2685.39,825.39,2024,8
ORD-104220,2022-08-31,North,Clothing,Sneakers,4,2963.48,0.0,11853.92,4413.92,2022,8
ORD-105955,2024-01-10,West,Clothing,Jeans,6,1796.73,0.0,10780.38,4840.38,2024,1
ORD-101171,2024-04-28,South,Clothing,T-Shirt,3,719.83,0.1,1943.54,893.54,2024,4
ORD-103274,2024-03-24,North,Clothing,T-Shirt,7,692.5,0.2,3878.0,1428.0,2024,3
ORD-103846,2024-04-23,North,Home & Kitchen,Mixer Grinder,7,4114.85,0.15,24483.36,5373.36,2024,4
ORD-103994,2022-11-01,West,Office Supplies,Pen Set,5,183.16,0.05,870.01,510.01,2022,11
ORD-101422,2023-07-10,West,Office Supplies,Notebook Pack,3,256.09,0.15,653.03,315.53,2023,7
ORD-102686,2022-11-02,North,Clothing,Sneakers,7,3005.55,0.05,19986.91,6966.91,2022,11
ORD-105514,2022-06-01,North,Office Supplies,Notebook Pack,3,243.84,0.0,731.52,394.02,2022,6
ORD-103482,2024-08-12,West,Home & Kitchen,Water Bottle,4,512.87,0.0,2051.48,1251.48,2024,8
ORD-103926,2023-10-07,North,Clothing,Jeans,6,1759.14,0.05,10027.1,4087.1,2023,10
ORD-105099,2024-09-05,North,Office Supplies,Pen Set,7,178.04,0.0,1246.28,742.28,2024,9
ORD-101464,2024-01-25,East,Home & Kitchen,Water Bottle,2,513.45,0.0,1026.9,626.9,2024,1
ORD-100874,2024-04-09,South,Furniture,Sofa Set,3,31601.87,0.2,75844.49,8644.49,2024,4
ORD-102297,2022-03-05,West,Office Supplies,Notebook Pack,3,255.69,0.0,767.07,429.57,2022,3
ORD-102643,2024-09-06,South,Office Supplies,Notebook Pack,4,250.12,0.1,900.43,450.43,2024,9
ORD-103464,2024-05-13,North,Home & Kitchen,Water Bottle,2,493.57,0.0,987.14,587.14,2024,5
ORD-105319,2023-02-07,North,Office Supplies,Notebook Pack,4,245.96,0.15,836.26,386.26,2023,2
ORD-101251,2022-05-28,South,Office Supplies,File Organizer,6,445.94,0.2,2140.51,790.51,2022,5
ORD-105165,2024-04-24,North,Clothing,T-Shirt,4,707.06,0.0,2828.24,1428.24,2024,4
ORD-104332,2022-04-06,North,Clothing,T-Shirt,4,707.42,0.0,2829.68,1429.68,2022,4
ORD-100204,2022-01-21,East,Electronics,Smartwatch,2,7884.03,0.05,14979.66,4579.66,2022,1
ORD-101641,2022-05-16,West,Home & Kitchen,Water Bottle,2,498.62,0.05,947.38,547.38,2022,5
ORD-102014,2023-05-22,East,Electronics,Laptop,3,51759.52,0.0,155278.56,33598.56,2023,5
ORD-103253,2023-08-16,South,Clothing,Sneakers,3,3032.4,0.0,9097.2,3517.2,2023,8
ORD-100905,2024-01-24,South,Home & Kitchen,Mixer Grinder,4,4101.31,0.1,14764.72,3844.72,2024,1
ORD-100631,2024-07-27,South,Electronics,Smartphone,1,23601.19,0.1,21241.07,2041.07,2024,7
ORD-104348,2023-09-19,East,Office Supplies,Pen Set,4,180.81,0.0,723.24,435.24,2023,9
ORD-105195,2024-12-11,South,Clothing,T-Shirt,2,719.49,0.0,1438.98,738.98,2024,12
ORD-101974,2022-08-22,West,Clothing,Sneakers,2,2924.5,0.0,5849.0,2129.0,2022,8
ORD-100162,2022-10-24,East,Office Supplies,Notebook Pack,6,257.35,0.05,1466.89,791.89,2022,10
ORD-104409,2022-08-08,South,Office Supplies,Notebook Pack,6,249.38,0.15,1271.84,596.84,2022,8
ORD-105391,2023-04-21,South,Office Supplies,Pen Set,2,181.99,0.0,363.98,219.98,2023,4
ORD-105522,2023-06-08,South,Home & Kitchen,Air Fryer,1,6593.85,0.05,6264.16,1844.16,2023,6
ORD-103685,2022-05-12,North,Electronics,Laptop,1,52170.02,0.1,46953.02,6393.02,2022,5
ORD-100617,2023-03-03,West,Home & Kitchen,Air Fryer,3,6499.32,0.05,18523.06,5263.06,2023,3
ORD-100875,2024-10-01,East,Office Supplies,File Organizer,1,441.26,0.05,419.2,194.2,2024,10
ORD-102973,2024-11-06,North,Electronics,Smartphone,2,24390.84,0.1,43903.51,5503.51,2024,11
ORD-100547,2022-04-23,South,Clothing,T-Shirt,1,705.38,0.0,705.38,355.38,2022,4
ORD-105356,2023-11-28,South,Office Supplies,File Organizer,1,461.34,0.2,369.07,144.07,2023,11
ORD-105585,2024-11-22,West,Home & Kitchen,Water Bottle,1,488.63,0.05,464.2,264.2,2024,11
ORD-105174,2022-08-22,North,Clothing,T-Shirt,1,699.87,0.2,559.9,209.9,2022,8
ORD-105638,2022-03-12,South,Home & Kitchen,Water Bottle,2,485.1,0.05,921.69,521.69,2022,3
ORD-103947,2022-05-07,West,Office Supplies,Notebook Pack,1,245.36,0.05,233.09,120.59,2022,5
ORD-103955,2023-11-26,South,Office Supplies,Printer,2,8896.23,0.15,15123.59,1623.59,2023,11
ORD-105014,2022-09-19,North,Home & Kitchen,Water Bottle,4,510.54,0.0,2042.16,1242.16,2022,9
ORD-102856,2024-02-03,South,Home & Kitchen,Cookware Set,6,3794.26,0.05,21627.28,9087.28,2024,2
ORD-101861,2024-12-26,East,Electronics,Smartphone,2,23853.03,0.1,42935.45,4535.45,2024,12
ORD-102659,2022-10-20,South,Office Supplies,Pen Set,7,177.75,0.2,995.4,491.4,2022,10
ORD-103384,2022-09-26,North,Office Supplies,Printer,2,9053.68,0.0,18107.36,4607.36,2022,9
ORD-105642,2024-06-16,West,Office Supplies,Pen Set,1,181.36,0.05,172.29,100.29,2024,6
ORD-100640,2024-04-30,North,Electronics,Laptop,2,50648.83,0.1,91167.89,10047.89,2024,4
ORD-104617,2023-10-18,West,Clothing,Jeans,2,1756.05,0.0,3512.1,1532.1,2023,10
ORD-101009,2023-07-15,West,Office Supplies,File Organizer,4,439.08,0.15,1492.87,592.87,2023,7
ORD-103366,2024-03-13,East,Clothing,Jeans,1,1768.58,0.2,1414.86,424.86,2024,3
ORD-100637,2024-04-02,West,Clothing,Jeans,1,1845.46,0.0,1845.46,855.46,2024,4
ORD-105290,2023-02-12,North,Home & Kitchen,Mixer Grinder,6,4274.71,0.1,23083.43,6703.43,2023,2
ORD-105435,2022-05-08,West,Clothing,T-Shirt,2,706.74,0.0,1413.48,713.48,2022,5
ORD-104615,2022-12-19,West,Office Supplies,Pen Set,4,175.13,0.05,665.49,377.49,2022,12
ORD-103145,2024-01-08,North,Clothing,Jacket,1,3539.33,0.15,3008.43,908.43,2024,1
ORD-103966,2023-08-26,West,Office Supplies,Pen Set,5,175.07,0.1,787.81,427.81,2023,8
ORD-102096,2022-02-28,East,Electronics,Smartphone,2,24632.92,0.15,41875.96,3475.96,2022,2
ORD-103684,2022-09-03,West,Electronics,Smartwatch,3,8058.44,0.0,24175.32,8575.32,2022,9
ORD-101956,2023-10-19,North,Office Supplies,Pen Set,4,184.3,0.2,589.76,301.76,2023,10
ORD-101372,2023-05-11,West,Clothing,T-Shirt,7,709.44,0.0,4966.08,2516.08,2023,5
ORD-105680,2024-09-11,North,Office Supplies,Pen Set,6,181.09,0.05,1032.21,600.21,2024,9
ORD-100921,2024-08-20,South,Clothing,Sneakers,2,3007.57,0.0,6015.14,2295.14,2024,8
ORD-105619,2022-04-08,West,Office Supplies,Notebook Pack,3,255.82,0.1,690.71,353.21,2022,4
ORD-100546,2023-04-27,West,Electronics,Smartphone,2,24537.85,0.0,49075.7,10675.7,2023,4
ORD-101449,2022-09-25,South,Office Supplies,File Organizer,1,437.04,0.0,437.04,212.04,2022,9
ORD-102804,2022-06-12,West,Clothing,Sneakers,4,3067.03,0.0,12268.12,4828.12,2022,6
ORD-102028,2023-10-01,South,Home & Kitchen,Water Bottle,7,493.17,0.0,3452.19,2052.19,2023,10
ORD-102301,2024-05-18,West,Office Supplies,Pen Set,3,183.72,0.0,551.16,335.16,2024,5
ORD-101642,2023-07-23,South,Office Supplies,Notebook Pack,4,250.61,0.05,952.32,502.32,2023,7
ORD-100972,2022-06-12,West,Office Supplies,Notebook Pack,1,252.81,0.05,240.17,127.67,2022,6
ORD-105906,2024-01-03,North,Clothing,T-Shirt,3,683.16,0.05,1947.01,897.01,2024,1
ORD-102097,2023-08-22,South,Office Supplies,File Organizer,6,454.09,0.05,2588.31,1238.31,2023,8
ORD-105337,2024-02-09,West,Office Supplies,Printer,3,8762.74,0.0,26288.22,6038.22,2024,2
ORD-104690,2023-07-27,East,Home & Kitchen,Cookware Set,4,3843.46,0.0,15373.84,7013.84,2023,7
ORD-105521,2022-11-12,East,Electronics,Smartphone,2,23650.92,0.15,40206.56,1806.56,2022,11
ORD-100836,2024-05-20,South,Electronics,Smartphone,2,24445.55,0.05,46446.54,8046.54,2024,5
ORD-103471,2023-06-29,North,Electronics,Headphones,5,3534.22,0.0,17671.1,8046.1,2023,6
ORD-100601,2024-05-24,West,Electronics,Headphones,1,3576.23,0.0,3576.23,1651.23,2024,5
ORD-102184,2023-09-27,South,Office Supplies,Pen Set,3,181.85,0.15,463.72,247.72,2023,9
ORD-104886,2022-05-30,West,Office Supplies,File Organizer,3,453.27,0.05,1291.82,616.82,2022,5
ORD-105275,2024-05-18,East,Office Supplies,Pen Set,2,179.03,0.05,340.16,196.16,2024,5
ORD-101582,2023-05-07,West,Electronics,Smartwatch,3,8017.7,0.1,21647.79,6047.79,2023,5
ORD-105227,2022-01-07,North,Clothing,Jacket,4,3436.89,0.05,13060.18,4660.18,2022,1
ORD-103758,2024-11-03,North,Electronics,Smartphone,1,24269.46,0.0,24269.46,5069.46,2024,11
ORD-101070,2024-09-19,South,Clothing,Jeans,5,1803.48,0.1,8115.66,3165.66,2024,9
ORD-101775,2023-09-22,West,Office Supplies,Pen Set,1,177.09,0.15,150.53,78.53,2023,9
ORD-105905,2024-09-25,East,Clothing,Jacket,7,3399.76,0.0,23798.32,9098.32,2024,9
ORD-101283,2024-01-01,East,Electronics,Headphones,7,3404.64,0.05,22640.86,9165.86,2024,1
ORD-105113,2024-11-10,East,Office Supplies,Pen Set,5,179.59,0.1,808.16,448.16,2024,11
ORD-105428,2024-11-03,East,Electronics,Smartphone,2,24406.36,0.15,41490.81,3090.81,2024,11
ORD-105839,2022-09-21,East,Electronics,Laptop,2,53497.39,0.0,106994.78,25874.78,2022,9
ORD-101836,2022-01-01,South,Office Supplies,Notebook Pack,6,256.56,0.05,1462.39,787.39,2022,1
ORD-105199,2023-10-13,North,Electronics,Headphones,6,3559.39,0.05,20288.52,8738.52,2023,10
ORD-101019,2023-07-02,North,Clothing,T-Shirt,7,701.05,0.0,4907.35,2457.35,2023,7
ORD-100970,2022-11-16,West,Clothing,Sneakers,3,3058.12,0.0,9174.36,3594.36,2022,11
ORD-101326,2023-04-04,East,Home & Kitchen,Water Bottle,7,499.87,0.1,3149.18,1749.18,2023,4
ORD-100475,2023-01-07,South,Electronics,Smartphone,1,23873.74,0.1,21486.37,2286.37,2023,1
ORD-102810,2022-03-08,East,Home & Kitchen,Mixer Grinder,1,4217.62,0.15,3584.98,854.98,2022,3
ORD-104606,2024-08-31,North,Office Supplies,Pen Set,3,176.04,0.05,501.71,285.71,2024,8
ORD-101651,2022-12-06,West,Furniture,Bookshelf,1,5935.08,0.0,5935.08,2455.08,2022,12
ORD-105706,2024-10-15,North,Office Supplies,File Organizer,7,455.06,0.0,3185.42,1610.42,2024,10
ORD-105247,2022-09-24,East,Office Supplies,File Organizer,1,447.68,0.05,425.3,200.3,2022,9
ORD-102528,2024-08-02,West,Clothing,Sneakers,1,2961.46,0.0,2961.46,1101.46,2024,8
ORD-105445,2022-12-03,East,Electronics,Laptop,2,51135.79,0.1,92044.42,10924.42,2022,12
ORD-103678,2022-12-10,North,Office Supplies,Pen Set,4,185.27,0.15,629.92,341.92,2022,12
ORD-103835,2023-06-20,North,Electronics,Laptop,2,51541.95,0.0,103083.9,21963.9,2023,6
ORD-101373,2024-07-12,East,Home & Kitchen,Mixer Grinder,2,4231.46,0.0,8462.92,3002.92,2024,7
ORD-100739,2023-05-25,South,Office Supplies,Notebook Pack,5,246.79,0.05,1172.25,609.75,2023,5
ORD-105862,2024-01-16,West,Home & Kitchen,Mixer Grinder,2,4216.87,0.2,6746.99,1286.99,2024,1
ORD-103626,2024-09-29,East,Furniture,Sofa Set,3,31213.04,0.0,93639.12,26439.12,2024,9
ORD-100867,2024-07-01,North,Electronics,Smartphone,2,23292.56,0.15,39597.35,1197.35,2024,7
ORD-102974,2023-09-04,West,Office Supplies,Notebook Pack,3,248.99,0.1,672.27,334.77,2023,9
ORD-100997,2022-01-04,West,Office Supplies,Pen Set,1,182.24,0.0,182.24,110.24,2022,1
ORD-101337,2023-11-27,South,Office Supplies,File Organizer,6,443.82,0.05,2529.77,1179.77,2023,11
ORD-100541,2023-10-24,South,Office Supplies,Notebook Pack,7,245.06,0.1,1543.88,756.38,2023,10
ORD-101132,2022-05-12,West,Electronics,Headphones,5,3599.77,0.0,17998.85,8373.85,2022,5
ORD-105960,2022-01-22,North,Office Supplies,File Organizer,5,448.71,0.1,2019.19,894.19,2022,1
ORD-102258,2022-03-26,East,Clothing,Sneakers,3,3007.48,0.2,7217.95,1637.95,2022,3
ORD-104963,2022-11-06,East,Clothing,Jeans,1,1795.29,0.05,1705.53,715.53,2022,11
ORD-103390,2022-07-07,North,Clothing,Jeans,5,1824.22,0.0,9121.1,4171.1,2022,7
ORD-102962,2022-05-20,North,Clothing,Jacket,3,3520.49,0.15,8977.25,2677.25,2022,5
ORD-100059,2022-06-06,North,Home & Kitchen,Cookware Set,7,3760.64,0.0,26324.48,11694.48,2022,6
ORD-102206,2024-04-07,North,Office Supplies,Pen Set,6,178.03,0.0,1068.18,636.18,2024,4
ORD-101938,2022-11-08,East,Furniture,Bookshelf,3,5926.67,0.0,17780.01,7340.01,2022,11
ORD-104267,2024-07-19,East,Office Supplies,Notebook Pack,6,252.84,0.05,1441.19,766.19,2024,7
ORD-103560,2024-03-31,North,Clothing,Jeans,2,1751.03,0.05,3326.96,1346.96,2024,3
ORD-102813,2022-03-01,North,Home & Kitchen,Water Bottle,4,485.73,0.0,1942.92,1142.92,2022,3
ORD-105436,2024-08-03,South,Office Supplies,Notebook Pack,3,248.1,0.0,744.3,406.8,2024,8
ORD-103588,2024-06-11,North,Clothing,Sneakers,2,2955.87,0.05,5616.15,1896.15,2024,6
ORD-104644,2022-12-05,North,Clothing,Jeans,5,1844.54,0.1,8300.43,3350.43,2022,12
ORD-105641,2024-06-30,South,Electronics,Smartphone,1,24259.62,0.1,21833.66,2633.66,2024,6
ORD-104376,2024-04-13,North,Clothing,T-Shirt,7,716.43,0.1,4513.51,2063.51,2024,4
ORD-103897,2023-05-05,North,Clothing,Sneakers,4,3003.96,0.05,11415.05,3975.05,2023,5
ORD-105711,2023-10-19,North,Electronics,Smartphone,1,23652.14,0.15,20104.32,904.32,2023,10
ORD-102630,2022-04-26,East,Office Supplies,File Organizer,5,442.3,0.1,1990.35,865.35,2022,4
ORD-104920,2023-04-23,West,Office Supplies,File Organizer,2,463.43,0.0,926.86,476.86,2023,4
ORD-105944,2022-02-25,East,Furniture,Office Chair,3,7411.54,0.15,18899.43,4949.43,2022,2
ORD-100940,2022-11-27,South,Clothing,Jacket,7,3414.29,0.1,21510.03,6810.03,2022,11
ORD-101080,2022-11-07,North,Home & Kitchen,Mixer Grinder,4,4221.88,0.05,16043.14,5123.14,2022,11
ORD-100187,2022-05-11,East,Office Supplies,Notebook Pack,6,249.58,0.0,1497.48,822.48,2022,5
ORD-103905,2024-02-12,North,Clothing,Jacket,7,3572.36,0.05,23756.19,9056.19,2024,2
ORD-105186,2022-02-03,North,Home & Kitchen,Water Bottle,4,486.02,0.1,1749.67,949.67,2022,2
ORD-102085,2022-11-26,East,Home & Kitchen,Mixer Grinder,2,4174.66,0.15,7096.92,1636.92,2022,11
ORD-102249,2023-03-02,North,Electronics,Smartphone,3,24408.97,0.0,73226.91,15626.91,2023,3
ORD-103867,2022-11-20,South,Clothing,Sneakers,1,2979.2,0.05,2830.24,970.24,2022,11
ORD-103979,2024-01-23,East,Electronics,Headphones,7,3422.13,0.0,23954.91,10479.91,2024,1
ORD-101492,2024-01-19,North,Clothing,Sneakers,3,2957.26,0.1,7984.6,2404.6,2024,1
ORD-104716,2023-03-01,North,Office Supplies,File Organizer,6,449.89,0.2,2159.47,809.47,2023,3
ORD-105209,2022-04-14,West,Electronics,Headphones,3,3416.09,0.05,9735.86,3960.86,2022,4
ORD-100226,2022-02-07,North,Office Supplies,File Organizer,6,449.88,0.0,2699.28,1349.28,2022,2
ORD-101013,2024-11-21,East,Clothing,Jacket,2,3511.23,0.0,7022.46,2822.46,2024,11
ORD-102583,2022-09-16,North,Electronics,Laptop,3,51729.04,0.15,131909.05,10229.05,2022,9
ORD-101929,2023-06-20,North,Clothing,Jeans,1,1845.35,0.0,1845.35,855.35,2023,6
ORD-104319,2023-05-02,East,Office Supplies,Pen Set,6,183.49,0.1,990.85,558.85,2023,5
ORD-105516,2022-08-24,West,Home & Kitchen,Water Bottle,5,488.98,0.0,2444.9,1444.9,2022,8
ORD-102179,2024-12-07,West,Office Supplies,Pen Set,1,184.69,0.0,184.69,112.69,2024,12
ORD-100697,2023-11-24,North,Electronics,Headphones,2,3439.9,0.05,6535.81,2685.81,2023,11
ORD-101124,2023-06-02,South,Office Supplies,Notebook Pack,2,242.53,0.15,412.3,187.3,2023,6
ORD-103282,2022-12-08,West,Office Supplies,Printer,1,9043.2,0.0,9043.2,2293.2,2022,12
ORD-101093,2022-11-20,East,Clothing,Sneakers,4,2988.14,0.15,10159.68,2719.68,2022,11
ORD-101778,2023-03-03,North,Furniture,Study Desk,2,9478.81,0.1,17061.86,5661.86,2023,3
ORD-102634,2023-09-21,North,Electronics,Headphones,1,3409.33,0.0,3409.33,1484.33,2023,9
ORD-103091,2024-10-25,East,Clothing,T-Shirt,4,699.67,0.0,2798.68,1398.68,2024,10
ORD-105952,2023-07-11,West,Electronics,Headphones,5,3534.71,0.05,16789.87,7164.87,2023,7
ORD-104620,2022-10-09,South,Office Supplies,File Organizer,4,446.54,0.1,1607.54,707.54,2022,10
ORD-103489,2023-08-26,South,Home & Kitchen,Cookware Set,2,3751.8,0.0,7503.6,3323.6,2023,8
ORD-101656,2022-10-19,West,Clothing,Sneakers,2,2975.91,0.0,5951.82,2231.82,2022,10
ORD-101037,2023-05-15,North,Clothing,Jacket,4,3528.65,0.05,13408.87,5008.87,2023,5
ORD-105120,2023-12-22,West,Home & Kitchen,Cookware Set,2,3851.69,0.05,7318.21,3138.21,2023,12
ORD-102256,2024-10-20,North,Clothing,Sneakers,1,3004.91,0.0,3004.91,1144.91,2024,10
ORD-103958,2022-05-26,South,Office Supplies,Pen Set,6,180.05,0.0,1080.3,648.3,2022,5
ORD-100313,2023-03-28,West,Electronics,Smartwatch,2,7787.75,0.0,15575.5,5175.5,2023,3
ORD-102649,2024-08-20,South,Clothing,Jeans,7,1836.77,0.0,12857.39,5927.39,2024,8
ORD-102281,2022-09-08,West,Clothing,T-Shirt,2,705.96,0.05,1341.32,641.32,2022,9
ORD-104761,2023-09-02,South,Clothing,Jeans,7,1824.59,0.05,12133.52,5203.52,2023,9
ORD-104392,2023-09-19,North,Clothing,T-Shirt,7,711.63,0.2,3985.13,1535.13,2023,9
ORD-102547,2022-08-20,North,Clothing,T-Shirt,6,693.75,0.1,3746.25,1646.25,2022,8
ORD-101416,2023-10-15,North,Furniture,Study Desk,1,9485.01,0.1,8536.51,2836.51,2023,10
ORD-101036,2023-02-26,South,Electronics,Headphones,5,3526.22,0.1,15867.99,6242.99,2023,2
ORD-102159,2022-03-04,North,Office Supplies,Notebook Pack,2,255.88,0.1,460.58,235.58,2022,3
ORD-102984,2022-04-05,West,Clothing,T-Shirt,6,688.41,0.0,4130.46,2030.46,2022,4
ORD-105107,2022-12-20,East,Office Supplies,Pen Set,6,182.03,0.05,1037.57,605.57,2022,12
ORD-101754,2023-03-07,West,Office Supplies,Pen Set,4,181.45,0.05,689.51,401.51,2023,3
ORD-104366,2023-07-31,North,Clothing,Sneakers,7,2987.43,0.0,20912.01,7892.01,2023,7
ORD-104139,2024-06-29,North,Electronics,Smartphone,1,24270.12,0.0,24270.12,5070.12,2024,6
ORD-104003,2022-11-04,West,Electronics,Smartphone,1,23740.38,0.1,21366.34,2166.34,2022,11
ORD-103803,2022-08-26,North,Clothing,Jacket,5,3530.34,0.0,17651.7,7151.7,2022,8
ORD-102520,2022-08-07,East,Clothing,T-Shirt,3,684.21,0.1,1847.37,797.37,2022,8
ORD-103752,2023-07-03,South,Office Supplies,Notebook Pack,7,251.17,0.15,1494.46,706.96,2023,7
ORD-100873,2023-04-08,West,Office Supplies,Pen Set,4,183.26,0.1,659.74,371.74,2023,4
ORD-104538,2022-07-11,South,Office Supplies,File Organizer,4,455.79,0.05,1732.0,832.0,2022,7
ORD-101506,2024-04-27,North,Home & Kitchen,Water Bottle,1,498.12,0.1,448.31,248.31,2024,4
ORD-104082,2024-04-19,South,Electronics,Headphones,7,3577.13,0.0,25039.91,11564.91,2024,4
ORD-101923,2023-03-19,West,Clothing,T-Shirt,2,683.64,0.15,1162.19,462.19,2023,3
ORD-100448,2022-03-20,North,Clothing,Jeans,2,1840.07,0.0,3680.14,1700.14,2022,3
ORD-104863,2024-06-07,East,Furniture,Study Desk,3,9689.93,0.1,26162.81,9062.81,2024,6
ORD-103750,2022-04-29,South,Home & Kitchen,Water Bottle,5,487.93,0.05,2317.67,1317.67,2022,4
ORD-103809,2024-07-01,West,Clothing,Sneakers,1,3081.38,0.05,2927.31,1067.31,2024,7
ORD-103257,2023-01-12,North,Home & Kitchen,Cookware Set,4,3765.49,0.15,12802.67,4442.67,2023,1
ORD-100361,2022-06-13,East,Clothing,Jeans,3,1767.42,0.05,5037.15,2067.15,2022,6
ORD-102183,2022-07-12,North,Electronics,Smartphone,3,23922.87,0.0,71768.61,14168.61,2022,7
ORD-101134,2024-12-13,East,Office Supplies,Notebook Pack,1,246.96,0.1,222.26,109.76,2024,12
ORD-104950,2022-10-22,South,Office Supplies,Pen Set,5,183.62,0.1,826.29,466.29,2022,10
ORD-103199,2024-11-07,North,Office Supplies,File Organizer,4,442.41,0.1,1592.68,692.68,2024,11
ORD-104897,2023-09-04,East,Clothing,Sneakers,3,3085.12,0.15,7867.06,2287.06,2023,9
ORD-102155,2024-08-31,West,Home & Kitchen,Water Bottle,5,501.89,0.0,2509.45,1509.45,2024,8
ORD-101830,2023-07-23,North,Home & Kitchen,Water Bottle,4,496.21,0.05,1885.6,1085.6,2023,7
ORD-101053,2022-07-07,North,Office Supplies,Pen Set,1,184.83,0.0,184.83,112.83,2022,7
ORD-100022,2024-12-08,West,Electronics,Headphones,2,3421.51,0.0,6843.02,2993.02,2024,12
ORD-102066,2023-08-31,West,Electronics,Headphones,1,3514.44,0.15,2987.27,1062.27,2023,8
ORD-101653,2022-07-03,West,Electronics,Smartphone,1,23843.54,0.0,23843.54,4643.54,2022,7
ORD-104436,2024-08-02,West,Office Supplies,Notebook Pack,3,255.43,0.0,766.29,428.79,2024,8
ORD-102743,2024-05-27,South,Clothing,Jacket,3,3478.56,0.15,8870.33,2570.33,2024,5
ORD-101376,2024-01-23,East,Electronics,Headphones,1,3428.61,0.15,2914.32,989.32,2024,1
ORD-104995,2022-10-18,East,Home & Kitchen,Mixer Grinder,6,4287.84,0.15,21867.98,5487.98,2022,10
ORD-102468,2023-11-25,West,Office Supplies,File Organizer,6,450.8,0.1,2434.32,1084.32,2023,11
ORD-102325,2024-12-20,North,Furniture,Bookshelf,3,6030.8,0.05,17187.78,6747.78,2024,12
ORD-100460,2023-11-08,East,Furniture,Sofa Set,3,31974.41,0.05,91127.07,23927.07,2023,11
ORD-101067,2024-03-03,West,Home & Kitchen,Water Bottle,4,508.96,0.0,2035.84,1235.84,2024,3
ORD-100087,2023-07-16,West,Office Supplies,Notebook Pack,4,248.15,0.0,992.6,542.6,2023,7
ORD-101430,2024-11-06,East,Home & Kitchen,Mixer Grinder,3,4274.99,0.05,12183.72,3993.72,2024,11
ORD-105559,2022-07-21,South,Clothing,T-Shirt,7,715.11,0.0,5005.77,2555.77,2022,7
ORD-100282,2022-10-31,South,Office Supplies,Pen Set,6,181.38,0.0,1088.28,656.28,2022,10
ORD-102483,2023-02-21,West,Clothing,T-Shirt,3,685.84,0.0,2057.52,1007.52,2023,2
ORD-100462,2024-11-18,East,Clothing,Jacket,3,3396.87,0.1,9171.55,2871.55,2024,11
ORD-100212,2022-09-22,North,Office Supplies,Pen Set,2,180.87,0.1,325.57,181.57,2022,9
ORD-102588,2023-07-03,South,Office Supplies,File Organizer,4,439.03,0.15,1492.7,592.7,2023,7
ORD-105499,2022-11-17,South,Office Supplies,Pen Set,3,178.48,0.05,508.67,292.67,2022,11
ORD-102907,2022-03-24,North,Home & Kitchen,Mixer Grinder,5,4092.79,0.1,18417.56,4767.56,2022,3
ORD-102581,2024-08-10,East,Office Supplies,Pen Set,7,181.62,0.0,1271.34,767.34,2024,8
ORD-101368,2022-09-08,South,Home & Kitchen,Water Bottle,5,492.29,0.05,2338.38,1338.38,2022,9
ORD-100234,2024-11-08,North,Office Supplies,Pen Set,7,176.68,0.0,1236.76,732.76,2024,11
ORD-104108,2024-10-24,North,Home & Kitchen,Air Fryer,2,6686.22,0.05,12703.82,3863.82,2024,10
ORD-100597,2024-01-01,West,Office Supplies,Notebook Pack,1,249.92,0.05,237.42,124.92,2024,1
ORD-105427,2024-07-21,South,Electronics,Smartwatch,1,7986.12,0.0,7986.12,2786.12,2024,7
ORD-102250,2023-10-04,North,Office Supplies,Pen Set,2,184.89,0.05,351.29,207.29,2023,10
ORD-105686,2022-04-09,South,Furniture,Study Desk,2,9668.8,0.05,18370.72,6970.72,2022,4
ORD-100662,2022-09-07,South,Electronics,Headphones,3,3525.45,0.05,10047.53,4272.53,2022,9
ORD-102285,2022-05-10,East,Furniture,Office Chair,3,7576.86,0.0,22730.58,8780.58,2022,5
ORD-103431,2023-10-26,South,Furniture,Study Desk,1,9672.28,0.2,7737.82,2037.82,2023,10
ORD-104937,2024-04-14,South,Clothing,T-Shirt,3,685.24,0.0,2055.72,1005.72,2024,4
ORD-105773,2023-09-28,North,Clothing,Jeans,2,1766.98,0.0,3533.96,1553.96,2023,9
ORD-103468,2023-01-14,West,Clothing,T-Shirt,6,715.88,0.1,3865.75,1765.75,2023,1
ORD-104126,2023-09-18,South,Electronics,Laptop,3,52966.12,0.0,158898.36,37218.36,2023,9
ORD-102990,2024-06-24,North,Home & Kitchen,Cookware Set,1,3870.02,0.0,3870.02,1780.02,2024,6
ORD-100779,2024-08-30,South,Clothing,Jacket,5,3418.53,0.15,14528.75,4028.75,2024,8
ORD-102544,2023-09-28,West,Office Supplies,Notebook Pack,5,243.32,0.1,1094.94,532.44,2023,9
ORD-104563,2024-07-17,North,Furniture,Office Chair,1,7566.39,0.15,6431.43,1781.43,2024,7
ORD-104594,2022-10-05,West,Clothing,Sneakers,7,2947.69,0.05,19602.14,6582.14,2022,10
ORD-105285,2022-06-03,South,Office Supplies,Notebook Pack,4,252.33,0.0,1009.32,559.32,2022,6
ORD-105158,2023-07-08,West,Furniture,Office Chair,2,7603.87,0.0,15207.74,5907.74,2023,7
ORD-105057,2023-10-19,South,Office Supplies,Notebook Pack,1,255.08,0.05,242.33,129.83,2023,10
ORD-105940,2024-03-11,South,Clothing,T-Shirt,7,679.72,0.0,4758.04,2308.04,2024,3
ORD-100685,2023-02-27,North,Office Supplies,Pen Set,6,176.7,0.1,954.18,522.18,2023,2
ORD-103243,2022-12-31,North,Office Supplies,Notebook Pack,7,244.56,0.0,1711.92,924.42,2022,12
ORD-101748,2023-08-01,South,Office Supplies,Notebook Pack,2,253.04,0.1,455.47,230.47,2023,8
ORD-105590,2023-06-05,North,Office Supplies,Pen Set,5,175.33,0.0,876.65,516.65,2023,6
ORD-104753,2023-08-08,North,Furniture,Office Chair,1,7688.37,0.0,7688.37,3038.37,2023,8
ORD-102837,2022-12-03,West,Clothing,Jacket,3,3477.41,0.05,9910.62,3610.62,2022,12
ORD-103032,2022-11-16,East,Office Supplies,Pen Set,6,183.95,0.1,993.33,561.33,2022,11
ORD-102171,2022-11-20,West,Clothing,Jeans,6,1798.16,0.05,10249.51,4309.51,2022,11
ORD-103951,2024-11-29,East,Home & Kitchen,Water Bottle,1,505.71,0.2,404.57,204.57,2024,11
ORD-101850,2022-10-25,East,Clothing,T-Shirt,4,718.27,0.05,2729.43,1329.43,2022,10
ORD-100487,2022-10-20,South,Clothing,Jeans,3,1829.49,0.0,5488.47,2518.47,2022,10
ORD-101688,2023-11-17,East,Office Supplies,Pen Set,3,184.6,0.1,498.42,282.42,2023,11
ORD-102230,2023-02-21,North,Office Supplies,Notebook Pack,7,244.82,0.1,1542.37,754.87,2023,2
ORD-103473,2023-05-16,East,Electronics,Headphones,7,3549.4,0.0,24845.8,11370.8,2023,5
ORD-104479,2024-12-08,North,Home & Kitchen,Cookware Set,5,3900.55,0.0,19502.75,9052.75,2024,12
ORD-102320,2022-02-18,East,Electronics,Smartphone,3,23761.7,0.2,57028.08,-571.92,2022,2
ORD-100782,2023-07-07,East,Clothing,T-Shirt,6,693.64,0.1,3745.66,1645.66,2023,7
ORD-100522,2022-07-26,North,Electronics,Smartphone,2,23873.64,0.0,47747.28,9347.28,2022,7
ORD-104159,2022-10-02,East,Clothing,Jacket,4,3559.34,0.15,12101.76,3701.76,2022,10
ORD-102939,2022-01-17,West,Home & Kitchen,Water Bottle,5,486.5,0.0,2432.5,1432.5,2022,1
ORD-104795,2022-08-30,North,Clothing,T-Shirt,6,697.8,0.0,4186.8,2086.8,2022,8
ORD-105563,2022-08-22,West,Furniture,Office Chair,3,7698.84,0.0,23096.52,9146.52,2022,8
ORD-102398,2022-06-18,North,Home & Kitchen,Water Bottle,4,513.28,0.2,1642.5,842.5,2022,6
ORD-104630,2022-12-05,West,Electronics,Smartwatch,3,8189.11,0.2,19653.86,4053.86,2022,12
ORD-104922,2022-12-08,East,Clothing,Jacket,7,3571.48,0.1,22500.32,7800.32,2022,12
ORD-104209,2022-09-26,East,Office Supplies,Pen Set,7,177.59,0.1,1118.82,614.82,2022,9
ORD-101511,2022-09-21,North,Clothing,T-Shirt,2,701.22,0.05,1332.32,632.32,2022,9
ORD-101882,2023-05-15,South,Office Supplies,Notebook Pack,5,243.93,0.0,1219.65,657.15,2023,5
ORD-100651,2024-10-08,North,Home & Kitchen,Water Bottle,6,497.84,0.05,2837.69,1637.69,2024,10
ORD-102196,2022-04-06,South,Clothing,T-Shirt,1,696.8,0.0,696.8,346.8,2022,4
ORD-101801,2023-12-23,East,Home & Kitchen,Mixer Grinder,6,4261.96,0.1,23014.58,6634.58,2023,12
ORD-100369,2024-10-10,North,Clothing,Jeans,4,1816.73,0.0,7266.92,3306.92,2024,10
ORD-105363,2024-10-12,West,Office Supplies,Notebook Pack,7,256.17,0.0,1793.19,1005.69,2024,10
ORD-103914,2023-04-30,West,Office Supplies,Notebook Pack,5,252.74,0.0,1263.7,701.2,2023,4
ORD-100118,2023-06-12,West,Home & Kitchen,Air Fryer,3,6550.77,0.2,15721.85,2461.85,2023,6
ORD-100377,2023-06-18,West,Home & Kitchen,Cookware Set,3,3730.81,0.0,11192.43,4922.43,2023,6
ORD-100216,2022-06-28,South,Clothing,T-Shirt,1,691.51,0.0,691.51,341.51,2022,6
ORD-104672,2022-02-22,South,Office Supplies,Notebook Pack,2,253.79,0.0,507.58,282.58,2022,2
ORD-101613,2023-04-10,South,Office Supplies,Pen Set,4,180.13,0.0,720.52,432.52,2023,4
ORD-102883,2023-02-08,South,Electronics,Laptop,1,53381.67,0.1,48043.5,7483.5,2023,2
ORD-104400,2024-07-01,East,Home & Kitchen,Water Bottle,4,487.01,0.1,1753.24,953.24,2024,7
ORD-105515,2024-12-16,East,Office Supplies,Pen Set,2,178.28,0.15,303.08,159.08,2024,12
ORD-103632,2023-12-01,East,Office Supplies,Notebook Pack,1,255.36,0.1,229.82,117.32,2023,12
ORD-100962,2022-06-28,West,Clothing,T-Shirt,5,691.48,0.0,3457.4,1707.4,2022,6
ORD-105531,2024-08-15,East,Electronics,Smartphone,2,23494.75,0.0,46989.5,8589.5,2024,8
ORD-102510,2023-07-17,West,Office Supplies,Notebook Pack,1,246.41,0.0,246.41,133.91,2023,7
ORD-105768,2023-03-09,West,Electronics,Laptop,1,51255.73,0.15,43567.37,3007.37,2023,3
ORD-104678,2022-04-19,East,Electronics,Headphones,1,3496.76,0.0,3496.76,1571.76,2022,4
ORD-105889,2022-04-29,South,Electronics,Laptop,2,50729.56,0.0,101459.12,20339.12,2022,4
ORD-100359,2023-12-02,West,Office Supplies,Printer,1,9106.23,0.0,9106.23,2356.23,2023,12
ORD-104091,2024-05-27,South,Electronics,Headphones,6,3433.94,0.2,16482.91,4932.91,2024,5
ORD-101246,2023-12-12,South,Home & Kitchen,Cookware Set,7,3887.92,0.05,25854.67,11224.67,2023,12
ORD-103408,2023-09-04,South,Clothing,Jeans,5,1794.12,0.1,8073.54,3123.54,2023,9
ORD-104273,2024-09-06,West,Office Supplies,Pen Set,6,182.98,0.05,1042.99,610.99,2024,9
ORD-102415,2022-05-28,East,Home & Kitchen,Mixer Grinder,3,4165.1,0.0,12495.3,4305.3,2022,5
ORD-105716,2024-07-30,West,Office Supplies,Notebook Pack,1,252.91,0.0,252.91,140.41,2024,7
ORD-103694,2024-05-14,North,Clothing,T-Shirt,2,720.51,0.05,1368.97,668.97,2024,5
ORD-105189,2023-11-08,North,Office Supplies,Pen Set,4,174.71,0.05,663.9,375.9,2023,11
ORD-102185,2022-08-16,South,Home & Kitchen,Water Bottle,1,497.88,0.0,497.88,297.88,2022,8
ORD-104168,2023-10-07,North,Home & Kitchen,Cookware Set,2,3889.26,0.05,7389.59,3209.59,2023,10
ORD-102567,2022-05-19,North,Office Supplies,Pen Set,6,181.55,0.1,980.37,548.37,2022,5
ORD-103423,2023-05-08,West,Furniture,Study Desk,1,9563.72,0.05,9085.53,3385.53,2023,5
ORD-102037,2022-02-03,East,Office Supplies,File Organizer,1,447.6,0.1,402.84,177.84,2022,2
ORD-105720,2024-05-26,West,Electronics,Headphones,3,3562.77,0.15,9085.06,3310.06,2024,5
ORD-100772,2023-11-24,North,Office Supplies,Pen Set,4,174.78,0.0,699.12,411.12,2023,11
ORD-105649,2022-09-01,North,Home & Kitchen,Mixer Grinder,4,4229.59,0.05,16072.44,5152.44,2022,9
ORD-103562,2024-10-15,North,Electronics,Smartphone,3,23928.49,0.1,64606.92,7006.92,2024,10
ORD-105818,2023-03-08,West,Electronics,Smartphone,1,23797.97,0.0,23797.97,4597.97,2023,3
ORD-102587,2022-08-11,North,Office Supplies,Pen Set,2,178.47,0.15,303.4,159.4,2022,8
ORD-105617,2024-08-09,North,Electronics,Smartwatch,1,7768.14,0.15,6602.92,1402.92,2024,8
ORD-101414,2022-06-22,West,Clothing,Jeans,1,1840.37,0.1,1656.33,666.33,2022,6
ORD-101234,2022-10-08,North,Clothing,T-Shirt,1,712.78,0.1,641.5,291.5,2022,10
ORD-104004,2023-10-09,South,Office Supplies,Notebook Pack,5,252.28,0.0,1261.4,698.9,2023,10
ORD-101674,2024-06-13,North,Office Supplies,Printer,3,9204.94,0.1,24853.34,4603.34,2024,6
ORD-100365,2023-05-27,South,Office Supplies,Pen Set,5,177.95,0.05,845.26,485.26,2023,5
ORD-104884,2024-09-03,South,Home & Kitchen,Cookware Set,4,3722.65,0.0,14890.6,6530.6,2024,9
ORD-100231,2023-05-27,East,Office Supplies,File Organizer,2,444.41,0.1,799.94,349.94,2023,5
ORD-105228,2022-09-14,East,Clothing,Jeans,4,1766.28,0.2,5652.1,1692.1,2022,9
ORD-100147,2023-09-21,South,Office Supplies,Notebook Pack,2,253.71,0.05,482.05,257.05,2023,9
ORD-105396,2023-01-17,East,Home & Kitchen,Mixer Grinder,7,4081.32,0.15,24283.85,5173.85,2023,1
ORD-104844,2023-04-29,South,Furniture,Bookshelf,2,5825.7,0.15,9903.69,2943.69,2023,4
ORD-103554,2022-12-24,North,Electronics,Smartwatch,1,7950.16,0.0,7950.16,2750.16,2022,12
ORD-100407,2024-08-11,South,Furniture,Study Desk,3,9410.53,0.2,22585.27,5485.27,2024,8
ORD-103692,2022-05-09,West,Clothing,Jacket,6,3412.7,0.15,17404.77,4804.77,2022,5
ORD-103456,2024-11-11,West,Furniture,Study Desk,3,9442.66,0.1,25495.18,8395.18,2024,11
ORD-102090,2023-03-21,East,Office Supplies,Notebook Pack,3,250.08,0.0,750.24,412.74,2023,3
ORD-100086,2024-04-12,East,Office Supplies,File Organizer,5,460.22,0.05,2186.05,1061.05,2024,4
ORD-103576,2024-07-24,West,Electronics,Smartwatch,2,8077.56,0.1,14539.61,4139.61,2024,7
ORD-103271,2023-11-28,North,Clothing,Sneakers,3,3018.57,0.1,8150.14,2570.14,2023,11
ORD-100844,2022-05-11,South,Clothing,T-Shirt,7,694.49,0.0,4861.43,2411.43,2022,5
ORD-101031,2024-04-09,South,Furniture,Sofa Set,2,32123.5,0.0,64247.0,19447.0,2024,4
ORD-103901,2024-07-14,North,Furniture,Study Desk,3,9601.64,0.1,25924.43,8824.43,2024,7
ORD-104434,2023-11-11,North,Office Supplies,Notebook Pack,5,250.2,0.05,1188.45,625.95,2023,11
ORD-104043,2024-11-01,West,Clothing,Jeans,1,1770.8,0.0,1770.8,780.8,2024,11
ORD-102987,2023-10-18,North,Home & Kitchen,Water Bottle,3,510.79,0.0,1532.37,932.37,2023,10
ORD-102628,2022-12-20,North,Office Supplies,Pen Set,3,181.44,0.0,544.32,328.32,2022,12
ORD-103937,2024-01-20,North,Office Supplies,Notebook Pack,6,254.19,0.0,1525.14,850.14,2024,1
ORD-103960,2023-01-21,South,Office Supplies,Pen Set,4,182.29,0.05,692.7,404.7,2023,1
ORD-100855,2023-07-25,West,Office Supplies,Notebook Pack,6,247.7,0.1,1337.58,662.58,2023,7
ORD-103003,2024-05-07,West,Electronics,Smartphone,3,24664.1,0.05,70292.68,12692.68,2024,5
ORD-100078,2023-10-25,West,Electronics,Smartphone,1,24339.18,0.05,23122.22,3922.22,2023,10
ORD-102992,2023-01-13,South,Electronics,Smartwatch,3,7835.46,0.1,21155.74,5555.74,2023,1
ORD-102247,2023-12-26,North,Electronics,Smartphone,2,23985.54,0.15,40775.42,2375.42,2023,12
ORD-100758,2022-03-12,West,Office Supplies,Pen Set,6,175.48,0.0,1052.88,620.88,2022,3
ORD-104210,2024-03-18,West,Electronics,Laptop,1,52546.24,0.1,47291.62,6731.62,2024,3
ORD-103355,2023-03-15,East,Office Supplies,Notebook Pack,1,244.71,0.05,232.47,119.97,2023,3
ORD-100788,2024-07-02,South,Clothing,Sneakers,4,2986.1,0.0,11944.4,4504.4,2024,7
ORD-102279,2024-01-19,South,Office Supplies,Notebook Pack,6,247.35,0.1,1335.69,660.69,2024,1
ORD-104351,2022-04-07,North,Office Supplies,File Organizer,1,443.1,0.0,443.1,218.1,2022,4
ORD-105103,2023-12-15,South,Clothing,T-Shirt,4,708.81,0.05,2693.48,1293.48,2023,12
ORD-103631,2024-12-03,West,Home & Kitchen,Water Bottle,1,487.63,0.1,438.87,238.87,2024,12
ORD-104596,2023-06-14,North,Furniture,Sofa Set,3,31945.47,0.05,91044.59,23844.59,2023,6
ORD-103940,2022-04-14,North,Home & Kitchen,Cookware Set,6,3863.36,0.05,22021.15,9481.15,2022,4
ORD-102176,2023-05-21,East,Clothing,T-Shirt,5,696.21,0.0,3481.05,1731.05,2023,5
ORD-100424,2023-12-08,North,Electronics,Headphones,7,3578.24,0.0,25047.68,11572.68,2023,12
ORD-100392,2023-11-22,West,Office Supplies,Notebook Pack,5,252.66,0.15,1073.8,511.3,2023,11
ORD-104582,2024-08-24,North,Office Supplies,File Organizer,6,460.68,0.1,2487.67,1137.67,2024,8
ORD-105804,2023-09-07,North,Clothing,Jeans,3,1817.71,0.0,5453.13,2483.13,2023,9
ORD-102239,2023-10-07,South,Office Supplies,Pen Set,3,179.74,0.05,512.26,296.26,2023,10
ORD-100104,2024-06-11,North,Office Supplies,Pen Set,5,184.29,0.15,783.23,423.23,2024,6
ORD-102672,2023-05-04,North,Home & Kitchen,Water Bottle,7,503.62,0.0,3525.34,2125.34,2023,5
ORD-105621,2023-01-16,North,Office Supplies,Notebook Pack,6,247.85,0.05,1412.74,737.74,2023,1
ORD-103820,2024-05-31,North,Home & Kitchen,Mixer Grinder,6,4081.04,0.0,24486.24,8106.24,2024,5
ORD-102068,2022-11-21,West,Electronics,Headphones,7,3525.86,0.1,22212.92,8737.92,2022,11
ORD-104665,2023-05-15,North,Clothing,T-Shirt,5,719.5,0.05,3417.62,1667.62,2023,5
ORD-103493,2023-12-11,North,Clothing,T-Shirt,6,691.92,0.05,3943.94,1843.94,2023,12
ORD-101948,2022-01-27,East,Office Supplies,Notebook Pack,1,254.5,0.0,254.5,142.0,2022,1
ORD-101459,2023-04-10,East,Clothing,Jeans,7,1746.34,0.05,11613.16,4683.16,2023,4
ORD-104424,2023-11-25,East,Clothing,T-Shirt,1,716.61,0.1,644.95,294.95,2023,11
ORD-101768,2022-06-29,North,Home & Kitchen,Water Bottle,1,509.92,0.15,433.43,233.43,2022,6
ORD-103298,2023-08-05,North,Clothing,Jeans,2,1838.59,0.1,3309.46,1329.46,2023,8
ORD-100743,2022-01-02,West,Electronics,Laptop,1,53152.71,0.05,50495.07,9935.07,2022,1
ORD-105882,2024-06-18,South,Clothing,T-Shirt,1,679.04,0.0,679.04,329.04,2024,6
ORD-101587,2023-10-25,West,Home & Kitchen,Water Bottle,1,486.8,0.15,413.78,213.78,2023,10
ORD-105808,2022-03-31,South,Furniture,Study Desk,1,9338.63,0.0,9338.63,3638.63,2022,3
ORD-101731,2022-03-15,North,Office Supplies,Pen Set,2,183.46,0.1,330.23,186.23,2022,3
ORD-105853,2022-11-14,North,Home & Kitchen,Cookware Set,6,3855.3,0.2,18505.44,5965.44,2022,11
ORD-104787,2024-05-11,North,Electronics,Headphones,6,3531.73,0.1,19071.34,7521.34,2024,5
ORD-100182,2023-09-19,South,Home & Kitchen,Mixer Grinder,5,4206.46,0.05,19980.68,6330.68,2023,9
ORD-101791,2023-01-11,West,Office Supplies,File Organizer,6,454.85,0.0,2729.1,1379.1,2023,1
ORD-102355,2024-06-28,North,Clothing,Sneakers,4,3023.52,0.1,10884.67,3444.67,2024,6
ORD-101940,2022-10-18,West,Furniture,Office Chair,1,7689.42,0.05,7304.95,2654.95,2022,10
ORD-100702,2022-07-29,East,Home & Kitchen,Water Bottle,1,502.17,0.0,502.17,302.17,2022,7
ORD-102442,2022-09-26,North,Office Supplies,Notebook Pack,2,252.96,0.2,404.74,179.74,2022,9
ORD-105790,2024-07-24,North,Clothing,Jacket,1,3514.02,0.0,3514.02,1414.02,2024,7
ORD-100496,2023-06-11,East,Office Supplies,Pen Set,5,178.61,0.15,759.09,399.09,2023,6
ORD-104778,2022-12-08,North,Clothing,Jacket,7,3418.88,0.05,22735.55,8035.55,2022,12
ORD-100464,2023-11-13,South,Clothing,T-Shirt,7,704.81,0.1,4440.3,1990.3,2023,11
ORD-103985,2022-04-12,South,Home & Kitchen,Water Bottle,5,489.82,0.0,2449.1,1449.1,2022,4
ORD-105312,2023-03-04,North,Clothing,T-Shirt,7,682.85,0.05,4540.95,2090.95,2023,3
ORD-100172,2022-11-19,West,Office Supplies,Pen Set,2,176.3,0.0,352.6,208.6,2022,11
ORD-102020,2024-01-23,West,Furniture,Office Chair,3,7699.22,0.15,19633.01,5683.01,2024,1
ORD-105891,2023-11-22,North,Electronics,Smartwatch,1,8047.49,0.05,7645.12,2445.12,2023,11
ORD-103764,2022-03-25,North,Office Supplies,Pen Set,2,180.97,0.05,343.84,199.84,2022,3
ORD-105472,2024-11-17,North,Electronics,Smartphone,3,23307.11,0.0,69921.33,12321.33,2024,11
ORD-102540,2023-09-05,West,Furniture,Office Chair,1,7384.84,0.0,7384.84,2734.84,2023,9
ORD-102009,2024-03-06,West,Clothing,T-Shirt,1,709.03,0.1,638.13,288.13,2024,3
ORD-102260,2024-03-17,West,Office Supplies,Pen Set,2,179.26,0.0,358.52,214.52,2024,3
ORD-103084,2024-05-23,East,Electronics,Laptop,3,50554.84,0.2,121331.62,-348.38,2024,5
ORD-102112,2022-08-26,East,Home & Kitchen,Water Bottle,3,498.6,0.05,1421.01,821.01,2022,8
ORD-101446,2024-10-22,West,Clothing,Jeans,6,1833.33,0.05,10449.98,4509.98,2024,10
ORD-101911,2022-08-27,South,Electronics,Smartwatch,1,7782.85,0.0,7782.85,2582.85,2022,8
ORD-103542,2024-09-30,West,Office Supplies,Pen Set,5,182.71,0.1,822.2,462.2,2024,9
ORD-102697,2022-02-17,North,Office Supplies,Pen Set,4,175.02,0.05,665.08,377.08,2022,2
ORD-105010,2022-10-29,North,Clothing,T-Shirt,5,708.95,0.0,3544.75,1794.75,2022,10
ORD-103662,2024-10-03,East,Office Supplies,Notebook Pack,4,247.52,0.2,792.06,342.06,2024,10
ORD-100741,2022-06-03,North,Office Supplies,Pen Set,7,176.07,0.1,1109.24,605.24,2022,6
ORD-102452,2024-01-11,North,Electronics,Smartwatch,1,7812.34,0.1,7031.11,1831.11,2024,1
ORD-103802,2023-01-17,West,Clothing,Jeans,5,1826.51,0.2,7306.04,2356.04,2023,1
ORD-105022,2024-09-23,North,Home & Kitchen,Water Bottle,1,485.57,0.05,461.29,261.29,2024,9
ORD-101206,2023-12-04,South,Clothing,T-Shirt,3,700.61,0.1,1891.65,841.65,2023,12
ORD-100509,2022-06-08,West,Clothing,T-Shirt,2,709.3,0.0,1418.6,718.6,2022,6
ORD-103716,2024-04-20,East,Office Supplies,Notebook Pack,6,255.32,0.1,1378.73,703.73,2024,4
ORD-101764,2022-06-14,South,Clothing,Jeans,2,1749.34,0.0,3498.68,1518.68,2022,6
ORD-103029,2023-04-09,North,Electronics,Headphones,4,3481.75,0.05,13230.65,5530.65,2023,4
ORD-102202,2024-10-07,South,Office Supplies,Notebook Pack,2,247.46,0.1,445.43,220.43,2024,10
ORD-102566,2022-03-03,South,Home & Kitchen,Cookware Set,1,3883.2,0.05,3689.04,1599.04,2022,3
ORD-105605,2023-10-25,North,Electronics,Headphones,2,3431.28,0.1,6176.3,2326.3,2023,10
ORD-102044,2024-12-16,West,Home & Kitchen,Water Bottle,7,511.85,0.1,3224.66,1824.66,2024,12
ORD-100767,2022-02-16,East,Office Supplies,Printer,3,9227.04,0.0,27681.12,7431.12,2022,2
ORD-105992,2024-12-02,South,Home & Kitchen,Air Fryer,2,6506.28,0.0,13012.56,4172.56,2024,12
ORD-103774,2024-06-25,South,Clothing,Sneakers,3,2931.97,0.2,7036.73,1456.73,2024,6
ORD-103699,2023-06-09,North,Furniture,Bookshelf,1,5988.92,0.15,5090.58,1610.58,2023,6
ORD-101508,2022-10-10,West,Clothing,T-Shirt,7,680.19,0.0,4761.33,2311.33,2022,10
ORD-103134,2024-04-11,East,Electronics,Laptop,3,50530.37,0.05,144011.55,22331.55,2024,4
ORD-103761,2023-02-05,West,Electronics,Smartphone,3,24573.31,0.05,70033.93,12433.93,2023,2
ORD-105978,2022-08-04,North,Office Supplies,Notebook Pack,1,256.15,0.1,230.53,118.03,2022,8
ORD-100421,2022-02-23,South,Office Supplies,File Organizer,5,448.55,0.05,2130.61,1005.61,2022,2
ORD-100123,2023-05-24,West,Office Supplies,Notebook Pack,7,255.3,0.0,1787.1,999.6,2023,5
ORD-105106,2022-08-09,West,Clothing,Sneakers,1,3001.08,0.0,3001.08,1141.08,2022,8
ORD-103898,2022-07-01,East,Clothing,Jeans,1,1795.04,0.05,1705.29,715.29,2022,7
ORD-103292,2023-11-14,South,Clothing,Jeans,4,1802.07,0.2,5766.62,1806.62,2023,11
ORD-100819,2022-12-05,North,Home & Kitchen,Water Bottle,2,485.09,0.05,921.67,521.67,2022,12
ORD-101382,2023-10-05,South,Home & Kitchen,Water Bottle,1,495.36,0.15,421.06,221.06,2023,10
ORD-102148,2024-06-02,West,Home & Kitchen,Mixer Grinder,5,4183.34,0.0,20916.7,7266.7,2024,6
ORD-105170,2024-04-06,North,Electronics,Smartphone,3,23954.95,0.05,68271.61,10671.61,2024,4
ORD-101638,2022-11-09,North,Clothing,T-Shirt,4,718.19,0.2,2298.21,898.21,2022,11
ORD-101795,2022-12-27,South,Clothing,Jacket,2,3474.82,0.1,6254.68,2054.68,2022,12
ORD-103331,2022-12-07,East,Electronics,Smartphone,1,24122.42,0.2,19297.94,97.94,2022,12
ORD-105912,2023-09-30,East,Home & Kitchen,Water Bottle,5,501.0,0.1,2254.5,1254.5,2023,9
ORD-100399,2023-06-23,North,Home & Kitchen,Mixer Grinder,1,4172.59,0.05,3963.96,1233.96,2023,6
ORD-103151,2023-12-01,West,Office Supplies,Pen Set,3,177.63,0.2,426.31,210.31,2023,12
ORD-102310,2024-12-28,South,Home & Kitchen,Cookware Set,3,3907.06,0.0,11721.18,5451.18,2024,12
ORD-100882,2024-11-09,South,Office Supplies,Pen Set,3,176.58,0.05,503.25,287.25,2024,11
ORD-103565,2024-07-16,West,Clothing,T-Shirt,5,712.87,0.0,3564.35,1814.35,2024,7
ORD-101179,2022-10-03,South,Office Supplies,Notebook Pack,2,247.01,0.0,494.02,269.02,2022,10
ORD-104072,2023-05-28,North,Office Supplies,Notebook Pack,2,250.53,0.1,450.95,225.95,2023,5
ORD-105591,2024-06-24,North,Office Supplies,Notebook Pack,7,256.85,0.05,1708.05,920.55,2024,6
ORD-102130,2022-09-25,East,Clothing,Jeans,4,1787.06,0.15,6076.0,2116.0,2022,9
ORD-100982,2024-05-03,South,Office Supplies,Notebook Pack,1,256.81,0.05,243.97,131.47,2024,5
ORD-100456,2024-12-15,East,Office Supplies,Printer,3,9174.94,0.0,27524.82,7274.82,2024,12
ORD-101486,2024-12-17,North,Office Supplies,Notebook Pack,2,252.31,0.0,504.62,279.62,2024,12
ORD-101079,2023-02-15,South,Home & Kitchen,Water Bottle,1,514.69,0.05,488.96,288.96,2023,2
ORD-101950,2024-11-23,East,Clothing,Jeans,5,1809.5,0.05,8595.12,3645.12,2024,11
ORD-105284,2022-09-22,West,Home & Kitchen,Air Fryer,3,6484.46,0.0,19453.38,6193.38,2022,9
ORD-104853,2022-06-20,North,Clothing,Jacket,4,3539.53,0.0,14158.12,5758.12,2022,6
ORD-100641,2024-07-04,East,Home & Kitchen,Mixer Grinder,1,4156.87,0.05,3949.03,1219.03,2024,7
ORD-102392,2023-03-18,North,Office Supplies,Pen Set,2,179.57,0.1,323.23,179.23,2023,3
ORD-101953,2024-12-08,North,Electronics,Smartphone,3,23379.25,0.05,66630.86,9030.86,2024,12
ORD-103538,2022-07-27,South,Clothing,Jacket,5,3535.37,0.0,17676.85,7176.85,2022,7
ORD-104080,2023-03-30,East,Office Supplies,File Organizer,4,437.28,0.1,1574.21,674.21,2023,3
ORD-103058,2022-10-10,South,Electronics,Smartphone,1,24346.61,0.15,20694.62,1494.62,2022,10
ORD-104104,2024-10-18,South,Clothing,Jeans,2,1783.76,0.05,3389.14,1409.14,2024,10
ORD-102710,2024-12-09,North,Clothing,Jacket,1,3546.31,0.05,3368.99,1268.99,2024,12
ORD-101083,2024-08-17,North,Furniture,Study Desk,1,9721.48,0.15,8263.26,2563.26,2024,8
ORD-104556,2024-06-01,North,Office Supplies,Pen Set,2,179.6,0.05,341.24,197.24,2024,6
ORD-105935,2023-10-21,West,Clothing,Jeans,2,1798.08,0.05,3416.35,1436.35,2023,10
ORD-104221,2022-01-22,South,Clothing,Jacket,4,3491.83,0.0,13967.32,5567.32,2022,1
ORD-101884,2023-02-14,South,Electronics,Smartphone,2,23382.47,0.0,46764.94,8364.94,2023,2
ORD-105272,2024-07-29,North,Home & Kitchen,Water Bottle,3,499.54,0.2,1198.9,598.9,2024,7
ORD-100389,2024-08-25,South,Furniture,Study Desk,2,9386.12,0.2,15017.79,3617.79,2024,8
ORD-102494,2024-09-28,West,Clothing,T-Shirt,1,712.52,0.0,712.52,362.52,2024,9
ORD-101851,2024-10-16,South,Home & Kitchen,Mixer Grinder,2,4102.78,0.05,7795.28,2335.28,2024,10
ORD-103036,2023-12-18,North,Home & Kitchen,Cookware Set,4,3794.62,0.05,14419.56,6059.56,2023,12
ORD-105857,2023-09-13,West,Clothing,T-Shirt,6,712.33,0.15,3632.88,1532.88,2023,9
ORD-103603,2022-10-14,North,Office Supplies,Pen Set,2,182.77,0.0,365.54,221.54,2022,10
ORD-100845,2024-10-03,North,Electronics,Headphones,6,3579.14,0.0,21474.84,9924.84,2024,10
ORD-100542,2024-08-13,South,Home & Kitchen,Water Bottle,4,496.72,0.05,1887.54,1087.54,2024,8
ORD-103724,2024-07-24,West,Clothing,T-Shirt,1,707.92,0.05,672.52,322.52,2024,7
ORD-100091,2024-03-15,South,Electronics,Headphones,3,3575.33,0.05,10189.69,4414.69,2024,3
ORD-103679,2022-03-19,North,Office Supplies,Pen Set,4,179.57,0.15,610.54,322.54,2022,3
ORD-105780,2024-12-28,North,Electronics,Smartphone,2,23520.27,0.05,44688.51,6288.51,2024,12
ORD-103871,2022-09-27,North,Home & Kitchen,Mixer Grinder,5,4226.04,0.0,21130.2,7480.2,2022,9
ORD-104095,2023-01-31,South,Clothing,Jeans,4,1847.57,0.1,6651.25,2691.25,2023,1
ORD-101979,2022-10-09,South,Office Supplies,Pen Set,2,181.12,0.1,326.02,182.02,2022,10
ORD-103244,2022-06-07,East,Office Supplies,Pen Set,3,175.01,0.05,498.78,282.78,2022,6
ORD-105251,2022-03-30,West,Clothing,Sneakers,3,3066.69,0.0,9200.07,3620.07,2022,3
ORD-103150,2022-01-02,East,Office Supplies,Notebook Pack,5,245.56,0.1,1105.02,542.52,2022,1
ORD-105025,2023-12-10,West,Clothing,Jacket,7,3511.31,0.0,24579.17,9879.17,2023,12
ORD-104448,2023-10-23,North,Electronics,Smartphone,3,23631.78,0.1,63805.81,6205.81,2023,10
ORD-104466,2022-08-10,South,Office Supplies,Pen Set,1,180.98,0.2,144.78,72.78,2022,8
ORD-102964,2022-11-20,West,Office Supplies,Pen Set,6,181.5,0.05,1034.55,602.55,2022,11
ORD-103463,2022-12-20,West,Electronics,Smartwatch,3,7800.52,0.0,23401.56,7801.56,2022,12
ORD-102529,2023-12-30,East,Office Supplies,Notebook Pack,2,252.73,0.05,480.19,255.19,2023,12
ORD-104211,2023-03-15,West,Office Supplies,Pen Set,5,175.2,0.05,832.2,472.2,2023,3
ORD-101676,2024-04-18,West,Office Supplies,Notebook Pack,5,245.42,0.1,1104.39,541.89,2024,4
ORD-101048,2024-09-04,North,Office Supplies,File Organizer,3,445.49,0.1,1202.82,527.82,2024,9
ORD-102949,2024-09-19,East,Electronics,Smartwatch,1,8128.71,0.0,8128.71,2928.71,2024,9
ORD-101960,2023-12-15,West,Electronics,Smartwatch,1,7827.24,0.15,6653.15,1453.15,2023,12
ORD-102530,2023-12-20,North,Clothing,Jeans,1,1750.28,0.0,1750.28,760.28,2023,12
ORD-104518,2024-05-25,South,Clothing,T-Shirt,4,691.69,0.0,2766.76,1366.76,2024,5
ORD-105028,2023-11-25,North,Office Supplies,File Organizer,7,454.9,0.05,3025.08,1450.08,2023,11
ORD-100237,2024-06-17,North,Clothing,Jeans,7,1786.36,0.05,11879.29,4949.29,2024,6
ORD-104252,2022-09-06,West,Home & Kitchen,Cookware Set,3,3867.92,0.0,11603.76,5333.76,2022,9
ORD-101133,2024-04-18,North,Office Supplies,Pen Set,5,180.64,0.0,903.2,543.2,2024,4
ORD-102880,2022-08-06,South,Clothing,Jacket,1,3420.89,0.1,3078.8,978.8,2022,8
ORD-101805,2024-02-29,West,Clothing,Jeans,1,1783.83,0.0,1783.83,793.83,2024,2
ORD-105084,2024-11-08,South,Office Supplies,Notebook Pack,5,257.12,0.1,1157.04,594.54,2024,11
ORD-100163,2022-02-25,North,Clothing,T-Shirt,3,717.38,0.05,2044.53,994.53,2022,2
ORD-104639,2022-10-15,East,Office Supplies,Notebook Pack,6,257.32,0.2,1235.14,560.14,2022,10
ORD-105845,2024-10-03,West,Office Supplies,File Organizer,6,450.8,0.05,2569.56,1219.56,2024,10
ORD-105786,2024-09-23,East,Clothing,Jeans,5,1772.23,0.05,8418.09,3468.09,2024,9
ORD-104536,2024-02-10,South,Clothing,Jeans,6,1842.4,0.05,10501.68,4561.68,2024,2
ORD-104609,2024-12-10,West,Clothing,Sneakers,2,3046.65,0.0,6093.3,2373.3,2024,12
ORD-104431,2024-10-13,East,Clothing,T-Shirt,7,686.28,0.15,4083.37,1633.37,2024,10
ORD-100265,2022-08-10,South,Home & Kitchen,Mixer Grinder,7,4093.4,0.05,27221.11,8111.11,2022,8
ORD-103839,2022-12-15,East,Home & Kitchen,Water Bottle,5,494.35,0.0,2471.75,1471.75,2022,12
ORD-102001,2023-06-28,West,Home & Kitchen,Cookware Set,1,3813.36,0.1,3432.02,1342.02,2023,6
ORD-103277,2023-10-04,West,Electronics,Smartphone,2,23639.99,0.0,47279.98,8879.98,2023,10
ORD-104035,2023-04-27,North,Home & Kitchen,Water Bottle,4,497.22,0.1,1789.99,989.99,2023,4
ORD-102978,2024-04-05,West,Clothing,Jacket,1,3559.96,0.15,3025.97,925.97,2024,4
ORD-105714,2022-05-24,South,Home & Kitchen,Mixer Grinder,4,4112.02,0.05,15625.68,4705.68,2022,5
ORD-102906,2024-12-06,North,Office Supplies,Pen Set,7,184.39,0.0,1290.73,786.73,2024,12
ORD-104395,2023-06-20,North,Office Supplies,Pen Set,6,184.27,0.1,995.06,563.06,2023,6
ORD-105634,2022-06-05,West,Office Supplies,File Organizer,5,437.71,0.05,2079.12,954.12,2022,6
ORD-101428,2024-06-12,North,Clothing,T-Shirt,5,702.76,0.05,3338.11,1588.11,2024,6
ORD-100398,2023-07-12,North,Clothing,T-Shirt,6,681.73,0.15,3476.82,1376.82,2023,7
ORD-105584,2024-04-06,South,Home & Kitchen,Air Fryer,1,6382.09,0.0,6382.09,1962.09,2024,4
ORD-100947,2024-08-25,North,Clothing,Jacket,7,3509.05,0.1,22107.02,7407.02,2024,8
ORD-103078,2023-12-10,East,Electronics,Smartphone,2,24013.58,0.0,48027.16,9627.16,2023,12
ORD-103919,2023-06-10,West,Home & Kitchen,Cookware Set,6,3821.52,0.0,22929.12,10389.12,2023,6
ORD-103138,2024-06-09,North,Office Supplies,Notebook Pack,7,256.1,0.15,1523.8,736.3,2024,6
ORD-105481,2022-01-01,North,Clothing,T-Shirt,4,709.59,0.1,2554.52,1154.52,2022,1
ORD-105049,2024-12-16,West,Office Supplies,Notebook Pack,5,255.52,0.1,1149.84,587.34,2024,12
ORD-105710,2024-06-04,East,Clothing,T-Shirt,6,684.3,0.0,4105.8,2005.8,2024,6
ORD-105274,2023-04-14,North,Electronics,Smartphone,3,24368.21,0.1,65794.17,8194.17,2023,4
ORD-103229,2023-08-10,North,Office Supplies,Pen Set,4,177.33,0.0,709.32,421.32,2023,8
ORD-101826,2023-09-15,South,Clothing,Sneakers,3,2948.73,0.15,7519.26,1939.26,2023,9
ORD-101452,2024-09-08,South,Office Supplies,Pen Set,5,184.71,0.15,785.02,425.02,2024,9
ORD-100593,2023-12-01,South,Clothing,Sneakers,4,2958.74,0.0,11834.96,4394.96,2023,12
ORD-102725,2024-05-02,East,Home & Kitchen,Water Bottle,4,486.7,0.0,1946.8,1146.8,2024,5
ORD-100041,2024-08-06,South,Electronics,Laptop,2,51650.99,0.0,103301.98,22181.98,2024,8
ORD-100560,2022-04-28,South,Office Supplies,Pen Set,3,176.82,0.15,450.89,234.89,2022,4
ORD-104951,2024-05-03,East,Home & Kitchen,Water Bottle,4,490.36,0.0,1961.44,1161.44,2024,5
ORD-104827,2023-05-22,North,Office Supplies,File Organizer,4,449.13,0.05,1706.69,806.69,2023,5
ORD-100489,2023-11-02,East,Home & Kitchen,Water Bottle,7,514.4,0.0,3600.8,2200.8,2023,11
ORD-100243,2023-10-02,North,Clothing,Sneakers,6,3084.95,0.0,18509.7,7349.7,2023,10
ORD-103172,2024-03-31,South,Electronics,Laptop,2,52857.13,0.0,105714.26,24594.26,2024,3
ORD-101339,2023-04-05,East,Home & Kitchen,Cookware Set,5,3747.63,0.05,17801.24,7351.24,2023,4
ORD-104245,2022-11-26,West,Clothing,Sneakers,1,3081.83,0.1,2773.65,913.65,2022,11
ORD-100405,2024-09-23,South,Clothing,Jacket,2,3446.19,0.05,6547.76,2347.76,2024,9
ORD-101442,2022-07-26,South,Clothing,Jacket,7,3475.91,0.0,24331.37,9631.37,2022,7
ORD-100261,2024-07-29,South,Electronics,Smartwatch,2,7833.43,0.15,13316.83,2916.83,2024,7
ORD-105006,2024-06-06,South,Home & Kitchen,Mixer Grinder,5,4296.46,0.0,21482.3,7832.3,2024,6
ORD-103537,2023-11-25,South,Office Supplies,Notebook Pack,1,250.23,0.0,250.23,137.73,2023,11
ORD-105604,2023-10-17,East,Furniture,Office Chair,3,7427.86,0.0,22283.58,8333.58,2023,10
ORD-101689,2023-04-29,South,Office Supplies,Pen Set,6,177.34,0.2,851.23,419.23,2023,4
ORD-103478,2024-11-07,North,Office Supplies,Notebook Pack,3,245.73,0.0,737.19,399.69,2024,11
ORD-101725,2022-03-21,North,Office Supplies,Pen Set,3,183.99,0.05,524.37,308.37,2022,3
ORD-101203,2024-03-30,North,Home & Kitchen,Water Bottle,3,500.08,0.0,1500.24,900.24,2024,3
ORD-100834,2024-04-16,South,Office Supplies,Pen Set,5,179.71,0.1,808.7,448.7,2024,4
ORD-101866,2024-11-07,South,Electronics,Laptop,1,50703.96,0.15,43098.37,2538.37,2024,11
ORD-102496,2023-10-21,South,Electronics,Smartwatch,1,7972.46,0.1,7175.21,1975.21,2023,10
ORD-103016,2024-11-20,West,Clothing,Jeans,4,1847.95,0.0,7391.8,3431.8,2024,11
ORD-104623,2024-10-11,West,Clothing,T-Shirt,5,685.47,0.0,3427.35,1677.35,2024,10
ORD-102010,2022-03-11,East,Home & Kitchen,Water Bottle,6,492.57,0.0,2955.42,1755.42,2022,3
ORD-104259,2022-12-11,West,Home & Kitchen,Water Bottle,2,488.26,0.15,830.04,430.04,2022,12
ORD-100340,2022-07-06,South,Home & Kitchen,Cookware Set,6,3909.08,0.0,23454.48,10914.48,2022,7
ORD-104275,2022-03-04,South,Electronics,Headphones,6,3524.17,0.1,19030.52,7480.52,2022,3
ORD-101601,2022-07-09,West,Home & Kitchen,Water Bottle,4,487.1,0.05,1850.98,1050.98,2022,7
ORD-102796,2023-12-26,West,Office Supplies,Printer,3,8977.24,0.1,24238.55,3988.55,2023,12
ORD-105420,2023-04-17,South,Clothing,Jacket,4,3536.01,0.15,12022.43,3622.43,2023,4
ORD-105769,2024-05-07,West,Furniture,Sofa Set,1,32589.4,0.0,32589.4,10189.4,2024,5
ORD-100480,2023-05-15,East,Clothing,Sneakers,1,2936.81,0.0,2936.81,1076.81,2023,5
ORD-103875,2023-05-20,South,Office Supplies,Pen Set,1,178.3,0.0,178.3,106.3,2023,5
ORD-103725,2024-07-02,North,Home & Kitchen,Mixer Grinder,1,4126.58,0.0,4126.58,1396.58,2024,7
ORD-102785,2024-03-10,West,Office Supplies,Notebook Pack,4,251.94,0.05,957.37,507.37,2024,3
ORD-101523,2024-05-23,West,Furniture,Office Chair,2,7420.14,0.0,14840.28,5540.28,2024,5
ORD-103621,2022-12-10,North,Clothing,Jacket,6,3449.08,0.0,20694.48,8094.48,2022,12
ORD-104575,2022-09-11,West,Clothing,Jeans,3,1783.72,0.15,4548.49,1578.49,2022,9
ORD-105453,2022-08-22,South,Electronics,Headphones,6,3468.88,0.1,18731.95,7181.95,2022,8
ORD-105697,2024-10-12,North,Clothing,T-Shirt,5,692.6,0.1,3116.7,1366.7,2024,10
ORD-105783,2024-09-10,North,Clothing,Jeans,7,1782.43,0.05,11853.16,4923.16,2024,9
ORD-105497,2023-01-09,North,Home & Kitchen,Water Bottle,4,514.24,0.0,2056.96,1256.96,2023,1
ORD-103025,2022-07-11,North,Office Supplies,File Organizer,1,446.22,0.05,423.91,198.91,2022,7
ORD-102453,2024-06-23,North,Home & Kitchen,Water Bottle,1,489.64,0.05,465.16,265.16,2024,6
ORD-104037,2024-08-21,West,Clothing,T-Shirt,4,686.24,0.2,2195.97,795.97,2024,8
ORD-104449,2022-01-31,South,Office Supplies,Notebook Pack,3,247.26,0.05,704.69,367.19,2022,1
ORD-105218,2022-12-24,South,Office Supplies,File Organizer,6,450.71,0.0,2704.26,1354.26,2022,12
ORD-105271,2024-09-19,North,Office Supplies,Notebook Pack,7,251.79,0.0,1762.53,975.03,2024,9
ORD-103704,2022-03-28,West,Office Supplies,Notebook Pack,5,253.4,0.0,1267.0,704.5,2022,3
ORD-105748,2024-12-06,South,Office Supplies,Notebook Pack,7,253.82,0.0,1776.74,989.24,2024,12
ORD-100363,2022-05-03,North,Electronics,Headphones,4,3525.78,0.15,11987.65,4287.65,2022,5
ORD-101271,2023-04-13,East,Home & Kitchen,Water Bottle,5,493.45,0.1,2220.53,1220.53,2023,4
ORD-102003,2024-01-22,East,Electronics,Laptop,2,52534.07,0.05,99814.73,18694.73,2024,1
ORD-104349,2024-08-06,North,Home & Kitchen,Mixer Grinder,6,4228.3,0.05,24101.31,7721.31,2024,8
ORD-105762,2024-05-06,South,Electronics,Smartphone,3,24288.99,0.0,72866.97,15266.97,2024,5
ORD-105083,2022-03-16,East,Clothing,Jacket,6,3445.62,0.05,19640.03,7040.03,2022,3
ORD-100347,2022-11-16,East,Clothing,Jacket,3,3434.4,0.15,8757.72,2457.72,2022,11
ORD-104898,2024-10-02,South,Electronics,Laptop,3,52401.7,0.05,149344.84,27664.84,2024,10
ORD-103613,2024-10-04,South,Office Supplies,Notebook Pack,2,245.34,0.1,441.61,216.61,2024,10
ORD-105676,2022-08-10,East,Office Supplies,Notebook Pack,6,253.27,0.05,1443.64,768.64,2022,8
ORD-102562,2024-05-08,West,Home & Kitchen,Air Fryer,3,6419.76,0.0,19259.28,5999.28,2024,5
ORD-103027,2024-09-03,West,Home & Kitchen,Mixer Grinder,4,4122.22,0.0,16488.88,5568.88,2024,9
ORD-104283,2022-06-26,West,Home & Kitchen,Water Bottle,6,497.92,0.1,2688.77,1488.77,2022,6
ORD-105635,2024-02-13,South,Office Supplies,File Organizer,5,443.93,0.05,2108.67,983.67,2024,2
ORD-101423,2023-04-19,North,Office Supplies,File Organizer,6,442.03,0.0,2652.18,1302.18,2023,4
ORD-100656,2024-08-28,South,Clothing,T-Shirt,4,694.32,0.0,2777.28,1377.28,2024,8
ORD-103083,2024-06-13,South,Furniture,Study Desk,2,9720.2,0.0,19440.4,8040.4,2024,6
ORD-105661,2022-01-24,North,Office Supplies,Pen Set,2,182.0,0.0,364.0,220.0,2022,1
ORD-102102,2024-07-10,West,Clothing,Sneakers,5,3050.88,0.05,14491.68,5191.68,2024,7
ORD-102493,2024-10-31,West,Home & Kitchen,Cookware Set,2,3780.86,0.0,7561.72,3381.72,2024,10
ORD-102665,2024-07-09,East,Clothing,Jeans,3,1801.06,0.0,5403.18,2433.18,2024,7
ORD-104443,2024-10-21,East,Clothing,T-Shirt,2,691.61,0.05,1314.06,614.06,2024,10
ORD-104509,2023-01-29,North,Clothing,Sneakers,2,2925.39,0.05,5558.24,1838.24,2023,1
ORD-104353,2022-03-17,South,Clothing,Jacket,7,3493.59,0.0,24455.13,9755.13,2022,3
ORD-102334,2023-06-07,East,Furniture,Bookshelf,2,6064.86,0.2,9703.78,2743.78,2023,6
ORD-104708,2022-08-13,West,Clothing,Jeans,1,1824.08,0.0,1824.08,834.08,2022,8
ORD-103619,2024-12-03,North,Clothing,Jacket,1,3492.08,0.05,3317.48,1217.48,2024,12
ORD-101494,2023-06-07,West,Home & Kitchen,Cookware Set,3,3728.24,0.15,9507.01,3237.01,2023,6
ORD-102401,2024-06-25,East,Furniture,Office Chair,1,7410.26,0.15,6298.72,1648.72,2024,6
ORD-103874,2024-12-31,South,Furniture,Study Desk,2,9429.52,0.0,18859.04,7459.04,2024,12
ORD-101232,2022-09-17,West,Furniture,Study Desk,2,9764.66,0.0,19529.32,8129.32,2022,9
ORD-102817,2023-11-29,South,Clothing,Sneakers,7,3028.28,0.15,18018.27,4998.27,2023,11
ORD-105614,2023-12-26,East,Home & Kitchen,Air Fryer,2,6387.56,0.1,11497.61,2657.61,2023,12
ORD-103061,2023-06-23,East,Home & Kitchen,Water Bottle,5,505.02,0.05,2398.84,1398.84,2023,6
ORD-105250,2023-08-05,North,Office Supplies,Pen Set,7,181.92,0.15,1082.42,578.42,2023,8
ORD-101735,2024-05-07,West,Office Supplies,Pen Set,2,178.79,0.05,339.7,195.7,2024,5
ORD-102823,2024-11-26,West,Clothing,Jacket,2,3467.42,0.1,6241.36,2041.36,2024,11
ORD-105292,2024-09-06,South,Electronics,Smartwatch,2,8229.96,0.0,16459.92,6059.92,2024,9
ORD-102475,2022-03-15,West,Office Supplies,Notebook Pack,5,246.14,0.15,1046.09,483.59,2022,3
ORD-105887,2022-08-01,West,Electronics,Headphones,2,3410.69,0.0,6821.38,2971.38,2022,8
ORD-104751,2023-10-01,East,Office Supplies,Notebook Pack,2,252.02,0.0,504.04,279.04,2023,10
ORD-100707,2024-06-16,West,Clothing,T-Shirt,1,712.48,0.05,676.86,326.86,2024,6
ORD-103046,2023-07-15,North,Office Supplies,Notebook Pack,3,254.63,0.05,725.7,388.2,2023,7
ORD-105241,2022-12-25,West,Electronics,Headphones,7,3565.75,0.0,24960.25,11485.25,2022,12
ORD-104689,2024-04-19,South,Home & Kitchen,Water Bottle,7,488.17,0.05,3246.33,1846.33,2024,4
ORD-100072,2024-08-28,West,Electronics,Laptop,3,50516.95,0.0,151550.85,29870.85,2024,8
ORD-105751,2023-04-15,South,Electronics,Headphones,7,3491.28,0.0,24438.96,10963.96,2023,4
ORD-101190,2023-07-01,North,Office Supplies,File Organizer,4,452.87,0.1,1630.33,730.33,2023,7
ORD-101125,2023-10-21,South,Home & Kitchen,Water Bottle,3,506.99,0.0,1520.97,920.97,2023,10
ORD-101241,2023-01-28,South,Office Supplies,Notebook Pack,4,251.82,0.0,1007.28,557.28,2023,1
ORD-105506,2022-08-14,South,Office Supplies,File Organizer,2,462.07,0.0,924.14,474.14,2022,8
ORD-105070,2022-12-26,West,Home & Kitchen,Water Bottle,4,513.92,0.0,2055.68,1255.68,2022,12
ORD-103351,2022-06-08,North,Office Supplies,File Organizer,2,438.37,0.0,876.74,426.74,2022,6
ORD-103906,2024-07-17,North,Clothing,T-Shirt,1,681.39,0.2,545.11,195.11,2024,7
ORD-103729,2024-05-19,North,Home & Kitchen,Water Bottle,7,500.03,0.0,3500.21,2100.21,2024,5
ORD-101343,2023-11-01,East,Electronics,Smartphone,1,23393.51,0.0,23393.51,4193.51,2023,11
ORD-100440,2024-08-25,North,Office Supplies,File Organizer,1,462.9,0.0,462.9,237.9,2024,8
ORD-100649,2022-02-14,South,Office Supplies,Notebook Pack,5,255.74,0.2,1022.96,460.46,2022,2
ORD-101546,2022-11-04,East,Clothing,T-Shirt,1,679.24,0.0,679.24,329.24,2022,11
ORD-105129,2024-12-13,West,Clothing,Sneakers,1,2914.83,0.1,2623.35,763.35,2024,12
ORD-104912,2023-04-20,West,Clothing,Jeans,1,1826.18,0.15,1552.25,562.25,2023,4
ORD-102852,2024-07-19,North,Electronics,Headphones,4,3561.37,0.0,14245.48,6545.48,2024,7
ORD-103503,2024-01-15,South,Furniture,Study Desk,3,9695.12,0.05,27631.09,10531.09,2024,1
ORD-101249,2024-11-05,East,Clothing,T-Shirt,3,716.43,0.05,2041.83,991.83,2024,11
ORD-100482,2023-11-22,North,Home & Kitchen,Air Fryer,3,6458.28,0.0,19374.84,6114.84,2023,11
ORD-101584,2023-12-08,West,Clothing,T-Shirt,2,684.73,0.0,1369.46,669.46,2023,12
ORD-101462,2022-09-01,South,Electronics,Smartphone,1,24668.04,0.1,22201.24,3001.24,2022,9
ORD-103040,2023-04-11,West,Electronics,Headphones,2,3479.6,0.05,6611.24,2761.24,2023,4
ORD-104725,2023-02-18,North,Home & Kitchen,Water Bottle,6,495.77,0.0,2974.62,1774.62,2023,2
ORD-103273,2024-03-30,North,Clothing,T-Shirt,1,698.14,0.1,628.33,278.33,2024,3
ORD-103683,2023-08-14,West,Office Supplies,Notebook Pack,6,253.62,0.1,1369.55,694.55,2023,8
ORD-104145,2022-11-18,West,Home & Kitchen,Water Bottle,5,503.51,0.1,2265.8,1265.8,2022,11
ORD-104320,2024-07-28,South,Home & Kitchen,Mixer Grinder,3,4255.99,0.1,11491.17,3301.17,2024,7
ORD-103225,2024-07-11,South,Home & Kitchen,Mixer Grinder,2,4134.52,0.0,8269.04,2809.04,2024,7
ORD-101072,2023-06-25,North,Office Supplies,Notebook Pack,1,250.58,0.05,238.05,125.55,2023,6
ORD-101660,2022-08-06,South,Office Supplies,Pen Set,6,184.07,0.05,1049.2,617.2,2022,8
ORD-102425,2024-04-16,North,Clothing,T-Shirt,6,703.0,0.05,4007.1,1907.1,2024,4
ORD-105180,2024-01-31,East,Furniture,Sofa Set,1,31626.83,0.0,31626.83,9226.83,2024,1
ORD-103097,2023-04-24,East,Office Supplies,Pen Set,7,177.18,0.15,1054.22,550.22,2023,4
ORD-103976,2022-03-21,North,Clothing,Jacket,3,3450.24,0.15,8798.11,2498.11,2022,3
ORD-105500,2022-08-18,East,Office Supplies,File Organizer,4,447.15,0.0,1788.6,888.6,2022,8
ORD-105836,2024-09-18,West,Office Supplies,File Organizer,1,441.33,0.0,441.33,216.33,2024,9
ORD-105938,2024-01-28,South,Office Supplies,Pen Set,6,180.61,0.1,975.29,543.29,2024,1
ORD-105718,2022-05-16,North,Clothing,T-Shirt,1,686.02,0.1,617.42,267.42,2022,5
ORD-101408,2024-09-11,North,Clothing,T-Shirt,7,685.44,0.15,4078.37,1628.37,2024,9
ORD-101845,2023-12-26,North,Office Supplies,Notebook Pack,7,254.93,0.05,1695.28,907.78,2023,12
ORD-101798,2023-10-23,North,Office Supplies,Pen Set,1,185.16,0.15,157.39,85.39,2023,10
ORD-101475,2023-09-07,East,Office Supplies,File Organizer,5,438.05,0.1,1971.23,846.23,2023,9
ORD-100035,2022-09-09,West,Home & Kitchen,Cookware Set,3,3902.01,0.2,9364.82,3094.82,2022,9
ORD-100444,2022-12-03,West,Furniture,Sofa Set,3,31267.4,0.05,89112.09,21912.09,2022,12
ORD-103654,2023-01-24,West,Home & Kitchen,Air Fryer,1,6611.96,0.1,5950.76,1530.76,2023,1
ORD-103179,2023-09-05,North,Electronics,Smartphone,3,23877.63,0.0,71632.89,14032.89,2023,9
ORD-101286,2023-04-25,South,Clothing,Sneakers,5,2933.56,0.1,13201.02,3901.02,2023,4
ORD-103416,2023-12-20,North,Office Supplies,Pen Set,7,180.74,0.05,1201.92,697.92,2023,12
ORD-102137,2024-06-06,West,Electronics,Smartphone,3,24415.94,0.0,73247.82,15647.82,2024,6
ORD-102636,2023-07-19,South,Office Supplies,Notebook Pack,3,246.5,0.0,739.5,402.0,2023,7
ORD-104016,2022-11-13,South,Clothing,Jeans,4,1768.79,0.15,6013.89,2053.89,2022,11
ORD-105939,2024-08-10,West,Clothing,Jacket,7,3500.44,0.1,22052.77,7352.77,2024,8
ORD-101681,2024-07-24,West,Clothing,Jeans,4,1787.06,0.05,6790.83,2830.83,2024,7
ORD-105713,2024-03-04,North,Office Supplies,Pen Set,5,184.91,0.15,785.87,425.87,2024,3
ORD-101692,2022-11-09,South,Office Supplies,Pen Set,6,179.96,0.2,863.81,431.81,2022,11
ORD-104532,2024-01-26,North,Office Supplies,Notebook Pack,5,250.63,0.0,1253.15,690.65,2024,1
ORD-104894,2024-03-10,South,Clothing,Jeans,2,1805.52,0.05,3430.49,1450.49,2024,3
ORD-100372,2023-03-24,North,Home & Kitchen,Water Bottle,7,511.72,0.05,3402.94,2002.94,2023,3
ORD-105364,2024-09-29,West,Clothing,Jeans,6,1808.9,0.0,10853.4,4913.4,2024,9
ORD-100140,2023-08-13,West,Furniture,Office Chair,2,7390.88,0.05,14042.67,4742.67,2023,8
ORD-105728,2024-10-17,North,Clothing,Jeans,4,1794.29,0.2,5741.73,1781.73,2024,10
ORD-105050,2022-10-20,East,Electronics,Headphones,4,3505.85,0.05,13322.23,5622.23,2022,10
ORD-105425,2024-01-16,South,Clothing,Jeans,5,1799.89,0.1,8099.51,3149.51,2024,1
ORD-104292,2022-04-16,West,Home & Kitchen,Air Fryer,1,6628.11,0.15,5633.89,1213.89,2022,4
ORD-100406,2022-12-16,South,Home & Kitchen,Water Bottle,6,514.71,0.05,2933.85,1733.85,2022,12
ORD-100020,2024-05-20,North,Home & Kitchen,Water Bottle,7,489.73,0.0,3428.11,2028.11,2024,5
ORD-101004,2023-12-31,South,Home & Kitchen,Cookware Set,5,3747.25,0.05,17799.44,7349.44,2023,12
ORD-102545,2023-04-06,North,Office Supplies,File Organizer,2,443.0,0.1,797.4,347.4,2023,4
ORD-102390,2023-11-25,West,Clothing,Jeans,5,1759.11,0.0,8795.55,3845.55,2023,11
ORD-104938,2023-12-30,West,Office Supplies,Pen Set,6,180.87,0.1,976.7,544.7,2023,12
ORD-102830,2022-10-16,East,Electronics,Smartphone,2,23502.9,0.05,44655.51,6255.51,2022,10
ORD-103371,2022-02-24,North,Electronics,Headphones,5,3456.89,0.1,15556.01,5931.01,2022,2
ORD-103022,2023-07-30,North,Home & Kitchen,Cookware Set,4,3686.95,0.1,13273.02,4913.02,2023,7
ORD-103364,2023-01-20,East,Clothing,Sneakers,4,2911.98,0.0,11647.92,4207.92,2023,1
ORD-100011,2024-11-02,West,Clothing,Jeans,7,1808.41,0.0,12658.87,5728.87,2024,11
ORD-101177,2023-03-28,North,Home & Kitchen,Water Bottle,2,493.88,0.2,790.21,390.21,2023,3
ORD-101947,2024-11-05,North,Office Supplies,Pen Set,6,184.42,0.1,995.87,563.87,2024,11
ORD-102863,2022-05-24,West,Clothing,T-Shirt,2,681.55,0.15,1158.63,458.63,2022,5
ORD-103865,2023-02-02,North,Office Supplies,Pen Set,1,176.97,0.0,176.97,104.97,2023,2
ORD-101026,2024-11-19,East,Clothing,T-Shirt,5,701.8,0.05,3333.55,1583.55,2024,11
ORD-103848,2022-10-30,South,Office Supplies,Pen Set,2,183.15,0.15,311.36,167.36,2022,10
ORD-102989,2023-12-12,North,Office Supplies,Pen Set,1,180.2,0.15,153.17,81.17,2023,12
ORD-100961,2023-06-14,West,Furniture,Office Chair,3,7582.26,0.15,19334.76,5384.76,2023,6
ORD-103015,2024-03-29,South,Home & Kitchen,Air Fryer,2,6605.29,0.0,13210.58,4370.58,2024,3
ORD-103338,2022-12-24,West,Clothing,T-Shirt,6,706.69,0.0,4240.14,2140.14,2022,12
ORD-104334,2024-08-14,West,Furniture,Office Chair,1,7604.94,0.0,7604.94,2954.94,2024,8
ORD-100735,2024-03-17,North,Home & Kitchen,Water Bottle,7,491.89,0.05,3271.07,1871.07,2024,3
ORD-101440,2022-10-30,North,Home & Kitchen,Cookware Set,4,3867.31,0.0,15469.24,7109.24,2022,10
ORD-102875,2022-10-11,South,Office Supplies,Notebook Pack,6,245.22,0.1,1324.19,649.19,2022,10
ORD-103986,2022-10-14,South,Home & Kitchen,Mixer Grinder,6,4268.61,0.0,25611.66,9231.66,2022,10
ORD-100916,2022-04-12,West,Office Supplies,Pen Set,3,183.88,0.0,551.64,335.64,2022,4
ORD-105128,2024-10-25,North,Electronics,Headphones,5,3602.69,0.05,17112.78,7487.78,2024,10
ORD-104089,2022-08-26,South,Office Supplies,File Organizer,3,444.87,0.0,1334.61,659.61,2022,8
ORD-105678,2024-05-16,West,Office Supplies,File Organizer,6,440.49,0.0,2642.94,1292.94,2024,5
ORD-102772,2024-10-01,North,Clothing,Jeans,5,1802.2,0.0,9011.0,4061.0,2024,10
ORD-101624,2023-04-30,North,Office Supplies,Pen Set,5,179.45,0.0,897.25,537.25,2023,4
ORD-104871,2022-11-07,North,Electronics,Smartwatch,3,8075.61,0.0,24226.83,8626.83,2022,11
ORD-100821,2023-11-28,West,Home & Kitchen,Water Bottle,4,497.54,0.1,1791.14,991.14,2023,11
ORD-101367,2022-07-09,North,Clothing,Sneakers,7,3010.97,0.0,21076.79,8056.79,2022,7
ORD-103712,2024-12-25,North,Home & Kitchen,Air Fryer,3,6311.89,0.0,18935.67,5675.67,2024,12
ORD-105524,2022-12-14,North,Home & Kitchen,Cookware Set,3,3791.53,0.0,11374.59,5104.59,2022,12
ORD-100850,2022-08-27,West,Home & Kitchen,Water Bottle,3,495.86,0.05,1413.2,813.2,2022,8
ORD-101000,2022-03-30,West,Clothing,Jacket,7,3595.95,0.05,23913.07,9213.07,2022,3
ORD-104567,2022-02-25,East,Home & Kitchen,Mixer Grinder,4,4320.2,0.1,15552.72,4632.72,2022,2
ORD-104114,2024-05-30,East,Electronics,Laptop,3,52924.42,0.15,134957.27,13277.27,2024,5
ORD-101637,2024-10-31,West,Home & Kitchen,Water Bottle,2,497.04,0.0,994.08,594.08,2024,10
ORD-101667,2022-10-22,South,Office Supplies,Pen Set,2,183.57,0.0,367.14,223.14,2022,10
ORD-103173,2024-12-19,North,Electronics,Smartwatch,3,7771.47,0.0,23314.41,7714.41,2024,12
ORD-104674,2024-02-02,North,Home & Kitchen,Water Bottle,3,494.18,0.05,1408.41,808.41,2024,2
ORD-101347,2023-03-31,North,Office Supplies,Printer,2,8812.9,0.05,16744.51,3244.51,2023,3
ORD-104865,2022-06-07,South,Office Supplies,Notebook Pack,1,248.22,0.0,248.22,135.72,2022,6
ORD-103230,2023-06-20,West,Electronics,Smartphone,3,24054.16,0.05,68554.36,10954.36,2023,6
ORD-104313,2024-07-24,West,Home & Kitchen,Water Bottle,7,503.52,0.05,3348.41,1948.41,2024,7
ORD-105772,2022-11-06,North,Office Supplies,Notebook Pack,3,244.58,0.05,697.05,359.55,2022,11
ORD-103232,2023-09-18,South,Clothing,T-Shirt,1,703.42,0.15,597.91,247.91,2023,9
ORD-105026,2023-06-15,North,Electronics,Laptop,2,52625.24,0.15,89462.91,8342.91,2023,6
ORD-100703,2024-09-18,North,Electronics,Headphones,2,3523.15,0.1,6341.67,2491.67,2024,9
ORD-104899,2024-06-25,South,Electronics,Headphones,3,3402.58,0.0,10207.74,4432.74,2024,6
ORD-103291,2024-04-10,South,Home & Kitchen,Air Fryer,1,6538.04,0.05,6211.14,1791.14,2024,4
ORD-103673,2023-03-02,East,Clothing,T-Shirt,1,709.34,0.0,709.34,359.34,2023,3
ORD-102408,2023-02-09,West,Home & Kitchen,Cookware Set,1,3694.38,0.0,3694.38,1604.38,2023,2
ORD-101327,2023-11-01,North,Office Supplies,Pen Set,3,178.46,0.1,481.84,265.84,2023,11
ORD-105724,2024-07-04,North,Electronics,Smartphone,3,23678.56,0.05,67483.9,9883.9,2024,7
ORD-105037,2022-09-10,East,Office Supplies,Pen Set,6,177.24,0.0,1063.44,631.44,2022,9
ORD-100986,2023-02-25,North,Clothing,T-Shirt,4,716.24,0.0,2864.96,1464.96,2023,2
ORD-105576,2024-12-17,East,Office Supplies,Notebook Pack,5,249.49,0.05,1185.08,622.58,2024,12
ORD-105282,2024-12-20,South,Office Supplies,File Organizer,6,448.92,0.0,2693.52,1343.52,2024,12
ORD-105090,2023-05-19,North,Clothing,T-Shirt,7,710.66,0.05,4725.89,2275.89,2023,5
ORD-104049,2024-04-07,East,Clothing,Jeans,6,1848.9,0.1,9984.06,4044.06,2024,4
ORD-103485,2024-05-11,West,Office Supplies,Notebook Pack,3,242.63,0.0,727.89,390.39,2024,5
ORD-102474,2023-03-29,South,Office Supplies,Notebook Pack,7,247.44,0.0,1732.08,944.58,2023,3
ORD-103873,2022-06-13,North,Office Supplies,Notebook Pack,5,253.41,0.1,1140.35,577.85,2022,6
ORD-101198,2022-12-21,South,Clothing,Jeans,2,1797.92,0.05,3416.05,1436.05,2022,12
ORD-101518,2022-07-27,East,Office Supplies,Pen Set,7,180.08,0.15,1071.48,567.48,2022,7
ORD-101799,2023-12-22,North,Office Supplies,Notebook Pack,3,247.61,0.1,668.55,331.05,2023,12
ORD-101014,2023-02-26,East,Office Supplies,Notebook Pack,5,252.98,0.0,1264.9,702.4,2023,2
ORD-100128,2022-05-23,West,Clothing,T-Shirt,4,697.88,0.0,2791.52,1391.52,2022,5
ORD-104726,2024-07-08,South,Clothing,Jacket,2,3593.04,0.15,6108.17,1908.17,2024,7
ORD-100891,2024-11-25,South,Office Supplies,Notebook Pack,4,248.78,0.0,995.12,545.12,2024,11
ORD-102793,2024-12-22,East,Clothing,Jacket,3,3395.12,0.05,9676.09,3376.09,2024,12
ORD-105159,2023-01-03,South,Office Supplies,Notebook Pack,6,252.15,0.0,1512.9,837.9,2023,1
ORD-105856,2023-11-16,West,Furniture,Sofa Set,2,31259.9,0.1,56267.82,11467.82,2023,11
ORD-105267,2024-09-14,North,Clothing,Jeans,5,1792.28,0.2,7169.12,2219.12,2024,9
ORD-103249,2023-07-28,South,Home & Kitchen,Mixer Grinder,7,4188.4,0.05,27852.86,8742.86,2023,7
ORD-103868,2023-12-20,West,Electronics,Smartwatch,3,8175.21,0.0,24525.63,8925.63,2023,12
ORD-105255,2024-09-20,North,Electronics,Smartphone,1,24637.03,0.0,24637.03,5437.03,2024,9
ORD-101239,2022-07-02,North,Home & Kitchen,Air Fryer,3,6652.86,0.05,18960.65,5700.65,2022,7
ORD-102289,2022-12-24,North,Office Supplies,Notebook Pack,6,247.94,0.05,1413.26,738.26,2022,12
ORD-102740,2022-05-10,South,Electronics,Laptop,2,51679.22,0.0,103358.44,22238.44,2022,5
ORD-101035,2024-01-17,South,Clothing,T-Shirt,3,710.13,0.0,2130.39,1080.39,2024,1
ORD-101008,2024-04-16,West,Electronics,Laptop,2,51331.55,0.2,82130.48,1010.48,2024,4
ORD-103828,2024-11-10,West,Office Supplies,Pen Set,6,180.62,0.0,1083.72,651.72,2024,11
ORD-102532,2024-03-09,North,Furniture,Study Desk,2,9278.51,0.0,18557.02,7157.02,2024,3
ORD-104293,2023-11-23,South,Office Supplies,Notebook Pack,7,253.7,0.0,1775.9,988.4,2023,11
ORD-101058,2023-10-12,East,Clothing,T-Shirt,2,705.47,0.0,1410.94,710.94,2023,10
ORD-104560,2024-12-24,South,Office Supplies,Notebook Pack,4,256.01,0.0,1024.04,574.04,2024,12
ORD-100281,2022-08-30,West,Office Supplies,Notebook Pack,2,248.42,0.1,447.16,222.16,2022,8
ORD-101043,2024-02-06,South,Office Supplies,Notebook Pack,6,253.86,0.15,1294.69,619.69,2024,2
ORD-101316,2023-10-30,West,Home & Kitchen,Air Fryer,1,6413.86,0.0,6413.86,1993.86,2023,10
ORD-100968,2023-10-23,North,Clothing,T-Shirt,5,684.2,0.05,3249.95,1499.95,2023,10
ORD-102381,2022-10-31,South,Clothing,T-Shirt,1,683.58,0.05,649.4,299.4,2022,10
ORD-104905,2023-11-08,South,Electronics,Smartphone,1,24238.13,0.2,19390.5,190.5,2023,11
ORD-101939,2022-03-04,West,Clothing,T-Shirt,1,679.24,0.2,543.39,193.39,2022,3
ORD-104405,2023-11-28,North,Furniture,Study Desk,3,9293.5,0.0,27880.5,10780.5,2023,11
ORD-101274,2022-06-24,North,Clothing,Jacket,6,3448.45,0.15,17587.09,4987.09,2022,6
ORD-100619,2022-03-02,West,Office Supplies,Notebook Pack,5,253.82,0.05,1205.64,643.14,2022,3
ORD-104767,2023-11-05,West,Office Supplies,Pen Set,4,175.46,0.0,701.84,413.84,2023,11
ORD-101742,2022-02-10,South,Home & Kitchen,Mixer Grinder,1,4271.02,0.05,4057.47,1327.47,2022,2
ORD-101390,2024-11-10,North,Office Supplies,Notebook Pack,7,248.39,0.05,1651.79,864.29,2024,11
ORD-101579,2024-09-17,South,Office Supplies,Pen Set,4,184.07,0.05,699.47,411.47,2024,9
ORD-101655,2023-05-08,South,Clothing,Sneakers,1,2935.18,0.1,2641.66,781.66,2023,5
ORD-103568,2024-08-11,North,Electronics,Smartphone,2,23400.9,0.05,44461.71,6061.71,2024,8
ORD-102212,2024-09-16,East,Clothing,Jeans,5,1768.34,0.0,8841.7,3891.7,2024,9
ORD-103178,2022-01-07,South,Clothing,Sneakers,2,3038.11,0.0,6076.22,2356.22,2022,1
ORD-103192,2023-10-22,West,Office Supplies,File Organizer,3,450.29,0.05,1283.33,608.33,2023,10
ORD-100575,2023-09-03,South,Clothing,T-Shirt,5,719.12,0.1,3236.04,1486.04,2023,9
ORD-102360,2024-08-04,West,Furniture,Office Chair,1,7326.46,0.0,7326.46,2676.46,2024,8
ORD-101280,2023-03-18,North,Clothing,Jacket,5,3568.02,0.05,16948.09,6448.09,2023,3
ORD-105000,2022-10-12,South,Clothing,Sneakers,1,3028.46,0.05,2877.04,1017.04,2022,10
ORD-105087,2023-05-24,South,Clothing,T-Shirt,2,690.9,0.0,1381.8,681.8,2023,5
ORD-101993,2022-04-11,North,Home & Kitchen,Air Fryer,1,6363.24,0.15,5408.75,988.75,2022,4
ORD-102639,2022-09-21,West,Electronics,Laptop,2,51994.85,0.05,98790.21,17670.21,2022,9
ORD-100269,2022-02-01,South,Electronics,Laptop,3,52336.35,0.1,141308.14,19628.14,2022,2
ORD-100629,2024-07-05,West,Clothing,Jeans,7,1840.41,0.1,11594.58,4664.58,2024,7
ORD-104552,2022-01-03,South,Home & Kitchen,Water Bottle,1,490.19,0.1,441.17,241.17,2022,1
ORD-103081,2022-06-06,South,Office Supplies,Pen Set,2,178.29,0.05,338.75,194.75,2022,6
ORD-103466,2023-12-20,West,Furniture,Study Desk,3,9716.67,0.0,29150.01,12050.01,2023,12
ORD-105362,2022-07-12,North,Home & Kitchen,Cookware Set,6,3709.95,0.0,22259.7,9719.7,2022,7
ORD-104023,2024-10-14,North,Home & Kitchen,Water Bottle,3,504.41,0.05,1437.57,837.57,2024,10
ORD-102046,2023-06-26,East,Clothing,Jacket,3,3454.34,0.0,10363.02,4063.02,2023,6
ORD-104825,2023-05-08,East,Clothing,Jeans,2,1814.01,0.0,3628.02,1648.02,2023,5
ORD-102113,2023-12-14,West,Clothing,Jacket,4,3483.16,0.0,13932.64,5532.64,2023,12
ORD-100027,2022-03-06,North,Electronics,Headphones,2,3476.95,0.0,6953.9,3103.9,2022,3
ORD-102040,2022-12-17,West,Furniture,Office Chair,1,7699.38,0.0,7699.38,3049.38,2022,12
ORD-103928,2022-07-08,North,Clothing,Sneakers,4,3000.51,0.0,12002.04,4562.04,2022,7
ORD-105556,2023-01-04,East,Furniture,Study Desk,2,9329.27,0.05,17725.61,6325.61,2023,1
ORD-103216,2023-03-13,South,Home & Kitchen,Water Bottle,2,511.12,0.15,868.9,468.9,2023,3
ORD-100129,2023-11-21,South,Electronics,Headphones,6,3540.11,0.1,19116.59,7566.59,2023,11
ORD-105825,2022-08-01,South,Office Supplies,Notebook Pack,7,247.15,0.0,1730.05,942.55,2022,8
ORD-100013,2024-07-27,South,Clothing,T-Shirt,7,704.39,0.0,4930.73,2480.73,2024,7
ORD-105475,2022-06-24,West,Electronics,Laptop,1,50581.55,0.0,50581.55,10021.55,2022,6
ORD-101525,2022-08-23,South,Furniture,Sofa Set,1,32240.67,0.0,32240.67,9840.67,2022,8
ORD-102365,2024-03-03,North,Home & Kitchen,Water Bottle,6,488.34,0.1,2637.04,1437.04,2024,3
ORD-103052,2024-01-19,West,Home & Kitchen,Water Bottle,4,489.21,0.05,1859.0,1059.0,2024,1
ORD-104005,2022-09-03,East,Electronics,Smartwatch,2,7985.46,0.0,15970.92,5570.92,2022,9
ORD-102340,2022-08-16,East,Electronics,Smartwatch,1,8088.23,0.1,7279.41,2079.41,2022,8
ORD-100374,2022-07-31,North,Office Supplies,Notebook Pack,4,251.1,0.1,903.96,453.96,2022,7
ORD-104477,2022-11-01,South,Office Supplies,Pen Set,5,178.82,0.15,759.98,399.98,2022,11
ORD-105278,2022-08-26,South,Office Supplies,Pen Set,5,183.09,0.05,869.68,509.68,2022,8
ORD-100939,2022-05-19,South,Office Supplies,Notebook Pack,6,244.84,0.1,1322.14,647.14,2022,5
ORD-105885,2022-03-04,South,Office Supplies,Pen Set,7,176.93,0.2,990.81,486.81,2022,3
ORD-102147,2024-12-27,North,Furniture,Study Desk,2,9357.95,0.0,18715.9,7315.9,2024,12
ORD-103591,2023-02-07,North,Electronics,Headphones,1,3555.04,0.05,3377.29,1452.29,2023,2
ORD-105579,2024-05-14,West,Clothing,T-Shirt,4,710.02,0.0,2840.08,1440.08,2024,5
ORD-105167,2024-05-07,East,Home & Kitchen,Cookware Set,2,3698.39,0.0,7396.78,3216.78,2024,5
ORD-103623,2024-08-09,East,Clothing,Jacket,6,3563.87,0.05,20314.06,7714.06,2024,8
ORD-100529,2023-01-15,North,Electronics,Headphones,7,3451.46,0.0,24160.22,10685.22,2023,1
ORD-103714,2024-08-26,West,Electronics,Laptop,1,53417.23,0.2,42733.78,2173.78,2024,8
ORD-101269,2023-08-21,North,Office Supplies,Pen Set,4,177.04,0.1,637.34,349.34,2023,8
ORD-101394,2024-08-08,East,Home & Kitchen,Air Fryer,1,6389.09,0.0,6389.09,1969.09,2024,8
ORD-104390,2022-09-24,South,Clothing,Jeans,2,1837.49,0.15,3123.73,1143.73,2022,9
ORD-101797,2022-12-22,West,Home & Kitchen,Cookware Set,4,3796.63,0.0,15186.52,6826.52,2022,12
ORD-102979,2024-09-19,West,Clothing,T-Shirt,4,716.19,0.05,2721.52,1321.52,2024,9
ORD-104595,2024-12-14,South,Office Supplies,Pen Set,7,180.59,0.15,1074.51,570.51,2024,12
ORD-105994,2023-11-07,South,Electronics,Smartwatch,2,7781.78,0.0,15563.56,5163.56,2023,11
ORD-101273,2023-11-19,West,Office Supplies,Notebook Pack,2,254.4,0.15,432.48,207.48,2023,11
ORD-101712,2024-12-15,North,Office Supplies,Pen Set,5,177.66,0.0,888.3,528.3,2024,12
ORD-100955,2024-10-02,West,Office Supplies,Printer,2,8819.35,0.05,16756.76,3256.76,2024,10
ORD-104550,2022-04-10,South,Home & Kitchen,Water Bottle,2,488.8,0.0,977.6,577.6,2022,4
ORD-104913,2024-11-14,East,Clothing,Jeans,5,1799.6,0.05,8548.1,3598.1,2024,11
ORD-105433,2023-06-06,East,Home & Kitchen,Air Fryer,1,6366.38,0.0,6366.38,1946.38,2023,6
ORD-102071,2023-06-30,North,Clothing,T-Shirt,1,683.57,0.05,649.39,299.39,2023,6
ORD-105842,2022-12-03,South,Clothing,Jeans,5,1806.71,0.0,9033.55,4083.55,2022,12
ORD-100158,2024-04-17,North,Electronics,Laptop,2,53362.27,0.05,101388.31,20268.31,2024,4
ORD-103888,2024-11-04,South,Electronics,Smartphone,2,23962.33,0.1,43132.19,4732.19,2024,11
ORD-100902,2022-03-08,North,Clothing,Jeans,7,1813.93,0.0,12697.51,5767.51,2022,3
ORD-100352,2023-11-01,North,Clothing,Sneakers,6,3027.52,0.1,16348.61,5188.61,2023,11
ORD-104130,2024-04-21,North,Home & Kitchen,Cookware Set,1,3876.55,0.05,3682.72,1592.72,2024,4
ORD-100754,2024-03-01,East,Office Supplies,Pen Set,4,181.54,0.1,653.54,365.54,2024,3
ORD-102971,2024-01-22,South,Office Supplies,Pen Set,2,177.53,0.05,337.31,193.31,2024,1
ORD-102920,2024-12-31,North,Office Supplies,Pen Set,5,181.44,0.0,907.2,547.2,2024,12
ORD-100311,2023-05-25,East,Home & Kitchen,Air Fryer,3,6627.94,0.0,19883.82,6623.82,2023,5
ORD-100661,2024-10-01,East,Home & Kitchen,Cookware Set,1,3903.71,0.0,3903.71,1813.71,2024,10
ORD-101989,2022-07-22,South,Home & Kitchen,Air Fryer,3,6604.97,0.0,19814.91,6554.91,2022,7
ORD-100306,2023-04-18,North,Clothing,Jeans,7,1805.67,0.0,12639.69,5709.69,2023,4
ORD-102335,2024-03-08,West,Clothing,Jeans,3,1791.08,0.05,5104.58,2134.58,2024,3
ORD-102356,2023-08-16,South,Clothing,Jeans,1,1804.02,0.0,1804.02,814.02,2023,8
ORD-103702,2023-11-09,North,Home & Kitchen,Water Bottle,3,503.65,0.0,1510.95,910.95,2023,11
ORD-103804,2022-01-31,North,Furniture,Sofa Set,1,31868.1,0.0,31868.1,9468.1,2022,1
ORD-101927,2024-03-31,South,Office Supplies,Pen Set,1,184.45,0.05,175.23,103.23,2024,3
ORD-103427,2024-09-22,West,Office Supplies,Pen Set,5,176.16,0.0,880.8,520.8,2024,9
ORD-100749,2024-08-15,West,Clothing,Jeans,3,1852.04,0.1,5000.51,2030.51,2024,8
ORD-103638,2024-07-08,East,Clothing,T-Shirt,7,691.84,0.05,4600.74,2150.74,2024,7
ORD-105448,2023-10-08,East,Clothing,Jeans,1,1797.26,0.2,1437.81,447.81,2023,10
ORD-101266,2022-08-16,North,Office Supplies,Notebook Pack,7,254.98,0.15,1517.13,729.63,2022,8
ORD-104664,2023-11-14,West,Furniture,Sofa Set,1,31520.87,0.2,25216.7,2816.7,2023,11
ORD-105431,2023-06-24,South,Electronics,Smartphone,3,23960.91,0.2,57506.18,-93.82,2023,6
ORD-103595,2024-12-30,West,Office Supplies,File Organizer,6,456.03,0.05,2599.37,1249.37,2024,12
ORD-102134,2023-09-02,South,Office Supplies,Notebook Pack,1,248.26,0.1,223.43,110.93,2023,9
ORD-104109,2023-09-18,East,Office Supplies,Pen Set,5,178.51,0.15,758.67,398.67,2023,9
ORD-100514,2023-02-15,North,Electronics,Smartwatch,1,7912.03,0.1,7120.83,1920.83,2023,2
ORD-105495,2022-11-13,South,Office Supplies,Pen Set,6,184.7,0.05,1052.79,620.79,2022,11
ORD-100409,2024-12-31,West,Furniture,Bookshelf,1,5945.35,0.1,5350.82,1870.82,2024,12
ORD-104584,2024-02-17,North,Office Supplies,Pen Set,2,181.62,0.15,308.75,164.75,2024,2
ORD-105322,2024-09-07,West,Office Supplies,File Organizer,5,447.0,0.1,2011.5,886.5,2024,9
ORD-100458,2024-06-16,North,Office Supplies,File Organizer,2,441.89,0.1,795.4,345.4,2024,6
ORD-102054,2023-02-01,South,Home & Kitchen,Water Bottle,5,513.12,0.05,2437.32,1437.32,2023,2
ORD-102430,2024-08-01,West,Electronics,Laptop,2,50939.85,0.05,96785.71,15665.71,2024,8
ORD-100250,2024-01-23,East,Home & Kitchen,Mixer Grinder,3,4275.56,0.0,12826.68,4636.68,2024,1
ORD-105245,2024-01-25,North,Office Supplies,Pen Set,4,176.93,0.1,636.95,348.95,2024,1
ORD-101107,2023-04-24,West,Clothing,T-Shirt,7,706.47,0.15,4203.5,1753.5,2023,4
ORD-104985,2023-02-13,West,Furniture,Bookshelf,1,6010.54,0.1,5409.49,1929.49,2023,2
ORD-101713,2024-09-28,West,Office Supplies,Notebook Pack,5,252.07,0.05,1197.33,634.83,2024,9
ORD-103911,2023-07-30,South,Clothing,Jeans,3,1851.83,0.05,5277.72,2307.72,2023,7
ORD-100715,2022-09-04,East,Home & Kitchen,Mixer Grinder,7,4299.05,0.05,28588.68,9478.68,2022,9
ORD-100552,2022-08-30,South,Home & Kitchen,Mixer Grinder,1,4194.29,0.1,3774.86,1044.86,2022,8
ORD-101439,2024-12-13,East,Home & Kitchen,Water Bottle,4,489.42,0.0,1957.68,1157.68,2024,12
ORD-102270,2023-12-28,South,Office Supplies,File Organizer,5,454.66,0.0,2273.3,1148.3,2023,12
ORD-103144,2024-07-31,South,Electronics,Smartphone,2,24641.72,0.1,44355.1,5955.1,2024,7
ORD-105871,2022-12-21,North,Clothing,T-Shirt,6,717.66,0.05,4090.66,1990.66,2022,12
ORD-101925,2022-03-09,West,Furniture,Office Chair,3,7419.78,0.0,22259.34,8309.34,2022,3
ORD-100634,2022-03-12,West,Clothing,Sneakers,7,2986.95,0.0,20908.65,7888.65,2022,3
ORD-100316,2023-04-11,North,Clothing,T-Shirt,3,693.33,0.1,1871.99,821.99,2023,4
ORD-105775,2022-02-25,South,Electronics,Laptop,2,50693.24,0.1,91247.83,10127.83,2022,2
ORD-100427,2024-08-23,South,Office Supplies,Pen Set,6,179.27,0.0,1075.62,643.62,2024,8
ORD-104561,2022-11-05,North,Office Supplies,File Organizer,2,439.19,0.0,878.38,428.38,2022,11
ORD-103041,2024-10-31,West,Electronics,Smartwatch,3,8001.48,0.2,19203.55,3603.55,2024,10
ORD-104238,2023-10-07,South,Office Supplies,Pen Set,6,177.78,0.0,1066.68,634.68,2023,10
ORD-102169,2023-08-31,South,Office Supplies,Pen Set,3,177.84,0.0,533.52,317.52,2023,8
ORD-101709,2022-12-16,East,Clothing,Jeans,7,1845.36,0.1,11625.77,4695.77,2022,12
ORD-100089,2023-08-29,East,Clothing,Jacket,5,3434.54,0.05,16314.07,5814.07,2023,8
ORD-102241,2022-03-28,West,Home & Kitchen,Water Bottle,2,513.65,0.0,1027.3,627.3,2022,3
ORD-103174,2024-02-24,East,Home & Kitchen,Cookware Set,7,3762.1,0.0,26334.7,11704.7,2024,2
ORD-104587,2024-10-22,South,Home & Kitchen,Water Bottle,1,488.45,0.0,488.45,288.45,2024,10
ORD-101949,2024-11-01,North,Home & Kitchen,Cookware Set,5,3877.61,0.05,18418.65,7968.65,2024,11
ORD-104044,2023-08-06,West,Office Supplies,Notebook Pack,6,251.06,0.05,1431.04,756.04,2023,8
ORD-102848,2024-05-30,North,Clothing,Sneakers,1,2942.31,0.05,2795.19,935.19,2024,5
ORD-100001,2023-06-19,North,Electronics,Headphones,4,3431.7,0.0,13726.8,6026.8,2023,6
ORD-104337,2022-02-07,East,Home & Kitchen,Water Bottle,1,485.21,0.05,460.95,260.95,2022,2
ORD-105259,2022-09-15,North,Office Supplies,Notebook Pack,5,255.13,0.1,1148.09,585.59,2022,9
ORD-102720,2023-09-11,West,Clothing,Sneakers,1,3080.68,0.05,2926.65,1066.65,2023,9
ORD-100591,2023-06-30,East,Clothing,Jeans,5,1826.33,0.1,8218.49,3268.49,2023,6
ORD-104608,2022-05-27,North,Home & Kitchen,Water Bottle,3,506.29,0.05,1442.93,842.93,2022,5
ORD-102448,2023-11-17,North,Electronics,Headphones,5,3592.56,0.05,17064.66,7439.66,2023,11
ORD-101576,2024-06-26,West,Home & Kitchen,Cookware Set,5,3687.87,0.0,18439.35,7989.35,2024,6
ORD-105130,2022-12-31,North,Office Supplies,Notebook Pack,5,248.08,0.1,1116.36,553.86,2022,12
ORD-100213,2024-07-07,South,Clothing,T-Shirt,2,714.74,0.0,1429.48,729.48,2024,7
ORD-100778,2024-06-05,South,Office Supplies,Pen Set,7,176.37,0.1,1111.13,607.13,2024,6
ORD-103496,2024-04-06,North,Electronics,Smartphone,3,24609.37,0.1,66445.3,8845.3,2024,4
ORD-105144,2023-02-11,East,Electronics,Smartwatch,2,7968.98,0.0,15937.96,5537.96,2023,2
ORD-102043,2024-11-04,East,Office Supplies,Pen Set,6,183.4,0.0,1100.4,668.4,2024,11
ORD-105574,2023-02-04,South,Home & Kitchen,Mixer Grinder,1,4143.17,0.0,4143.17,1413.17,2023,2
ORD-101567,2022-01-24,North,Clothing,Jeans,1,1748.78,0.05,1661.34,671.34,2022,1
ORD-100165,2023-04-01,North,Clothing,Jeans,5,1776.09,0.05,8436.43,3486.43,2023,4
ORD-103566,2024-09-04,South,Office Supplies,Notebook Pack,7,246.58,0.0,1726.06,938.56,2024,9
ORD-102013,2023-06-22,South,Office Supplies,Pen Set,6,180.83,0.0,1084.98,652.98,2023,6
ORD-100273,2023-11-25,West,Electronics,Laptop,1,51264.88,0.05,48701.64,8141.64,2023,11
ORD-103860,2023-07-25,South,Electronics,Smartwatch,3,7982.81,0.1,21553.59,5953.59,2023,7
ORD-104167,2023-05-10,North,Home & Kitchen,Mixer Grinder,4,4282.96,0.05,16275.25,5355.25,2023,5
ORD-104906,2024-09-23,West,Clothing,Jeans,6,1797.6,0.0,10785.6,4845.6,2024,9
ORD-103788,2023-03-06,North,Furniture,Bookshelf,1,5941.17,0.0,5941.17,2461.17,2023,3
ORD-100394,2022-01-19,North,Clothing,T-Shirt,4,689.9,0.05,2621.62,1221.62,2022,1
ORD-100583,2023-05-04,West,Furniture,Office Chair,1,7647.64,0.1,6882.88,2232.88,2023,5
ORD-105701,2022-05-15,North,Clothing,Sneakers,2,3087.71,0.0,6175.42,2455.42,2022,5
ORD-105881,2022-10-18,East,Home & Kitchen,Mixer Grinder,6,4114.73,0.0,24688.38,8308.38,2022,10
ORD-100520,2024-08-31,West,Home & Kitchen,Water Bottle,2,512.3,0.0,1024.6,624.6,2024,8
ORD-101763,2022-05-06,West,Office Supplies,Notebook Pack,6,253.77,0.15,1294.23,619.23,2022,5
ORD-101875,2024-07-01,East,Electronics,Headphones,6,3396.33,0.05,19359.08,7809.08,2024,7
ORD-103965,2022-05-06,West,Electronics,Laptop,2,52348.01,0.1,94226.42,13106.42,2022,5
ORD-103344,2023-09-01,North,Clothing,Jeans,1,1830.53,0.0,1830.53,840.53,2023,9
ORD-102253,2023-11-21,North,Home & Kitchen,Mixer Grinder,1,4151.87,0.05,3944.28,1214.28,2023,11
ORD-103224,2022-07-08,North,Electronics,Smartphone,1,23530.62,0.0,23530.62,4330.62,2022,7
ORD-100526,2024-11-28,East,Office Supplies,Notebook Pack,7,253.3,0.05,1684.45,896.95,2024,11
ORD-102946,2023-02-02,South,Electronics,Smartphone,2,24207.16,0.1,43572.89,5172.89,2023,2
ORD-104473,2022-03-02,West,Home & Kitchen,Mixer Grinder,5,4180.05,0.0,20900.25,7250.25,2022,3
ORD-103899,2022-09-13,South,Home & Kitchen,Water Bottle,4,495.84,0.05,1884.19,1084.19,2022,9
ORD-100692,2022-10-29,South,Home & Kitchen,Cookware Set,5,3900.79,0.0,19503.95,9053.95,2022,10
ORD-105813,2024-04-06,West,Home & Kitchen,Water Bottle,2,489.63,0.05,930.3,530.3,2024,4
ORD-103633,2023-05-23,South,Office Supplies,Notebook Pack,3,254.79,0.05,726.15,388.65,2023,5
ORD-101050,2024-02-12,East,Home & Kitchen,Water Bottle,1,509.31,0.0,509.31,309.31,2024,2
ORD-100590,2024-11-03,East,Office Supplies,Notebook Pack,3,256.9,0.1,693.63,356.13,2024,11
ORD-100519,2024-07-31,West,Office Supplies,Notebook Pack,5,255.07,0.0,1275.35,712.85,2024,7
ORD-103380,2022-12-19,North,Office Supplies,Pen Set,1,179.2,0.0,179.2,107.2,2022,12
ORD-103676,2023-01-30,North,Clothing,T-Shirt,6,685.54,0.0,4113.24,2013.24,2023,1
ORD-105452,2024-05-09,South,Office Supplies,Pen Set,6,175.83,0.05,1002.23,570.23,2024,5
ORD-101607,2022-11-27,West,Electronics,Smartphone,1,24302.15,0.05,23087.04,3887.04,2022,11
ORD-105868,2022-06-24,North,Furniture,Office Chair,2,7717.36,0.1,13891.25,4591.25,2022,6
ORD-101809,2022-05-01,North,Electronics,Smartphone,1,23782.35,0.2,19025.88,-174.12,2022,5
ORD-100791,2023-05-22,East,Office Supplies,Notebook Pack,6,247.29,0.0,1483.74,808.74,2023,5
ORD-100792,2023-01-24,North,Clothing,Jacket,4,3457.88,0.1,12448.37,4048.37,2023,1
ORD-105665,2024-03-15,East,Clothing,Jeans,4,1848.58,0.05,7024.6,3064.6,2024,3
ORD-101855,2024-12-31,East,Clothing,Sneakers,2,3074.81,0.0,6149.62,2429.62,2024,12
ORD-101980,2024-09-03,West,Office Supplies,Pen Set,2,180.88,0.05,343.67,199.67,2024,9
ORD-103233,2022-05-19,North,Home & Kitchen,Cookware Set,2,3757.66,0.05,7139.55,2959.55,2022,5
ORD-103598,2024-11-22,East,Clothing,Jacket,5,3562.34,0.1,16030.53,5530.53,2024,11
ORD-100933,2024-05-22,North,Clothing,Jeans,4,1785.42,0.0,7141.68,3181.68,2024,5
ORD-103963,2022-12-06,West,Home & Kitchen,Water Bottle,7,488.72,0.0,3421.04,2021.04,2022,12
ORD-105709,2023-12-17,South,Clothing,Jeans,4,1802.45,0.1,6488.82,2528.82,2023,12
ORD-104179,2024-10-11,West,Clothing,Jeans,6,1773.94,0.0,10643.64,4703.64,2024,10
ORD-104026,2024-01-23,West,Home & Kitchen,Water Bottle,2,511.32,0.0,1022.64,622.64,2024,1
ORD-104116,2023-11-23,East,Home & Kitchen,Water Bottle,6,502.4,0.1,2712.96,1512.96,2023,11
ORD-100988,2023-02-26,South,Electronics,Laptop,2,51904.95,0.1,93428.91,12308.91,2023,2
ORD-104741,2022-10-20,South,Clothing,Sneakers,4,2973.05,0.05,11297.59,3857.59,2022,10
ORD-103453,2022-02-22,North,Clothing,Jeans,4,1781.98,0.1,6415.13,2455.13,2022,2
ORD-105613,2024-01-23,East,Clothing,Sneakers,7,2996.11,0.1,18875.49,5855.49,2024,1
ORD-103778,2024-05-20,South,Clothing,Jeans,1,1838.81,0.2,1471.05,481.05,2024,5
ORD-105155,2022-01-06,West,Electronics,Smartphone,3,23621.06,0.0,70863.18,13263.18,2022,1
ORD-103155,2023-02-12,West,Home & Kitchen,Water Bottle,4,509.95,0.1,1835.82,1035.82,2023,2
ORD-103201,2024-10-30,South,Home & Kitchen,Water Bottle,4,510.42,0.05,1939.6,1139.6,2024,10
ORD-104959,2024-04-04,West,Home & Kitchen,Water Bottle,7,502.04,0.1,3162.85,1762.85,2024,4
ORD-101098,2024-09-04,South,Office Supplies,Notebook Pack,2,256.43,0.0,512.86,287.86,2024,9
ORD-105105,2023-07-03,East,Furniture,Office Chair,3,7669.24,0.2,18406.18,4456.18,2023,7
ORD-102844,2022-10-04,East,Clothing,Sneakers,2,3008.34,0.05,5715.85,1995.85,2022,10
ORD-100886,2023-04-28,South,Office Supplies,Pen Set,2,182.63,0.0,365.26,221.26,2023,4
ORD-104766,2024-02-01,East,Office Supplies,Notebook Pack,1,243.67,0.0,243.67,131.17,2024,2
ORD-100515,2022-08-20,North,Office Supplies,Printer,2,9030.36,0.05,17157.68,3657.68,2022,8
ORD-105672,2023-03-21,North,Office Supplies,Printer,1,9113.35,0.0,9113.35,2363.35,2023,3
ORD-101453,2024-11-20,South,Clothing,T-Shirt,3,699.5,0.0,2098.5,1048.5,2024,11
ORD-103553,2023-09-19,East,Electronics,Headphones,3,3498.2,0.0,10494.6,4719.6,2023,9
ORD-103609,2022-10-20,South,Office Supplies,Pen Set,5,180.26,0.1,811.17,451.17,2022,10
ORD-102506,2024-11-13,West,Clothing,T-Shirt,1,712.65,0.15,605.75,255.75,2024,11
ORD-102994,2023-10-31,East,Office Supplies,Pen Set,5,184.31,0.0,921.55,561.55,2023,10
ORD-103999,2022-08-29,North,Office Supplies,File Organizer,7,438.21,0.05,2914.1,1339.1,2022,8
ORD-105827,2022-11-11,North,Furniture,Office Chair,2,7520.73,0.1,13537.31,4237.31,2022,11
ORD-100906,2023-08-23,North,Clothing,Sneakers,6,2978.71,0.1,16085.03,4925.03,2023,8
ORD-100028,2022-07-27,South,Home & Kitchen,Water Bottle,1,503.27,0.0,503.27,303.27,2022,7
ORD-102507,2024-11-11,West,Office Supplies,Notebook Pack,2,255.85,0.05,486.11,261.11,2024,11
ORD-102428,2023-12-30,North,Home & Kitchen,Water Bottle,6,492.81,0.2,2365.49,1165.49,2023,12
ORD-100762,2022-03-11,South,Home & Kitchen,Cookware Set,7,3711.91,0.0,25983.37,11353.37,2022,3
ORD-100686,2023-05-29,West,Home & Kitchen,Water Bottle,5,511.94,0.1,2303.73,1303.73,2023,5
ORD-104945,2024-07-04,West,Home & Kitchen,Water Bottle,1,499.72,0.0,499.72,299.72,2024,7
ORD-105277,2024-04-09,South,Electronics,Headphones,5,3434.16,0.15,14595.18,4970.18,2024,4
ORD-100021,2023-03-13,South,Home & Kitchen,Cookware Set,5,3812.91,0.2,15251.64,4801.64,2023,3
ORD-102752,2024-08-11,North,Clothing,Sneakers,4,3018.34,0.0,12073.36,4633.36,2024,8
ORD-100885,2023-04-08,East,Home & Kitchen,Water Bottle,5,509.87,0.0,2549.35,1549.35,2023,4
ORD-100917,2022-07-06,East,Clothing,Jeans,5,1827.22,0.0,9136.1,4186.1,2022,7
ORD-101040,2022-05-08,North,Clothing,Jeans,1,1790.34,0.0,1790.34,800.34,2022,5
ORD-101265,2024-07-10,West,Electronics,Smartphone,3,23461.48,0.0,70384.44,12784.44,2024,7
ORD-104579,2022-04-16,West,Electronics,Headphones,2,3416.46,0.05,6491.27,2641.27,2022,4
ORD-100277,2023-09-02,West,Clothing,Jeans,5,1752.69,0.0,8763.45,3813.45,2023,9
ORD-102084,2024-02-20,South,Electronics,Headphones,4,3453.71,0.0,13814.84,6114.84,2024,2
ORD-101245,2022-11-27,North,Home & Kitchen,Water Bottle,5,500.65,0.15,2127.76,1127.76,2022,11
ORD-102382,2022-07-22,South,Electronics,Headphones,7,3518.14,0.0,24626.98,11151.98,2022,7
ORD-100571,2024-08-18,East,Clothing,T-Shirt,2,698.59,0.05,1327.32,627.32,2024,8
ORD-101435,2024-12-12,North,Office Supplies,Pen Set,3,183.23,0.0,549.69,333.69,2024,12
ORD-103902,2024-03-24,North,Clothing,Jacket,4,3459.62,0.1,12454.63,4054.63,2024,3
ORD-101247,2022-09-29,South,Furniture,Study Desk,1,9236.26,0.05,8774.45,3074.45,2022,9
ORD-103526,2022-05-30,North,Office Supplies,File Organizer,7,461.32,0.2,2583.39,1008.39,2022,5
ORD-102514,2022-10-27,West,Office Supplies,Pen Set,2,175.3,0.2,280.48,136.48,2022,10
ORD-101007,2023-01-26,West,Electronics,Smartphone,2,24249.19,0.05,46073.46,7673.46,2023,1
ORD-105321,2024-01-02,North,Office Supplies,Notebook Pack,1,256.12,0.05,243.31,130.81,2024,1
ORD-102064,2023-06-02,South,Home & Kitchen,Water Bottle,2,502.39,0.0,1004.78,604.78,2023,6
ORD-104851,2024-04-22,West,Office Supplies,Pen Set,5,177.12,0.05,841.32,481.32,2024,4
ORD-101690,2024-06-19,East,Electronics,Smartphone,1,24002.7,0.0,24002.7,4802.7,2024,6
ORD-101985,2024-11-02,West,Furniture,Study Desk,2,9522.15,0.1,17139.87,5739.87,2024,11
ORD-100294,2024-08-17,North,Electronics,Headphones,7,3396.31,0.0,23774.17,10299.17,2024,8
ORD-101547,2024-05-13,West,Electronics,Smartphone,3,23911.11,0.0,71733.33,14133.33,2024,5
ORD-102012,2022-07-09,West,Clothing,Jeans,4,1794.38,0.0,7177.52,3217.52,2022,7
ORD-100588,2022-09-12,North,Home & Kitchen,Air Fryer,1,6346.28,0.0,6346.28,1926.28,2022,9
ORD-103329,2022-10-17,East,Clothing,T-Shirt,2,715.15,0.05,1358.78,658.78,2022,10
ORD-102403,2024-10-06,West,Home & Kitchen,Mixer Grinder,5,4100.97,0.05,19479.61,5829.61,2024,10
ORD-103998,2023-02-22,East,Office Supplies,Pen Set,3,180.18,0.0,540.54,324.54,2023,2
ORD-105379,2024-08-02,West,Office Supplies,Notebook Pack,6,255.47,0.0,1532.82,857.82,2024,8
ORD-103741,2022-09-09,East,Office Supplies,Pen Set,4,182.69,0.1,657.68,369.68,2022,9
ORD-103508,2024-02-28,South,Clothing,Jacket,6,3446.73,0.0,20680.38,8080.38,2024,2
ORD-102719,2023-10-25,West,Electronics,Smartphone,1,24393.3,0.0,24393.3,5193.3,2023,10
ORD-104521,2023-05-21,North,Clothing,Sneakers,5,3081.17,0.0,15405.85,6105.85,2023,5
ORD-105597,2023-05-21,North,Office Supplies,Printer,3,9181.97,0.0,27545.91,7295.91,2023,5
ORD-105603,2024-10-20,South,Home & Kitchen,Water Bottle,2,506.86,0.0,1013.72,613.72,2024,10
ORD-100556,2022-12-24,South,Home & Kitchen,Air Fryer,3,6313.94,0.15,16100.55,2840.55,2022,12
ORD-102469,2023-02-21,West,Office Supplies,Pen Set,2,181.32,0.05,344.51,200.51,2023,2
ORD-103738,2024-06-29,North,Clothing,T-Shirt,2,706.3,0.1,1271.34,571.34,2024,6
ORD-104286,2024-10-20,North,Home & Kitchen,Cookware Set,3,3776.96,0.0,11330.88,5060.88,2024,10
ORD-105058,2023-12-05,West,Home & Kitchen,Water Bottle,7,505.18,0.05,3359.45,1959.45,2023,12
ORD-101716,2023-02-19,North,Clothing,T-Shirt,4,696.82,0.0,2787.28,1387.28,2023,2
ORD-102604,2022-02-17,South,Clothing,Jeans,5,1769.43,0.05,8404.79,3454.79,2022,2
ORD-105069,2023-09-01,South,Office Supplies,Pen Set,3,181.37,0.15,462.49,246.49,2023,9
ORD-101704,2023-07-30,South,Office Supplies,Pen Set,7,182.77,0.15,1087.48,583.48,2023,7
ORD-102139,2024-08-18,West,Office Supplies,Notebook Pack,7,252.5,0.0,1767.5,980.0,2024,8
ORD-104311,2024-07-01,East,Office Supplies,File Organizer,5,452.49,0.1,2036.2,911.2,2024,7
ORD-101285,2024-11-07,West,Home & Kitchen,Water Bottle,1,514.58,0.0,514.58,314.58,2024,11
ORD-105231,2024-10-24,West,Home & Kitchen,Water Bottle,1,488.66,0.0,488.66,288.66,2024,10
ORD-103930,2023-10-02,North,Electronics,Smartphone,2,23365.73,0.15,39721.74,1321.74,2023,10
ORD-104649,2023-07-18,East,Office Supplies,Notebook Pack,2,246.96,0.1,444.53,219.53,2023,7
ORD-101591,2022-03-25,North,Home & Kitchen,Cookware Set,3,3839.27,0.05,10941.92,4671.92,2022,3
ORD-105443,2024-04-30,North,Electronics,Smartphone,2,24249.5,0.1,43649.1,5249.1,2024,4
ORD-102162,2023-04-27,West,Office Supplies,Notebook Pack,4,256.85,0.15,873.29,423.29,2023,4
ORD-102396,2022-11-20,South,Clothing,T-Shirt,2,680.29,0.0,1360.58,660.58,2022,11
ORD-100317,2024-03-04,North,Clothing,Jacket,7,3482.21,0.0,24375.47,9675.47,2024,3
ORD-105517,2022-09-14,South,Office Supplies,Pen Set,5,181.45,0.1,816.52,456.52,2022,9
ORD-103111,2022-11-18,North,Office Supplies,Pen Set,4,178.15,0.05,676.97,388.97,2022,11
ORD-104036,2023-01-18,South,Home & Kitchen,Cookware Set,1,3756.71,0.0,3756.71,1666.71,2023,1
ORD-100795,2023-03-03,South,Clothing,T-Shirt,1,713.23,0.0,713.23,363.23,2023,3
ORD-103020,2023-04-27,South,Office Supplies,Notebook Pack,2,248.13,0.0,496.26,271.26,2023,4
ORD-101711,2023-04-15,North,Clothing,Sneakers,3,3065.36,0.0,9196.08,3616.08,2023,4
ORD-103387,2024-11-17,South,Home & Kitchen,Mixer Grinder,4,4175.25,0.05,15865.95,4945.95,2024,11
ORD-100036,2022-06-26,West,Home & Kitchen,Water Bottle,7,504.92,0.0,3534.44,2134.44,2022,6
ORD-104549,2022-12-16,South,Clothing,T-Shirt,5,712.23,0.15,3026.98,1276.98,2022,12
ORD-100913,2024-12-19,North,Clothing,Jacket,3,3591.93,0.0,10775.79,4475.79,2024,12
ORD-103972,2023-09-22,East,Home & Kitchen,Water Bottle,5,499.26,0.05,2371.49,1371.49,2023,9
ORD-104133,2023-09-09,North,Home & Kitchen,Air Fryer,1,6601.3,0.05,6271.23,1851.23,2023,9
ORD-100974,2023-01-29,West,Clothing,T-Shirt,3,718.74,0.1,1940.6,890.6,2023,1
ORD-100983,2023-07-24,North,Clothing,Sneakers,4,3079.47,0.1,11086.09,3646.09,2023,7
ORD-105017,2023-08-13,West,Office Supplies,Pen Set,7,179.11,0.05,1191.08,687.08,2023,8
ORD-101418,2024-10-11,South,Office Supplies,Pen Set,4,181.07,0.1,651.85,363.85,2024,10
ORD-101560,2024-12-31,North,Home & Kitchen,Water Bottle,7,492.5,0.2,2758.0,1358.0,2024,12
ORD-104135,2022-01-31,South,Furniture,Study Desk,3,9424.38,0.05,26859.48,9759.48,2022,1
ORD-104901,2022-12-20,North,Office Supplies,Notebook Pack,7,250.33,0.05,1664.69,877.19,2022,12
ORD-104265,2023-09-11,South,Office Supplies,Pen Set,1,184.76,0.2,147.81,75.81,2023,9
ORD-101355,2022-02-05,East,Office Supplies,Pen Set,6,181.22,0.0,1087.32,655.32,2022,2
ORD-100987,2022-03-14,South,Electronics,Smartphone,2,24645.17,0.1,44361.31,5961.31,2022,3
ORD-102682,2022-07-26,South,Clothing,Sneakers,4,3060.34,0.0,12241.36,4801.36,2022,7
ORD-101640,2024-05-16,West,Electronics,Smartphone,1,24321.87,0.0,24321.87,5121.87,2024,5
ORD-101290,2023-07-16,South,Office Supplies,Pen Set,2,180.92,0.05,343.75,199.75,2023,7
ORD-103681,2022-08-17,East,Electronics,Laptop,2,53183.99,0.0,106367.98,25247.98,2022,8
ORD-101380,2023-06-10,West,Office Supplies,Pen Set,4,182.04,0.0,728.16,440.16,2023,6
ORD-101933,2024-07-14,East,Furniture,Office Chair,3,7370.11,0.15,18793.78,4843.78,2024,7
ORD-104675,2022-07-12,South,Clothing,T-Shirt,7,685.0,0.15,4075.75,1625.75,2022,7
ORD-105171,2023-12-25,East,Clothing,Jacket,6,3540.84,0.05,20182.79,7582.79,2023,12
ORD-103160,2024-12-17,West,Office Supplies,Notebook Pack,3,251.23,0.15,640.64,303.14,2024,12
ORD-102030,2022-02-02,West,Clothing,T-Shirt,5,706.78,0.05,3357.2,1607.2,2022,2
ORD-100892,2022-11-06,South,Electronics,Smartphone,1,24430.5,0.05,23208.97,4008.97,2022,11
ORD-104069,2022-08-30,South,Electronics,Headphones,3,3535.7,0.1,9546.39,3771.39,2022,8
ORD-104255,2022-04-10,East,Office Supplies,Notebook Pack,5,252.96,0.15,1075.08,512.58,2022,4
ORD-100002,2024-09-02,West,Clothing,T-Shirt,3,711.07,0.05,2026.55,976.55,2024,9
ORD-102109,2022-08-07,North,Clothing,T-Shirt,5,696.54,0.1,3134.43,1384.43,2022,8
ORD-100849,2024-12-01,North,Home & Kitchen,Water Bottle,6,497.97,0.1,2689.04,1489.04,2024,12
ORD-102737,2023-10-01,West,Office Supplies,Notebook Pack,4,249.2,0.1,897.12,447.12,2023,10
ORD-102466,2024-08-01,North,Office Supplies,Pen Set,5,178.08,0.15,756.84,396.84,2024,8
ORD-101914,2022-07-22,West,Home & Kitchen,Cookware Set,6,3812.75,0.1,20588.85,8048.85,2022,7
ORD-101596,2022-09-13,North,Office Supplies,Notebook Pack,6,243.55,0.05,1388.24,713.24,2022,9
ORD-101913,2023-10-18,South,Home & Kitchen,Cookware Set,5,3749.48,0.1,16872.66,6422.66,2023,10
ORD-105928,2024-09-21,West,Clothing,Jacket,1,3570.75,0.05,3392.21,1292.21,2024,9
ORD-102736,2022-08-30,North,Clothing,T-Shirt,2,710.05,0.05,1349.09,649.09,2022,8
ORD-100726,2022-11-09,North,Electronics,Smartphone,1,24144.66,0.15,20522.96,1322.96,2022,11
ORD-100053,2024-02-08,North,Furniture,Sofa Set,3,31063.97,0.0,93191.91,25991.91,2024,2
ORD-101796,2023-11-05,West,Office Supplies,Notebook Pack,3,254.86,0.0,764.58,427.08,2023,11
ORD-103845,2023-09-07,North,Clothing,T-Shirt,1,702.68,0.2,562.14,212.14,2023,9
ORD-102553,2024-11-21,East,Clothing,Jacket,6,3430.35,0.2,16465.68,3865.68,2024,11
ORD-102800,2024-12-30,North,Furniture,Office Chair,1,7604.16,0.1,6843.74,2193.74,2024,12
ORD-100936,2024-11-14,West,Home & Kitchen,Cookware Set,2,3867.09,0.15,6574.05,2394.05,2024,11
ORD-105067,2023-03-16,North,Office Supplies,Pen Set,2,177.55,0.15,301.84,157.84,2023,3
ORD-100824,2024-08-10,West,Clothing,T-Shirt,6,707.96,0.05,4035.37,1935.37,2024,8
ORD-104321,2023-10-20,East,Office Supplies,File Organizer,3,443.8,0.05,1264.83,589.83,2023,10
ORD-103401,2024-08-08,West,Clothing,Jeans,1,1845.88,0.0,1845.88,855.88,2024,8
ORD-101389,2022-03-08,West,Furniture,Sofa Set,1,31211.8,0.0,31211.8,8811.8,2022,3
ORD-103564,2024-12-10,East,Clothing,Jeans,4,1804.31,0.05,6856.38,2896.38,2024,12
ORD-100884,2022-09-19,East,Home & Kitchen,Water Bottle,4,513.72,0.1,1849.39,1049.39,2022,9
ORD-101868,2023-09-29,East,Clothing,T-Shirt,5,689.02,0.1,3100.59,1350.59,2023,9
ORD-103415,2022-10-26,South,Clothing,T-Shirt,5,719.52,0.05,3417.72,1667.72,2022,10
ORD-101463,2023-01-28,West,Home & Kitchen,Cookware Set,1,3747.57,0.05,3560.19,1470.19,2023,1
ORD-100806,2024-03-12,South,Office Supplies,File Organizer,4,446.76,0.15,1518.98,618.98,2024,3
ORD-104830,2023-11-27,North,Clothing,Sneakers,7,2949.72,0.1,18583.24,5563.24,2023,11
ORD-104068,2024-10-20,West,Furniture,Bookshelf,1,6032.89,0.05,5731.25,2251.25,2024,10
ORD-102108,2023-02-25,West,Clothing,T-Shirt,5,711.78,0.0,3558.9,1808.9,2023,2
ORD-102234,2024-05-10,North,Home & Kitchen,Cookware Set,7,3896.75,0.0,27277.25,12647.25,2024,5
ORD-100963,2022-06-21,South,Office Supplies,Pen Set,4,175.18,0.15,595.61,307.61,2022,6
ORD-104494,2022-12-04,South,Home & Kitchen,Cookware Set,1,3877.75,0.15,3296.09,1206.09,2022,12
ORD-102632,2024-10-02,East,Electronics,Laptop,3,50538.01,0.05,144033.33,22353.33,2024,10
ORD-100704,2022-12-15,North,Office Supplies,Pen Set,1,181.77,0.0,181.77,109.77,2022,12
ORD-104388,2024-04-10,South,Electronics,Smartwatch,1,7823.73,0.1,7041.36,1841.36,2024,4
ORD-100145,2022-11-29,North,Clothing,Jeans,5,1838.29,0.1,8272.31,3322.31,2022,11
ORD-102033,2023-05-30,East,Office Supplies,Notebook Pack,5,252.67,0.0,1263.35,700.85,2023,5
ORD-105156,2023-02-03,West,Home & Kitchen,Cookware Set,3,3906.52,0.0,11719.56,5449.56,2023,2
ORD-101165,2024-09-04,North,Office Supplies,Pen Set,5,175.7,0.0,878.5,518.5,2024,9
ORD-103500,2023-05-22,South,Clothing,Jeans,5,1825.43,0.05,8670.79,3720.79,2023,5
ORD-102050,2024-12-22,West,Office Supplies,Pen Set,3,182.13,0.0,546.39,330.39,2024,12
ORD-103760,2024-12-22,North,Home & Kitchen,Cookware Set,4,3860.17,0.15,13124.58,4764.58,2024,12
ORD-102624,2023-11-07,West,Office Supplies,Notebook Pack,2,247.48,0.1,445.46,220.46,2023,11
ORD-104484,2024-09-08,South,Office Supplies,Notebook Pack,7,256.23,0.0,1793.61,1006.11,2024,9
ORD-104435,2023-11-03,East,Home & Kitchen,Water Bottle,6,495.54,0.2,2378.59,1178.59,2023,11
ORD-104763,2023-09-06,West,Home & Kitchen,Mixer Grinder,4,4177.26,0.05,15873.59,4953.59,2023,9
ORD-104361,2023-10-12,North,Clothing,T-Shirt,6,705.05,0.05,4018.78,1918.78,2023,10
ORD-102424,2024-10-12,North,Office Supplies,Notebook Pack,4,256.68,0.2,821.38,371.38,2024,10
ORD-101262,2023-02-01,West,Clothing,T-Shirt,3,697.32,0.0,2091.96,1041.96,2023,2
ORD-101771,2024-06-06,South,Electronics,Headphones,3,3416.54,0.1,9224.66,3449.66,2024,6
ORD-103511,2024-03-27,North,Office Supplies,Pen Set,3,176.1,0.05,501.88,285.88,2024,3
ORD-100271,2022-08-22,North,Furniture,Bookshelf,2,6123.69,0.0,12247.38,5287.38,2022,8
ORD-100244,2023-12-08,North,Furniture,Office Chair,3,7558.78,0.0,22676.34,8726.34,2023,12
ORD-102032,2023-03-01,North,Clothing,T-Shirt,2,699.41,0.0,1398.82,698.82,2023,3
ORD-104855,2024-11-21,South,Office Supplies,Notebook Pack,6,252.25,0.0,1513.5,838.5,2024,11
ORD-100813,2023-11-19,North,Electronics,Headphones,3,3439.01,0.05,9801.18,4026.18,2023,11
ORD-103810,2023-11-04,West,Office Supplies,Notebook Pack,6,243.83,0.15,1243.53,568.53,2023,11
ORD-104991,2024-08-29,North,Clothing,Jacket,3,3445.42,0.2,8269.01,1969.01,2024,8
ORD-101804,2024-02-20,West,Furniture,Sofa Set,3,32369.51,0.0,97108.53,29908.53,2024,2
ORD-104346,2024-05-28,West,Clothing,T-Shirt,5,697.71,0.1,3139.7,1389.7,2024,5
ORD-100545,2023-06-30,East,Home & Kitchen,Air Fryer,1,6482.85,0.0,6482.85,2062.85,2023,6
ORD-100738,2023-04-28,East,Clothing,Sneakers,4,3051.94,0.0,12207.76,4767.76,2023,4
ORD-100310,2023-08-03,West,Electronics,Smartwatch,1,7931.13,0.0,7931.13,2731.13,2023,8
ORD-103521,2024-09-12,North,Clothing,Jeans,2,1779.97,0.1,3203.95,1223.95,2024,9
ORD-101131,2023-09-16,South,Clothing,Jeans,7,1759.45,0.1,11084.53,4154.53,2023,9
ORD-104111,2024-08-01,West,Office Supplies,Notebook Pack,7,256.75,0.15,1527.66,740.16,2024,8
ORD-100920,2022-05-15,South,Clothing,Sneakers,5,3026.43,0.1,13618.93,4318.93,2022,5
ORD-103587,2023-08-10,North,Office Supplies,File Organizer,1,458.86,0.0,458.86,233.86,2023,8
ORD-103959,2023-04-30,East,Office Supplies,Notebook Pack,6,242.97,0.0,1457.82,782.82,2023,4
ORD-100038,2022-10-21,South,Furniture,Bookshelf,1,6133.28,0.05,5826.62,2346.62,2022,10
ORD-104278,2022-12-21,West,Electronics,Smartphone,1,23616.83,0.1,21255.15,2055.15,2022,12
ORD-102983,2023-12-08,West,Home & Kitchen,Mixer Grinder,1,4295.91,0.05,4081.11,1351.11,2023,12
ORD-102667,2022-04-10,South,Clothing,Jeans,1,1841.5,0.05,1749.42,759.42,2022,4
ORD-103223,2024-03-14,West,Clothing,Jeans,6,1790.92,0.05,10208.24,4268.24,2024,3
ORD-101182,2022-04-30,South,Clothing,Jeans,6,1764.64,0.15,8999.66,3059.66,2022,4
ORD-100614,2022-12-20,West,Home & Kitchen,Water Bottle,1,493.19,0.05,468.53,268.53,2022,12
ORD-101466,2023-06-15,North,Furniture,Bookshelf,1,6160.09,0.0,6160.09,2680.09,2023,6
ORD-104497,2023-08-21,North,Clothing,Jeans,5,1791.02,0.05,8507.34,3557.34,2023,8
ORD-103042,2024-05-27,West,Office Supplies,Pen Set,2,177.07,0.0,354.14,210.14,2024,5
ORD-100934,2024-06-04,North,Clothing,Jeans,2,1780.4,0.1,3204.72,1224.72,2024,6
ORD-102419,2024-11-06,North,Electronics,Headphones,3,3441.98,0.2,8260.75,2485.75,2024,11
ORD-105546,2024-12-09,South,Clothing,T-Shirt,1,693.77,0.0,693.77,343.77,2024,12
ORD-104979,2024-10-23,North,Clothing,T-Shirt,6,715.86,0.2,3436.13,1336.13,2024,10
ORD-100826,2023-11-29,South,Electronics,Laptop,2,50975.1,0.1,91755.18,10635.18,2023,11
ORD-101521,2023-09-30,West,Office Supplies,Pen Set,1,177.54,0.05,168.66,96.66,2023,9
ORD-104232,2024-04-23,North,Office Supplies,Notebook Pack,5,242.84,0.15,1032.07,469.57,2024,4
ORD-100628,2023-10-24,West,Furniture,Study Desk,1,9555.96,0.05,9078.16,3378.16,2023,10
ORD-103853,2023-04-25,South,Electronics,Smartwatch,1,8116.95,0.0,8116.95,2916.95,2023,4
ORD-100390,2024-01-05,East,Electronics,Headphones,6,3479.72,0.0,20878.32,9328.32,2024,1
ORD-105996,2023-11-15,South,Electronics,Smartphone,2,24109.99,0.1,43397.98,4997.98,2023,11
ORD-103990,2024-12-15,North,Office Supplies,Notebook Pack,7,255.68,0.05,1700.27,912.77,2024,12
ORD-100400,2023-01-03,East,Electronics,Smartwatch,1,7983.8,0.0,7983.8,2783.8,2023,1
ORD-103359,2024-02-11,West,Electronics,Smartphone,2,23368.5,0.0,46737.0,8337.0,2024,2
ORD-100046,2023-04-21,North,Office Supplies,Pen Set,1,176.45,0.1,158.81,86.81,2023,4
ORD-105895,2024-06-09,South,Electronics,Smartwatch,3,8076.8,0.0,24230.4,8630.4,2024,6
ORD-103642,2024-07-20,North,Home & Kitchen,Cookware Set,5,3800.4,0.0,19002.0,8552.0,2024,7
ORD-103726,2024-12-01,North,Office Supplies,Notebook Pack,5,252.28,0.0,1261.4,698.9,2024,12
ORD-105968,2023-12-21,West,Office Supplies,File Organizer,3,463.35,0.0,1390.05,715.05,2023,12
ORD-102421,2022-09-20,West,Home & Kitchen,Mixer Grinder,6,4282.26,0.1,23124.2,6744.2,2022,9
ORD-105942,2022-07-19,West,Office Supplies,Notebook Pack,1,252.97,0.05,240.32,127.82,2022,7
ORD-105032,2022-03-09,East,Home & Kitchen,Water Bottle,7,499.56,0.1,3147.23,1747.23,2022,3
ORD-104062,2022-08-05,East,Home & Kitchen,Mixer Grinder,2,4307.42,0.15,7322.61,1862.61,2022,8
ORD-100338,2022-04-28,North,Electronics,Smartwatch,3,8046.09,0.0,24138.27,8538.27,2022,4
ORD-100215,2024-04-30,West,Electronics,Smartwatch,2,7831.09,0.15,13312.85,2912.85,2024,4
ORD-103663,2024-02-26,North,Home & Kitchen,Mixer Grinder,3,4138.46,0.1,11173.84,2983.84,2024,2
ORD-101341,2024-07-15,North,Office Supplies,Notebook Pack,2,255.52,0.05,485.49,260.49,2024,7
ORD-105620,2023-06-24,South,Clothing,Sneakers,3,2969.46,0.0,8908.38,3328.38,2023,6
ORD-103894,2024-11-01,South,Clothing,T-Shirt,5,685.65,0.15,2914.01,1164.01,2024,11
ORD-103640,2022-12-09,South,Clothing,Jacket,7,3418.07,0.1,21533.84,6833.84,2022,12
ORD-100329,2022-12-20,West,Office Supplies,Notebook Pack,4,248.46,0.1,894.46,444.46,2022,12
ORD-103004,2022-04-28,South,Electronics,Laptop,3,51173.47,0.05,145844.39,24164.39,2022,4
ORD-105872,2022-06-13,West,Clothing,Jeans,2,1769.89,0.0,3539.78,1559.78,2022,6
ORD-103115,2023-12-31,South,Home & Kitchen,Air Fryer,2,6617.97,0.05,12574.14,3734.14,2023,12
ORD-105945,2022-11-27,North,Clothing,Jeans,4,1767.26,0.1,6362.14,2402.14,2022,11
ORD-102322,2023-05-09,South,Electronics,Smartphone,1,23338.65,0.0,23338.65,4138.65,2023,5
ORD-104197,2024-09-29,East,Clothing,Jeans,5,1782.17,0.0,8910.85,3960.85,2024,9
ORD-103549,2024-08-26,North,Electronics,Smartwatch,2,7949.61,0.1,14309.3,3909.3,2024,8
ORD-101458,2024-11-18,West,Electronics,Headphones,6,3409.85,0.05,19436.14,7886.14,2024,11
ORD-100171,2023-09-14,West,Office Supplies,Pen Set,6,178.84,0.1,965.74,533.74,2023,9
ORD-104203,2023-12-15,West,Office Supplies,File Organizer,4,458.22,0.05,1741.24,841.24,2023,12
ORD-105146,2024-10-08,East,Electronics,Headphones,4,3572.45,0.0,14289.8,6589.8,2024,10
ORD-103569,2023-01-09,East,Clothing,Jeans,7,1795.56,0.0,12568.92,5638.92,2023,1
ORD-104226,2023-12-05,North,Clothing,Jacket,1,3510.55,0.0,3510.55,1410.55,2023,12
ORD-105062,2023-01-03,East,Furniture,Sofa Set,1,31580.45,0.1,28422.41,6022.41,2023,1
ORD-100938,2024-10-08,West,Electronics,Smartphone,1,23585.75,0.0,23585.75,4385.75,2024,10
ORD-100060,2024-02-12,West,Clothing,Jeans,6,1751.98,0.1,9460.69,3520.69,2024,2
ORD-101240,2024-09-04,North,Clothing,T-Shirt,2,707.37,0.0,1414.74,714.74,2024,9
ORD-105135,2023-08-28,North,Home & Kitchen,Water Bottle,3,509.23,0.0,1527.69,927.69,2023,8
ORD-102120,2022-12-06,West,Office Supplies,Pen Set,3,183.37,0.15,467.59,251.59,2022,12
ORD-101524,2024-03-28,East,Furniture,Office Chair,2,7648.2,0.15,13001.94,3701.94,2024,3
ORD-100153,2023-10-23,West,Office Supplies,Notebook Pack,3,246.86,0.05,703.55,366.05,2023,10
ORD-100481,2022-10-12,South,Office Supplies,Pen Set,2,178.12,0.0,356.24,212.24,2022,10
ORD-104460,2023-05-30,North,Home & Kitchen,Water Bottle,5,491.55,0.0,2457.75,1457.75,2023,5
ORD-103920,2022-10-12,East,Furniture,Study Desk,2,9687.16,0.1,17436.89,6036.89,2022,10
ORD-101762,2022-10-06,East,Office Supplies,Notebook Pack,7,254.69,0.1,1604.55,817.05,2022,10
ORD-100750,2022-11-23,East,Electronics,Laptop,1,52816.18,0.05,50175.37,9615.37,2022,11
ORD-101785,2024-08-16,North,Home & Kitchen,Water Bottle,2,512.78,0.0,1025.56,625.56,2024,8
ORD-104501,2023-07-08,South,Electronics,Smartphone,3,24302.1,0.0,72906.3,15306.3,2023,7
ORD-102711,2022-11-10,South,Electronics,Headphones,5,3589.07,0.0,17945.35,8320.35,2022,11
ORD-104967,2023-01-25,North,Home & Kitchen,Water Bottle,7,511.36,0.05,3400.54,2000.54,2023,1
ORD-104193,2024-08-09,North,Office Supplies,Printer,3,8801.42,0.1,23763.83,3513.83,2024,8
ORD-101333,2024-12-04,South,Clothing,Jeans,2,1825.86,0.05,3469.13,1489.13,2024,12
ORD-105468,2023-09-18,North,Home & Kitchen,Mixer Grinder,7,4218.79,0.0,29531.53,10421.53,2023,9
ORD-102854,2024-05-20,East,Clothing,T-Shirt,1,681.51,0.0,681.51,331.51,2024,5
ORD-101136,2023-07-15,West,Electronics,Headphones,3,3579.25,0.0,10737.75,4962.75,2023,7
ORD-102058,2022-06-27,North,Clothing,Jacket,3,3476.68,0.1,9387.04,3087.04,2022,6
ORD-105148,2024-10-07,North,Electronics,Headphones,5,3502.87,0.1,15762.91,6137.91,2024,10
ORD-100148,2023-06-19,South,Home & Kitchen,Water Bottle,4,491.08,0.05,1866.1,1066.1,2023,6
ORD-104124,2024-12-29,East,Electronics,Smartwatch,1,7922.72,0.0,7922.72,2722.72,2024,12
ORD-103363,2023-11-29,North,Office Supplies,File Organizer,2,441.5,0.0,883.0,433.0,2023,11
ORD-104788,2022-07-05,East,Electronics,Smartphone,3,24145.73,0.05,68815.33,11215.33,2022,7
ORD-102866,2023-05-17,South,Electronics,Headphones,6,3577.6,0.05,20392.32,8842.32,2023,5
ORD-103776,2024-03-24,North,Electronics,Headphones,1,3523.61,0.0,3523.61,1598.61,2024,3
ORD-101386,2024-03-25,West,Clothing,T-Shirt,5,681.24,0.05,3235.89,1485.89,2024,3
ORD-105810,2023-09-13,West,Home & Kitchen,Water Bottle,4,503.69,0.05,1914.02,1114.02,2023,9
ORD-105085,2023-05-21,South,Home & Kitchen,Water Bottle,4,497.12,0.05,1889.06,1089.06,2023,5
ORD-103629,2022-09-10,West,Clothing,Jeans,1,1771.95,0.1,1594.76,604.76,2022,9
ORD-105966,2024-06-05,South,Clothing,Jacket,3,3521.08,0.05,10035.08,3735.08,2024,6
ORD-104797,2023-08-05,South,Office Supplies,Notebook Pack,1,254.69,0.1,229.22,116.72,2023,8
ORD-103028,2023-12-04,East,Electronics,Laptop,2,52458.49,0.1,94425.28,13305.28,2023,12
ORD-102969,2022-09-02,East,Clothing,T-Shirt,1,702.21,0.0,702.21,352.21,2022,9
ORD-101708,2024-09-19,South,Office Supplies,Pen Set,3,175.73,0.2,421.75,205.75,2024,9
ORD-100454,2022-05-08,East,Clothing,Jeans,2,1750.55,0.1,3150.99,1170.99,2022,5
ORD-100609,2023-06-21,East,Electronics,Laptop,3,53084.18,0.05,151289.91,29609.91,2023,6
ORD-104263,2024-07-21,West,Office Supplies,Notebook Pack,2,251.1,0.0,502.2,277.2,2024,7
ORD-104826,2022-08-27,East,Clothing,Jeans,5,1750.49,0.0,8752.45,3802.45,2022,8
ORD-105207,2024-11-05,East,Clothing,Jeans,6,1813.12,0.05,10334.78,4394.78,2024,11
ORD-102074,2023-04-23,East,Home & Kitchen,Water Bottle,4,500.37,0.05,1901.41,1101.41,2023,4
ORD-104052,2023-10-16,North,Clothing,Jeans,2,1772.7,0.0,3545.4,1565.4,2023,10
ORD-104996,2022-08-14,North,Office Supplies,Pen Set,2,184.5,0.05,350.55,206.55,2022,8
ORD-101622,2024-07-13,West,Electronics,Headphones,2,3528.13,0.05,6703.45,2853.45,2024,7
ORD-104683,2024-04-28,South,Home & Kitchen,Air Fryer,2,6467.71,0.1,11641.88,2801.88,2024,4
ORD-105381,2024-03-16,South,Furniture,Office Chair,2,7625.91,0.1,13726.64,4426.64,2024,3
ORD-102089,2023-07-21,South,Electronics,Headphones,5,3559.44,0.05,16907.34,7282.34,2023,7
ORD-103924,2022-10-02,South,Electronics,Headphones,3,3584.66,0.05,10216.28,4441.28,2022,10
ORD-102175,2023-11-02,North,Home & Kitchen,Cookware Set,2,3763.07,0.0,7526.14,3346.14,2023,11
ORD-100074,2022-03-25,South,Home & Kitchen,Mixer Grinder,5,4179.24,0.05,19851.39,6201.39,2022,3
ORD-104917,2024-02-12,South,Clothing,T-Shirt,7,683.03,0.1,4303.09,1853.09,2024,2
ORD-102657,2023-11-02,South,Office Supplies,File Organizer,3,438.5,0.05,1249.72,574.72,2023,11
ORD-103180,2024-11-11,East,Office Supplies,Pen Set,4,182.72,0.1,657.79,369.79,2024,11
ORD-102076,2024-12-13,North,Electronics,Laptop,1,51807.28,0.05,49216.92,8656.92,2024,12
ORD-100441,2022-07-28,West,Home & Kitchen,Cookware Set,1,3708.02,0.1,3337.22,1247.22,2022,7
ORD-102051,2022-01-25,South,Clothing,Sneakers,2,2950.19,0.05,5605.36,1885.36,2022,1
ORD-102541,2023-06-17,South,Electronics,Laptop,2,51976.0,0.05,98754.4,17634.4,2023,6
ORD-103430,2023-10-30,North,Office Supplies,File Organizer,7,440.19,0.1,2773.2,1198.2,2023,10
ORD-100236,2023-07-22,North,Office Supplies,Pen Set,4,176.33,0.1,634.79,346.79,2023,7
ORD-105121,2023-01-10,North,Clothing,T-Shirt,1,712.93,0.05,677.28,327.28,2023,1
ORD-102599,2024-11-22,East,Office Supplies,Pen Set,6,179.53,0.15,915.6,483.6,2024,11
ORD-104616,2022-07-04,North,Office Supplies,Notebook Pack,2,256.52,0.05,487.39,262.39,2022,7
ORD-102573,2024-07-31,South,Office Supplies,Pen Set,6,177.72,0.15,906.37,474.37,2024,7
ORD-103280,2024-02-08,North,Home & Kitchen,Water Bottle,2,511.46,0.2,818.34,418.34,2024,2
ORD-102768,2024-08-15,South,Clothing,T-Shirt,5,698.75,0.0,3493.75,1743.75,2024,8
ORD-104831,2022-12-31,North,Electronics,Smartphone,3,23325.78,0.0,69977.34,12377.34,2022,12
ORD-104223,2022-07-25,East,Clothing,Jacket,2,3480.25,0.05,6612.47,2412.47,2022,7
ORD-102106,2024-04-03,South,Office Supplies,Notebook Pack,4,253.84,0.1,913.82,463.82,2024,4
ORD-102679,2023-02-25,West,Clothing,Jeans,2,1762.68,0.05,3349.09,1369.09,2023,2
ORD-102761,2024-10-27,South,Electronics,Headphones,4,3431.81,0.0,13727.24,6027.24,2024,10
ORD-104688,2024-08-31,South,Office Supplies,File Organizer,5,457.47,0.1,2058.62,933.62,2024,8
ORD-101387,2023-01-03,West,Electronics,Headphones,4,3477.63,0.0,13910.52,6210.52,2023,1
ORD-105770,2024-07-04,South,Office Supplies,Pen Set,1,181.04,0.1,162.94,90.94,2024,7
ORD-105562,2022-05-20,North,Office Supplies,Pen Set,6,182.88,0.1,987.55,555.55,2022,5
ORD-101279,2023-11-23,South,Clothing,Jacket,7,3495.55,0.1,22021.97,7321.97,2023,11
ORD-101555,2024-05-25,South,Home & Kitchen,Water Bottle,7,506.07,0.1,3188.24,1788.24,2024,5
ORD-105557,2023-02-13,East,Home & Kitchen,Water Bottle,5,504.18,0.05,2394.86,1394.86,2023,2
ORD-104566,2024-05-17,South,Furniture,Office Chair,3,7568.87,0.15,19300.62,5350.62,2024,5
ORD-104802,2022-03-09,North,Clothing,T-Shirt,3,691.33,0.0,2073.99,1023.99,2022,3
ORD-105765,2023-05-21,South,Electronics,Smartphone,1,23562.33,0.2,18849.86,-350.14,2023,5
ORD-104841,2023-06-03,North,Clothing,Jeans,3,1810.21,0.0,5430.63,2460.63,2023,6
ORD-103594,2022-03-07,East,Office Supplies,File Organizer,1,453.94,0.0,453.94,228.94,2022,3
ORD-101920,2023-08-22,West,Clothing,Jeans,2,1831.69,0.1,3297.04,1317.04,2023,8
ORD-100513,2022-12-13,North,Clothing,Sneakers,2,2918.7,0.0,5837.4,2117.4,2022,12
ORD-100914,2024-12-17,East,Clothing,Sneakers,4,2927.66,0.0,11710.64,4270.64,2024,12
ORD-103452,2022-01-02,East,Clothing,Sneakers,5,2922.12,0.0,14610.6,5310.6,2022,1
ORD-103695,2023-06-02,South,Office Supplies,Pen Set,1,183.78,0.15,156.21,84.21,2023,6
ORD-104242,2023-08-01,South,Office Supplies,Notebook Pack,1,247.16,0.0,247.16,134.66,2023,8
ORD-103156,2022-04-10,South,Office Supplies,Pen Set,3,178.76,0.1,482.65,266.65,2022,4
ORD-100774,2022-01-08,West,Office Supplies,File Organizer,5,441.34,0.05,2096.36,971.36,2022,1
ORD-100943,2023-05-21,North,Clothing,T-Shirt,2,687.44,0.1,1237.39,537.39,2023,5
ORD-100822,2022-12-26,North,Office Supplies,File Organizer,5,439.18,0.1,1976.31,851.31,2022,12
ORD-104277,2024-08-31,West,Office Supplies,Printer,2,9178.65,0.1,16521.57,3021.57,2024,8
ORD-100164,2023-10-23,West,Home & Kitchen,Cookware Set,6,3777.63,0.05,21532.49,8992.49,2023,10
ORD-104547,2022-11-15,North,Office Supplies,Pen Set,4,182.85,0.1,658.26,370.26,2022,11
ORD-103983,2022-10-28,North,Clothing,T-Shirt,5,705.22,0.0,3526.1,1776.1,2022,10
ORD-102538,2022-01-19,South,Electronics,Headphones,5,3534.12,0.0,17670.6,8045.6,2022,1
ORD-105865,2023-02-12,East,Clothing,T-Shirt,1,681.32,0.0,681.32,331.32,2023,2
ORD-101311,2024-10-31,East,Office Supplies,Notebook Pack,1,250.08,0.15,212.57,100.07,2024,10
ORD-105123,2023-10-23,West,Electronics,Smartphone,3,23282.92,0.1,62863.88,5263.88,2023,10
ORD-105705,2023-05-22,East,Office Supplies,Pen Set,7,182.53,0.0,1277.71,773.71,2023,5
ORD-103300,2024-11-15,South,Clothing,Sneakers,4,3069.32,0.0,12277.28,4837.28,2024,11
ORD-103310,2024-11-08,North,Furniture,Sofa Set,2,31419.46,0.05,59696.97,14896.97,2024,11
ORD-100327,2023-10-03,North,Clothing,T-Shirt,1,680.1,0.2,544.08,194.08,2023,10
ORD-102490,2024-11-29,West,Furniture,Study Desk,2,9447.19,0.1,17004.94,5604.94,2024,11
ORD-104408,2024-09-19,South,Clothing,Jeans,1,1822.37,0.05,1731.25,741.25,2024,9
ORD-103079,2022-11-30,East,Office Supplies,Notebook Pack,1,251.73,0.0,251.73,139.23,2022,11
ORD-105382,2024-06-16,West,Office Supplies,Pen Set,5,183.92,0.2,735.68,375.68,2024,6
ORD-100054,2024-03-25,North,Electronics,Laptop,1,52480.63,0.0,52480.63,11920.63,2024,3
ORD-104064,2022-06-12,North,Clothing,T-Shirt,1,685.78,0.2,548.62,198.62,2022,6
ORD-103451,2023-10-27,West,Office Supplies,Notebook Pack,5,250.3,0.05,1188.92,626.42,2023,10
ORD-101901,2022-02-02,West,Clothing,T-Shirt,5,716.05,0.05,3401.24,1651.24,2022,2
ORD-101481,2022-04-05,South,Home & Kitchen,Water Bottle,6,501.54,0.05,2858.78,1658.78,2022,4
ORD-104873,2023-11-19,North,Office Supplies,Notebook Pack,1,255.89,0.0,255.89,143.39,2023,11
ORD-104895,2023-08-07,North,Home & Kitchen,Water Bottle,2,506.44,0.05,962.24,562.24,2023,8
ORD-104150,2022-11-13,East,Office Supplies,Printer,2,8854.04,0.1,15937.27,2437.27,2022,11
ORD-103335,2023-03-09,East,Home & Kitchen,Mixer Grinder,3,4318.64,0.05,12308.12,4118.12,2023,3
ORD-104926,2022-10-10,West,Clothing,T-Shirt,4,679.43,0.0,2717.72,1317.72,2022,10
ORD-100946,2024-03-30,South,Clothing,Jacket,6,3471.54,0.1,18746.32,6146.32,2024,3
ORD-103293,2023-08-19,East,Electronics,Headphones,2,3578.64,0.0,7157.28,3307.28,2023,8
ORD-102161,2022-11-28,West,Clothing,T-Shirt,1,683.51,0.05,649.33,299.33,2022,11
ORD-105202,2022-08-16,South,Clothing,Jeans,7,1821.77,0.1,11477.15,4547.15,2022,8
ORD-103057,2022-07-24,North,Home & Kitchen,Water Bottle,4,494.47,0.0,1977.88,1177.88,2022,7
ORD-100768,2022-06-01,North,Home & Kitchen,Mixer Grinder,1,4293.81,0.15,3649.74,919.74,2022,6
ORD-105779,2022-05-03,North,Home & Kitchen,Water Bottle,7,503.02,0.0,3521.14,2121.14,2022,5
ORD-103495,2024-07-20,South,Electronics,Smartwatch,3,8072.04,0.0,24216.12,8616.12,2024,7
ORD-100285,2023-05-24,South,Clothing,T-Shirt,6,714.27,0.05,4071.34,1971.34,2023,5
ORD-104524,2024-04-24,East,Home & Kitchen,Cookware Set,7,3720.17,0.2,20832.95,6202.95,2024,4
ORD-105465,2024-07-13,North,Clothing,Jacket,5,3434.66,0.05,16314.63,5814.63,2024,7
ORD-102332,2024-07-31,West,Electronics,Headphones,1,3553.92,0.05,3376.22,1451.22,2024,7
ORD-102717,2024-12-24,West,Electronics,Smartphone,2,24665.2,0.05,46863.88,8463.88,2024,12
ORD-102079,2022-02-16,South,Home & Kitchen,Water Bottle,2,497.16,0.05,944.6,544.6,2022,2
ORD-103389,2022-12-01,West,Electronics,Laptop,3,53112.96,0.05,151371.94,29691.94,2022,12
ORD-100722,2022-02-23,North,Office Supplies,Pen Set,5,176.95,0.0,884.75,524.75,2022,2
ORD-100951,2022-11-11,East,Home & Kitchen,Water Bottle,3,492.97,0.1,1331.02,731.02,2022,11
ORD-102262,2023-07-12,North,Home & Kitchen,Mixer Grinder,3,4084.63,0.15,10415.81,2225.81,2023,7
ORD-100989,2024-06-27,West,Electronics,Smartphone,2,24397.61,0.0,48795.22,10395.22,2024,6
ORD-103212,2024-06-23,West,Electronics,Headphones,3,3547.37,0.0,10642.11,4867.11,2024,6
ORD-101759,2024-10-29,South,Clothing,T-Shirt,3,709.34,0.2,1702.42,652.42,2024,10
ORD-105045,2024-12-31,North,Home & Kitchen,Mixer Grinder,7,4163.41,0.1,26229.48,7119.48,2024,12
ORD-104422,2023-12-14,West,Office Supplies,Pen Set,2,175.8,0.0,351.6,207.6,2023,12
ORD-101724,2023-08-23,East,Home & Kitchen,Air Fryer,2,6305.22,0.05,11979.92,3139.92,2023,8
ORD-100341,2024-11-28,West,Home & Kitchen,Cookware Set,2,3771.48,0.05,7165.81,2985.81,2024,11
ORD-103701,2022-11-07,North,Electronics,Headphones,2,3508.89,0.05,6666.89,2816.89,2022,11
ORD-104243,2023-09-07,West,Office Supplies,Notebook Pack,7,243.71,0.0,1705.97,918.47,2023,9
ORD-100688,2024-05-14,North,Clothing,T-Shirt,5,708.28,0.0,3541.4,1791.4,2024,5
ORD-104944,2023-10-02,North,Home & Kitchen,Water Bottle,4,514.03,0.05,1953.31,1153.31,2023,10
ORD-100966,2024-11-24,North,Clothing,T-Shirt,1,716.75,0.1,645.08,295.08,2024,11
ORD-105805,2024-04-17,North,Clothing,Jeans,4,1851.13,0.05,7034.29,3074.29,2024,4
ORD-102203,2022-09-05,North,Clothing,T-Shirt,6,679.29,0.05,3871.95,1771.95,2022,9
ORD-102713,2022-07-08,East,Clothing,Jacket,7,3521.39,0.0,24649.73,9949.73,2022,7
ORD-104757,2024-12-23,North,Office Supplies,File Organizer,4,460.51,0.1,1657.84,757.84,2024,12
ORD-105410,2022-11-30,South,Electronics,Smartwatch,3,7914.07,0.0,23742.21,8142.21,2022,11
ORD-105622,2024-01-11,West,Office Supplies,File Organizer,4,444.59,0.05,1689.44,789.44,2024,1
ORD-103572,2023-01-10,West,Office Supplies,Pen Set,4,185.2,0.0,740.8,452.8,2023,1
ORD-104805,2024-04-20,South,Clothing,T-Shirt,5,711.32,0.2,2845.28,1095.28,2024,4
ORD-101990,2022-05-04,South,Clothing,T-Shirt,1,710.87,0.05,675.33,325.33,2022,5
ORD-104120,2024-11-22,North,Electronics,Smartphone,3,24635.05,0.05,70209.89,12609.89,2024,11
ORD-104759,2024-11-07,West,Home & Kitchen,Cookware Set,1,3806.71,0.15,3235.7,1145.7,2024,11
ORD-105040,2022-11-04,East,Home & Kitchen,Water Bottle,3,499.33,0.0,1497.99,897.99,2022,11
ORD-105366,2023-06-07,South,Furniture,Office Chair,1,7514.03,0.1,6762.63,2112.63,2023,6
ORD-104971,2022-04-11,North,Home & Kitchen,Cookware Set,6,3738.34,0.0,22430.04,9890.04,2022,4
ORD-105824,2023-03-26,East,Clothing,Jeans,1,1775.02,0.05,1686.27,696.27,2023,3
ORD-103600,2022-12-19,South,Office Supplies,File Organizer,1,439.19,0.05,417.23,192.23,2022,12
ORD-105608,2023-06-08,North,Electronics,Headphones,1,3575.87,0.1,3218.28,1293.28,2023,6
ORD-100385,2024-12-21,East,Home & Kitchen,Cookware Set,2,3826.15,0.1,6887.07,2707.07,2024,12
ORD-105357,2023-05-25,South,Home & Kitchen,Water Bottle,3,491.03,0.05,1399.44,799.44,2023,5
ORD-105610,2022-03-10,South,Electronics,Headphones,6,3441.02,0.2,16516.9,4966.9,2022,3
ORD-100536,2023-09-26,South,Electronics,Headphones,5,3452.03,0.1,15534.14,5909.14,2023,9
ORD-104212,2023-07-01,North,Electronics,Laptop,3,52140.88,0.1,140780.38,19100.38,2023,7
ORD-103507,2024-07-13,East,Furniture,Office Chair,1,7595.94,0.2,6076.75,1426.75,2024,7
ORD-100201,2024-12-09,North,Office Supplies,File Organizer,4,446.82,0.1,1608.55,708.55,2024,12
ORD-101332,2023-10-07,North,Office Supplies,Pen Set,2,180.12,0.1,324.22,180.22,2023,10
ORD-103502,2022-01-01,East,Clothing,Jeans,2,1768.43,0.0,3536.86,1556.86,2022,1
ORD-102708,2022-08-16,West,Electronics,Smartphone,2,23412.86,0.1,42143.15,3743.15,2022,8
ORD-105031,2024-08-26,North,Office Supplies,Notebook Pack,5,244.92,0.0,1224.6,662.1,2024,8
ORD-104662,2023-07-08,East,Home & Kitchen,Water Bottle,4,493.59,0.0,1974.36,1174.36,2023,7
ORD-104021,2022-09-14,North,Office Supplies,Notebook Pack,7,255.0,0.0,1785.0,997.5,2022,9
ORD-101854,2024-08-24,North,Office Supplies,Notebook Pack,1,246.84,0.15,209.81,97.31,2024,8
ORD-105492,2022-10-31,South,Electronics,Laptop,1,51244.6,0.0,51244.6,10684.6,2022,10
ORD-102872,2022-01-31,North,Electronics,Laptop,2,51210.76,0.15,87058.29,5938.29,2022,1
ORD-103030,2024-06-23,South,Office Supplies,Notebook Pack,7,245.58,0.15,1461.2,673.7,2024,6
ORD-101205,2022-03-13,North,Office Supplies,Pen Set,5,181.5,0.05,862.12,502.12,2022,3
ORD-101645,2023-07-18,East,Office Supplies,Notebook Pack,3,246.15,0.0,738.45,400.95,2023,7
ORD-103476,2024-07-31,South,Clothing,T-Shirt,7,709.34,0.0,4965.38,2515.38,2024,7
ORD-102861,2023-09-26,North,Office Supplies,Pen Set,4,176.95,0.05,672.41,384.41,2023,9
ORD-101792,2022-10-11,North,Furniture,Office Chair,1,7447.34,0.0,7447.34,2797.34,2022,10
ORD-103797,2024-06-10,South,Office Supplies,Notebook Pack,5,251.5,0.2,1006.0,443.5,2024,6
ORD-103368,2022-07-03,North,Clothing,Sneakers,2,2922.13,0.1,5259.83,1539.83,2022,7
ORD-103367,2024-01-18,West,Home & Kitchen,Mixer Grinder,1,4240.31,0.05,4028.29,1298.29,2024,1
ORD-103533,2022-08-09,West,Office Supplies,File Organizer,6,440.63,0.1,2379.4,1029.4,2022,8
ORD-105388,2023-07-09,South,Furniture,Office Chair,2,7594.82,0.0,15189.64,5889.64,2023,7
ORD-103449,2024-07-26,North,Office Supplies,Notebook Pack,1,245.7,0.1,221.13,108.63,2024,7
ORD-100603,2024-04-10,North,Electronics,Smartwatch,1,7970.82,0.05,7572.28,2372.28,2024,4
ORD-103056,2023-12-18,West,Clothing,Jeans,6,1751.49,0.0,10508.94,4568.94,2023,12
ORD-105341,2022-03-04,West,Furniture,Office Chair,2,7397.95,0.0,14795.9,5495.9,2022,3
ORD-100126,2023-02-09,South,Office Supplies,Notebook Pack,3,248.98,0.0,746.94,409.44,2023,2
ORD-103876,2022-01-03,North,Home & Kitchen,Mixer Grinder,1,4149.1,0.0,4149.1,1419.1,2022,1
ORD-102935,2023-07-27,West,Home & Kitchen,Water Bottle,3,490.21,0.0,1470.63,870.63,2023,7
ORD-104451,2024-12-10,East,Home & Kitchen,Cookware Set,6,3852.05,0.2,18489.84,5949.84,2024,12
ORD-103531,2022-01-25,West,Clothing,Jeans,1,1758.74,0.05,1670.8,680.8,2022,1
ORD-102730,2022-01-05,East,Furniture,Sofa Set,1,31331.71,0.0,31331.71,8931.71,2022,1
ORD-100827,2022-10-25,North,Home & Kitchen,Air Fryer,2,6646.05,0.0,13292.1,4452.1,2022,10
ORD-101639,2024-04-20,South,Office Supplies,Pen Set,2,181.98,0.05,345.76,201.76,2024,4
ORD-100984,2022-07-25,South,Office Supplies,Notebook Pack,3,247.66,0.05,705.83,368.33,2022,7
ORD-102188,2022-11-26,West,Clothing,T-Shirt,3,683.75,0.05,1948.69,898.69,2022,11
ORD-102443,2023-10-09,South,Office Supplies,Pen Set,4,180.17,0.05,684.65,396.65,2023,10
ORD-102349,2022-02-05,West,Electronics,Smartphone,3,23836.34,0.15,60782.67,3182.67,2022,2
ORD-100345,2024-06-28,East,Clothing,Jeans,3,1803.94,0.15,4600.05,1630.05,2024,6
ORD-100814,2022-06-22,East,Office Supplies,File Organizer,3,452.63,0.1,1222.1,547.1,2022,6
ORD-104807,2023-11-28,West,Office Supplies,Notebook Pack,3,251.63,0.05,717.15,379.65,2023,11
ORD-103205,2023-05-25,North,Home & Kitchen,Air Fryer,2,6691.66,0.0,13383.32,4543.32,2023,5
ORD-105587,2022-12-26,South,Furniture,Bookshelf,1,6129.66,0.1,5516.69,2036.69,2022,12
ORD-105890,2024-12-05,East,Office Supplies,File Organizer,3,446.84,0.0,1340.52,665.52,2024,12
ORD-103325,2024-08-21,North,Clothing,T-Shirt,2,703.51,0.15,1195.97,495.97,2024,8
ORD-102116,2022-11-27,West,Clothing,T-Shirt,6,686.5,0.05,3913.05,1813.05,2022,11
ORD-101834,2022-10-11,East,Clothing,T-Shirt,2,717.53,0.0,1435.06,735.06,2022,10
ORD-100793,2022-04-20,West,Clothing,T-Shirt,4,711.19,0.0,2844.76,1444.76,2022,4
ORD-102674,2023-11-16,East,Electronics,Headphones,2,3428.99,0.1,6172.18,2322.18,2023,11
ORD-100094,2023-01-02,East,Home & Kitchen,Water Bottle,6,493.07,0.05,2810.5,1610.5,2023,1
ORD-104225,2024-09-17,East,Clothing,Jacket,4,3413.86,0.05,12972.67,4572.67,2024,9
ORD-103756,2022-11-24,North,Clothing,Sneakers,3,2992.25,0.2,7181.4,1601.4,2022,11
ORD-102371,2023-02-05,East,Clothing,T-Shirt,2,685.03,0.15,1164.55,464.55,2023,2
ORD-105091,2024-05-21,South,Office Supplies,Notebook Pack,6,254.66,0.0,1527.96,852.96,2024,5
ORD-105444,2024-11-30,West,Office Supplies,Notebook Pack,6,249.91,0.0,1499.46,824.46,2024,11
ORD-103228,2024-01-19,West,Clothing,Sneakers,1,3084.58,0.0,3084.58,1224.58,2024,1
ORD-105476,2022-10-04,South,Electronics,Smartwatch,2,7848.22,0.15,13341.97,2941.97,2022,10
ORD-102853,2023-01-28,South,Clothing,T-Shirt,7,680.12,0.0,4760.84,2310.84,2023,1
ORD-102912,2023-10-04,West,Clothing,T-Shirt,2,682.12,0.0,1364.24,664.24,2023,10
ORD-101865,2024-09-03,West,Office Supplies,Pen Set,4,181.44,0.0,725.76,437.76,2024,9
ORD-104612,2024-02-20,West,Home & Kitchen,Cookware Set,5,3693.64,0.0,18468.2,8018.2,2024,2
ORD-101857,2022-12-19,East,Office Supplies,Notebook Pack,1,247.93,0.1,223.14,110.64,2022,12
ORD-102645,2024-09-26,South,Office Supplies,Pen Set,4,176.53,0.0,706.12,418.12,2024,9
ORD-102243,2022-11-17,West,Office Supplies,Pen Set,5,183.81,0.0,919.05,559.05,2022,11
ORD-102336,2024-09-12,East,Home & Kitchen,Mixer Grinder,7,4276.4,0.0,29934.8,10824.8,2024,9
ORD-100950,2023-10-02,South,Clothing,T-Shirt,7,690.57,0.0,4833.99,2383.99,2023,10
ORD-103068,2024-04-22,South,Clothing,Jeans,3,1775.66,0.05,5060.63,2090.63,2024,4
ORD-101120,2024-02-06,East,Office Supplies,Pen Set,3,182.6,0.0,547.8,331.8,2024,2
ORD-102597,2023-05-13,South,Clothing,Jeans,4,1842.85,0.2,5897.12,1937.12,2023,5
ORD-102204,2023-02-01,West,Office Supplies,Notebook Pack,3,246.38,0.1,665.23,327.73,2023,2
ORD-100419,2024-10-20,North,Clothing,Jeans,2,1825.66,0.0,3651.32,1671.32,2024,10
ORD-100922,2023-12-17,East,Office Supplies,Pen Set,6,176.02,0.1,950.51,518.51,2023,12
ORD-101254,2022-06-16,South,Clothing,T-Shirt,5,714.46,0.15,3036.45,1286.45,2022,6
ORD-100477,2023-12-12,North,Office Supplies,Pen Set,5,184.06,0.15,782.25,422.25,2023,12
ORD-102035,2024-06-15,West,Home & Kitchen,Air Fryer,1,6311.27,0.0,6311.27,1891.27,2024,6
ORD-101202,2024-08-02,East,Electronics,Laptop,2,52422.04,0.0,104844.08,23724.08,2024,8
ORD-102626,2023-10-28,North,Office Supplies,Notebook Pack,6,247.33,0.05,1409.78,734.78,2023,10
ORD-105995,2023-04-07,South,Home & Kitchen,Mixer Grinder,1,4270.49,0.0,4270.49,1540.49,2023,4
ORD-101970,2023-01-17,West,Clothing,Jeans,3,1825.69,0.15,4655.51,1685.51,2023,1
ORD-103110,2023-01-03,West,Home & Kitchen,Water Bottle,5,490.99,0.0,2454.95,1454.95,2023,1
ORD-104018,2022-05-03,South,Office Supplies,Notebook Pack,6,247.9,0.0,1487.4,812.4,2022,5
ORD-102151,2022-02-20,West,Office Supplies,File Organizer,6,454.73,0.0,2728.38,1378.38,2022,2
ORD-103687,2024-11-23,South,Home & Kitchen,Air Fryer,1,6626.36,0.0,6626.36,2206.36,2024,11
ORD-104916,2024-05-10,East,Office Supplies,Pen Set,2,178.28,0.1,320.9,176.9,2024,5
ORD-101997,2023-02-16,East,Office Supplies,Printer,1,9025.02,0.05,8573.77,1823.77,2023,2
ORD-104033,2023-10-15,East,Electronics,Headphones,7,3562.24,0.0,24935.68,11460.68,2023,10
ORD-103054,2023-12-15,East,Home & Kitchen,Mixer Grinder,1,4252.41,0.1,3827.17,1097.17,2023,12
ORD-101248,2024-10-02,East,Clothing,Sneakers,4,2959.94,0.0,11839.76,4399.76,2024,10
ORD-102192,2024-04-11,North,Electronics,Headphones,4,3441.05,0.1,12387.78,4687.78,2024,4
ORD-102712,2022-11-12,North,Clothing,Sneakers,1,3074.33,0.0,3074.33,1214.33,2022,11
ORD-100992,2024-06-26,South,Home & Kitchen,Cookware Set,5,3889.51,0.05,18475.17,8025.17,2024,6
ORD-102190,2022-06-07,East,Clothing,Jeans,5,1847.15,0.0,9235.75,4285.75,2022,6
ORD-104670,2022-07-31,South,Furniture,Office Chair,3,7340.08,0.0,22020.24,8070.24,2022,7
ORD-103762,2022-05-04,North,Clothing,Jacket,1,3468.47,0.0,3468.47,1368.47,2022,5
ORD-103597,2024-09-27,South,Office Supplies,Notebook Pack,2,249.97,0.0,499.94,274.94,2024,9
ORD-104711,2022-11-09,South,Office Supplies,Pen Set,3,183.45,0.05,522.83,306.83,2022,11
ORD-101318,2024-05-04,East,Office Supplies,Pen Set,5,178.47,0.1,803.12,443.12,2024,5
ORD-101863,2023-09-27,North,Office Supplies,File Organizer,7,438.92,0.15,2611.57,1036.57,2023,9
ORD-102343,2022-12-20,West,Office Supplies,Pen Set,1,176.12,0.15,149.7,77.7,2022,12
ORD-102449,2023-11-19,South,Clothing,Sneakers,5,2996.28,0.1,13483.26,4183.26,2023,11
ORD-102136,2023-01-20,South,Clothing,T-Shirt,5,700.04,0.0,3500.2,1750.2,2023,1
ORD-101065,2024-12-12,South,Home & Kitchen,Mixer Grinder,7,4307.3,0.2,24120.88,5010.88,2024,12
ORD-104227,2022-08-24,North,Electronics,Smartphone,3,24658.72,0.0,73976.16,16376.16,2022,8
ORD-102621,2024-11-29,North,Clothing,T-Shirt,4,681.06,0.15,2315.6,915.6,2024,11
ORD-100077,2024-02-04,North,Office Supplies,Pen Set,4,183.99,0.0,735.96,447.96,2024,2
ORD-102898,2023-12-23,West,Office Supplies,Notebook Pack,1,256.17,0.0,256.17,143.67,2023,12
ORD-104820,2024-04-04,South,Home & Kitchen,Water Bottle,6,496.5,0.15,2532.15,1332.15,2024,4
ORD-101314,2022-02-27,North,Office Supplies,Notebook Pack,4,247.47,0.0,989.88,539.88,2022,2
ORD-105360,2024-01-14,North,Home & Kitchen,Mixer Grinder,1,4268.34,0.0,4268.34,1538.34,2024,1
ORD-100872,2024-12-15,West,Office Supplies,Pen Set,7,180.69,0.15,1075.11,571.11,2024,12
ORD-103850,2023-06-02,North,Office Supplies,Notebook Pack,5,247.18,0.0,1235.9,673.4,2023,6
ORD-105880,2023-01-16,West,Clothing,T-Shirt,2,700.3,0.2,1120.48,420.48,2023,1
ORD-102965,2023-10-13,South,Furniture,Office Chair,1,7468.01,0.05,7094.61,2444.61,2023,10
ORD-103391,2024-03-18,West,Home & Kitchen,Air Fryer,3,6532.69,0.05,18618.17,5358.17,2024,3
ORD-102560,2023-12-18,North,Office Supplies,Notebook Pack,2,246.86,0.05,469.03,244.03,2023,12
ORD-102635,2023-06-07,North,Office Supplies,Printer,2,9247.76,0.1,16645.97,3145.97,2023,6
ORD-103530,2022-03-13,West,Clothing,T-Shirt,1,718.83,0.05,682.89,332.89,2022,3
ORD-101908,2024-07-06,East,Office Supplies,File Organizer,4,453.8,0.15,1542.92,642.92,2024,7
ORD-105806,2024-03-25,North,Clothing,T-Shirt,1,703.93,0.0,703.93,353.93,2024,3
ORD-105369,2023-01-21,North,Home & Kitchen,Mixer Grinder,7,4250.22,0.0,29751.54,10641.54,2023,1
ORD-104027,2024-02-06,North,Electronics,Smartwatch,3,8047.85,0.1,21729.2,6129.2,2024,2
ORD-101604,2022-10-29,North,Home & Kitchen,Cookware Set,3,3837.95,0.15,9786.77,3516.77,2022,10
ORD-101118,2022-12-03,West,Furniture,Sofa Set,2,32867.58,0.0,65735.16,20935.16,2022,12
ORD-103490,2023-11-22,North,Office Supplies,Pen Set,3,178.69,0.05,509.27,293.27,2023,11
ORD-102958,2022-11-11,East,Electronics,Laptop,3,53161.35,0.0,159484.05,37804.05,2022,11
ORD-101994,2023-07-31,North,Electronics,Smartphone,1,23880.48,0.05,22686.46,3486.46,2023,7
ORD-105335,2024-06-07,East,Electronics,Smartphone,2,23334.18,0.0,46668.36,8268.36,2024,6
ORD-102376,2024-09-16,North,Clothing,Jacket,7,3519.88,0.05,23407.2,8707.2,2024,9
ORD-101342,2023-08-08,South,Home & Kitchen,Cookware Set,5,3865.1,0.15,16426.67,5976.67,2023,8
ORD-101619,2022-02-27,East,Home & Kitchen,Air Fryer,3,6485.43,0.05,18483.48,5223.48,2022,2
ORD-103713,2024-05-16,North,Clothing,Sneakers,3,2981.36,0.05,8496.88,2916.88,2024,5
ORD-102060,2024-11-18,South,Clothing,Jeans,6,1772.03,0.2,8505.74,2565.74,2024,11
ORD-102219,2023-01-20,North,Home & Kitchen,Mixer Grinder,7,4156.81,0.1,26187.9,7077.9,2023,1
ORD-101673,2022-06-24,North,Office Supplies,Pen Set,2,182.45,0.05,346.65,202.65,2022,6
ORD-100260,2022-07-17,West,Home & Kitchen,Cookware Set,3,3751.16,0.0,11253.48,4983.48,2022,7
ORD-102039,2024-05-26,East,Home & Kitchen,Mixer Grinder,4,4284.74,0.0,17138.96,6218.96,2024,5
ORD-104785,2024-09-12,South,Home & Kitchen,Air Fryer,3,6632.07,0.0,19896.21,6636.21,2024,9
ORD-100901,2022-11-22,South,Office Supplies,File Organizer,1,452.69,0.1,407.42,182.42,2022,11
ORD-103744,2022-05-06,West,Clothing,Sneakers,3,3035.79,0.1,8196.63,2616.63,2022,5
ORD-102026,2024-07-14,North,Office Supplies,Pen Set,5,175.2,0.1,788.4,428.4,2024,7
ORD-104234,2022-04-06,South,Clothing,Sneakers,3,2952.4,0.1,7971.48,2391.48,2022,4
ORD-101917,2024-04-15,North,Electronics,Smartphone,2,23990.88,0.05,45582.67,7182.67,2024,4
ORD-101828,2024-10-29,South,Home & Kitchen,Mixer Grinder,3,4185.11,0.1,11299.8,3109.8,2024,10
ORD-101573,2024-08-10,West,Office Supplies,Pen Set,1,181.61,0.0,181.61,109.61,2024,8
ORD-104415,2024-06-07,West,Home & Kitchen,Water Bottle,5,490.18,0.1,2205.81,1205.81,2024,6
ORD-104749,2022-06-02,South,Electronics,Smartwatch,3,7957.59,0.0,23872.77,8272.77,2022,6
ORD-105389,2024-11-05,North,Office Supplies,Notebook Pack,3,248.91,0.1,672.06,334.56,2024,11
ORD-104208,2023-07-01,East,Office Supplies,Notebook Pack,1,246.67,0.05,234.34,121.84,2023,7
ORD-104627,2023-02-11,West,Electronics,Smartphone,2,23487.59,0.0,46975.18,8575.18,2023,2
ORD-100224,2022-12-18,West,Office Supplies,File Organizer,7,445.57,0.1,2807.09,1232.09,2022,12
ORD-100723,2024-11-29,North,Electronics,Headphones,7,3415.2,0.05,22711.08,9236.08,2024,11
ORD-105532,2023-09-19,West,Electronics,Smartphone,2,24253.83,0.15,41231.51,2831.51,2023,9
ORD-101141,2024-06-20,West,Clothing,Jacket,2,3496.19,0.05,6642.76,2442.76,2024,6
ORD-102762,2022-05-19,South,Office Supplies,Notebook Pack,4,245.57,0.05,933.17,483.17,2022,5
ORD-100846,2023-04-29,South,Furniture,Bookshelf,2,5839.86,0.2,9343.78,2383.78,2023,4
ORD-104289,2023-12-07,East,Electronics,Headphones,5,3485.63,0.1,15685.34,6060.34,2023,12
ORD-105042,2023-01-22,South,Clothing,Jacket,4,3415.59,0.1,12296.12,3896.12,2023,1
ORD-102551,2023-08-27,West,Clothing,Jeans,7,1758.8,0.1,11080.44,4150.44,2023,8
ORD-102928,2023-03-25,West,Office Supplies,Pen Set,6,182.09,0.05,1037.91,605.91,2023,3
ORD-100117,2024-04-09,West,Electronics,Headphones,4,3538.5,0.1,12738.6,5038.6,2024,4
ORD-100003,2024-03-16,North,Electronics,Smartwatch,3,7785.34,0.15,19852.62,4252.62,2024,3
ORD-104170,2024-12-01,West,Office Supplies,File Organizer,2,454.66,0.0,909.32,459.32,2024,12
ORD-100467,2024-11-14,North,Clothing,Jacket,6,3440.15,0.0,20640.9,8040.9,2024,11
ORD-100005,2024-12-12,North,Office Supplies,File Organizer,3,452.29,0.0,1356.87,681.87,2024,12
ORD-100919,2023-10-22,South,Clothing,T-Shirt,5,711.49,0.0,3557.45,1807.45,2023,10
ORD-104324,2022-09-25,North,Furniture,Bookshelf,2,6170.69,0.0,12341.38,5381.38,2022,9
ORD-102590,2024-05-30,North,Office Supplies,File Organizer,7,436.89,0.0,3058.23,1483.23,2024,5
ORD-100242,2022-10-27,East,Electronics,Smartphone,2,23340.49,0.05,44346.93,5946.93,2022,10
ORD-105342,2024-09-12,South,Office Supplies,Notebook Pack,5,247.73,0.05,1176.72,614.22,2024,9
ORD-101160,2022-02-21,South,Clothing,T-Shirt,5,687.04,0.05,3263.44,1513.44,2022,2
ORD-102870,2023-12-21,East,Clothing,T-Shirt,4,693.04,0.0,2772.16,1372.16,2023,12
ORD-103735,2024-12-11,East,Clothing,T-Shirt,2,701.52,0.0,1403.04,703.04,2024,12
ORD-103517,2022-08-19,South,Office Supplies,Pen Set,2,182.54,0.2,292.06,148.06,2022,8
ORD-103421,2023-02-26,West,Electronics,Smartphone,3,24508.82,0.0,73526.46,15926.46,2023,2
ORD-102563,2023-09-16,South,Office Supplies,Notebook Pack,4,248.75,0.05,945.25,495.25,2023,9
ORD-101605,2022-12-08,North,Home & Kitchen,Water Bottle,3,513.2,0.0,1539.6,939.6,2022,12
ORD-105927,2024-07-21,South,Clothing,Sneakers,7,2984.15,0.05,19844.6,6824.6,2024,7
ORD-102324,2022-11-25,North,Home & Kitchen,Air Fryer,3,6392.47,0.0,19177.41,5917.41,2022,11
ORD-102709,2024-01-12,East,Office Supplies,Pen Set,7,177.39,0.0,1241.73,737.73,2024,1
ORD-105395,2023-05-19,South,Clothing,Jeans,2,1769.26,0.1,3184.67,1204.67,2023,5
ORD-101312,2023-11-14,South,Office Supplies,Pen Set,3,177.02,0.05,504.51,288.51,2023,11
ORD-103448,2023-02-07,South,Office Supplies,Notebook Pack,5,253.56,0.05,1204.41,641.91,2023,2
ORD-103812,2023-10-31,North,Clothing,Jeans,7,1768.46,0.05,11760.26,4830.26,2023,10
ORD-105717,2024-12-29,North,Clothing,Jacket,7,3512.09,0.05,23355.4,8655.4,2024,12
ORD-102362,2023-08-03,West,Office Supplies,File Organizer,3,438.56,0.0,1315.68,640.68,2023,8
ORD-101975,2022-10-14,North,Home & Kitchen,Cookware Set,4,3867.08,0.1,13921.49,5561.49,2022,10
ORD-103514,2024-10-27,South,Furniture,Office Chair,1,7575.16,0.0,7575.16,2925.16,2024,10
ORD-101761,2022-08-15,West,Home & Kitchen,Water Bottle,6,493.51,0.0,2961.06,1761.06,2022,8
ORD-102739,2023-11-10,South,Clothing,Jeans,4,1753.93,0.15,5963.36,2003.36,2023,11
ORD-105725,2024-09-26,North,Electronics,Smartphone,2,24259.94,0.15,41241.9,2841.9,2024,9
ORD-102472,2024-04-13,South,Office Supplies,Pen Set,5,181.5,0.05,862.12,502.12,2024,4
ORD-104007,2022-07-25,North,Home & Kitchen,Water Bottle,2,501.87,0.05,953.55,553.55,2022,7
ORD-104718,2023-09-05,West,Electronics,Laptop,1,51863.42,0.05,49270.25,8710.25,2023,9
ORD-104206,2022-09-10,South,Office Supplies,File Organizer,1,448.32,0.0,448.32,223.32,2022,9
ORD-102158,2023-05-22,North,Office Supplies,Notebook Pack,5,245.62,0.0,1228.1,665.6,2023,5
ORD-101169,2022-05-09,West,Electronics,Laptop,2,50983.63,0.0,101967.26,20847.26,2022,5
ORD-105550,2022-12-20,West,Electronics,Headphones,5,3591.16,0.05,17058.01,7433.01,2022,12
ORD-100232,2024-12-04,South,Home & Kitchen,Mixer Grinder,4,4140.92,0.0,16563.68,5643.68,2024,12
ORD-100066,2023-10-27,West,Office Supplies,File Organizer,5,441.15,0.0,2205.75,1080.75,2023,10
ORD-101603,2024-07-18,East,Clothing,T-Shirt,1,701.51,0.0,701.51,351.51,2024,7
ORD-103283,2022-05-11,West,Furniture,Office Chair,3,7410.99,0.0,22232.97,8282.97,2022,5
ORD-103596,2024-09-13,South,Furniture,Office Chair,1,7301.31,0.0,7301.31,2651.31,2024,9
ORD-100125,2023-08-21,West,Office Supplies,Notebook Pack,6,250.67,0.05,1428.82,753.82,2023,8
ORD-101296,2022-05-12,North,Clothing,Jeans,6,1841.21,0.0,11047.26,5107.26,2022,5
ORD-101976,2023-07-18,South,Home & Kitchen,Mixer Grinder,2,4245.51,0.0,8491.02,3031.02,2023,7
ORD-105551,2022-04-02,South,Home & Kitchen,Air Fryer,1,6592.06,0.0,6592.06,2172.06,2022,4
ORD-105507,2023-05-05,West,Electronics,Laptop,2,52298.53,0.05,99367.21,18247.21,2023,5
ORD-102075,2023-10-02,West,Office Supplies,File Organizer,2,445.37,0.0,890.74,440.74,2023,10
ORD-104580,2024-02-24,West,Clothing,Sneakers,3,2936.96,0.05,8370.34,2790.34,2024,2
ORD-103086,2022-09-29,North,Office Supplies,Notebook Pack,6,247.76,0.15,1263.58,588.58,2022,9
ORD-105325,2022-07-17,West,Office Supplies,Notebook Pack,4,246.21,0.2,787.87,337.87,2022,7
ORD-103345,2024-02-16,West,Clothing,T-Shirt,1,714.66,0.1,643.19,293.19,2024,2
ORD-105487,2022-07-13,North,Home & Kitchen,Air Fryer,1,6308.97,0.0,6308.97,1888.97,2022,7
ORD-100918,2023-01-06,South,Office Supplies,Notebook Pack,1,246.62,0.05,234.29,121.79,2023,1
ORD-101646,2022-12-21,North,Electronics,Smartphone,1,24623.6,0.05,23392.42,4192.42,2022,12
ORD-105122,2023-06-11,South,Clothing,Jeans,4,1805.3,0.1,6499.08,2539.08,2023,6
ORD-105126,2023-06-20,East,Office Supplies,Pen Set,7,184.48,0.0,1291.36,787.36,2023,6
ORD-104978,2024-07-16,East,Clothing,T-Shirt,7,716.85,0.0,5017.95,2567.95,2024,7
ORD-104621,2024-11-12,East,Office Supplies,Pen Set,3,174.74,0.0,524.22,308.22,2024,11
ORD-100364,2024-01-31,West,Home & Kitchen,Air Fryer,1,6674.71,0.05,6340.97,1920.97,2024,1
ORD-103287,2023-05-30,South,Clothing,T-Shirt,4,711.54,0.1,2561.54,1161.54,2023,5
ORD-102125,2023-04-18,North,Office Supplies,Pen Set,7,176.96,0.0,1238.72,734.72,2023,4
ORD-104123,2023-04-18,West,Electronics,Headphones,3,3588.48,0.0,10765.44,4990.44,2023,4
ORD-104569,2023-11-11,West,Home & Kitchen,Water Bottle,6,486.07,0.15,2478.96,1278.96,2023,11
ORD-100525,2023-03-25,North,Home & Kitchen,Water Bottle,6,500.18,0.05,2851.03,1651.03,2023,3
ORD-100055,2024-06-13,North,Electronics,Smartphone,1,23830.92,0.0,23830.92,4630.92,2024,6
ORD-100638,2024-06-06,West,Clothing,Sneakers,5,2945.48,0.05,13991.03,4691.03,2024,6
ORD-100302,2023-10-06,South,Office Supplies,File Organizer,2,447.33,0.05,849.93,399.93,2023,10
ORD-102766,2023-06-27,North,Clothing,Sneakers,2,2997.51,0.15,5095.77,1375.77,2023,6
ORD-104720,2023-06-29,South,Furniture,Office Chair,1,7412.32,0.0,7412.32,2762.32,2023,6
ORD-102055,2023-08-05,South,Clothing,T-Shirt,4,714.05,0.15,2427.77,1027.77,2023,8
ORD-105145,2024-08-08,East,Clothing,Jeans,1,1784.95,0.1,1606.46,616.46,2024,8
ORD-104432,2024-08-05,North,Office Supplies,Notebook Pack,2,251.76,0.05,478.34,253.34,2024,8
ORD-103644,2022-03-17,North,Home & Kitchen,Air Fryer,2,6347.59,0.15,10790.9,1950.9,2022,3
ORD-104143,2023-04-15,North,Electronics,Smartwatch,3,8030.65,0.05,22887.35,7287.35,2023,4
ORD-105175,2022-03-12,North,Office Supplies,File Organizer,7,452.44,0.05,3008.73,1433.73,2022,3
ORD-102286,2024-10-02,East,Office Supplies,Pen Set,2,175.04,0.0,350.08,206.08,2024,10
ORD-102261,2024-12-21,North,Electronics,Headphones,1,3441.19,0.1,3097.07,1172.07,2024,12
ORD-105240,2022-07-07,North,Clothing,Sneakers,3,3016.18,0.0,9048.54,3468.54,2022,7
ORD-102296,2024-04-19,South,Clothing,Jeans,3,1784.83,0.0,5354.49,2384.49,2024,4
ORD-101753,2024-07-15,South,Home & Kitchen,Air Fryer,1,6423.28,0.2,5138.62,718.62,2024,7
ORD-105197,2023-03-01,West,Furniture,Office Chair,1,7608.09,0.0,7608.09,2958.09,2023,3
ORD-101968,2023-07-28,East,Electronics,Headphones,2,3559.63,0.0,7119.26,3269.26,2023,7
ORD-105331,2024-05-04,North,Home & Kitchen,Water Bottle,6,486.16,0.05,2771.11,1571.11,2024,5
ORD-103117,2024-02-18,North,Clothing,T-Shirt,5,701.46,0.0,3507.3,1757.3,2024,2
ORD-102393,2022-01-17,South,Clothing,Jeans,2,1841.54,0.1,3314.77,1334.77,2022,1
ORD-100523,2023-12-03,West,Furniture,Bookshelf,2,5835.26,0.05,11086.99,4126.99,2023,12
ORD-103900,2022-07-13,North,Furniture,Sofa Set,2,32569.13,0.0,65138.26,20338.26,2022,7
ORD-105884,2023-08-20,South,Office Supplies,Notebook Pack,6,255.08,0.0,1530.48,855.48,2023,8
ORD-104699,2024-06-08,East,Home & Kitchen,Air Fryer,3,6412.98,0.05,18276.99,5016.99,2024,6
ORD-105419,2023-03-11,South,Home & Kitchen,Water Bottle,5,487.1,0.0,2435.5,1435.5,2023,3
ORD-104156,2024-10-18,West,Office Supplies,File Organizer,3,455.73,0.0,1367.19,692.19,2024,10
ORD-101969,2023-09-08,West,Electronics,Smartphone,3,24418.22,0.0,73254.66,15654.66,2023,9
ORD-100671,2023-11-10,West,Office Supplies,Notebook Pack,3,255.44,0.0,766.32,428.82,2023,11
ORD-104188,2022-04-09,North,Office Supplies,Notebook Pack,7,255.31,0.05,1697.81,910.31,2022,4
ORD-100666,2024-07-11,North,Home & Kitchen,Mixer Grinder,1,4093.5,0.0,4093.5,1363.5,2024,7
ORD-105317,2024-10-26,West,Electronics,Laptop,2,51819.2,0.1,93274.56,12154.56,2024,10
ORD-101887,2022-09-09,East,Furniture,Bookshelf,1,5837.01,0.1,5253.31,1773.31,2022,9
ORD-103266,2022-09-09,East,Office Supplies,Printer,2,9227.21,0.05,17531.7,4031.7,2022,9
ORD-100280,2022-03-06,East,Clothing,Sneakers,4,2924.07,0.1,10526.65,3086.65,2022,3
ORD-102947,2024-07-01,East,Clothing,Jacket,7,3442.88,0.1,21690.14,6990.14,2024,7
ORD-104455,2023-02-15,North,Clothing,Sneakers,2,3088.16,0.15,5249.87,1529.87,2023,2
ORD-100899,2023-09-22,West,Home & Kitchen,Water Bottle,4,513.84,0.0,2055.36,1255.36,2023,9
ORD-105958,2024-02-12,West,Clothing,Sneakers,1,2963.41,0.15,2518.9,658.9,2024,2
ORD-101906,2023-06-24,West,Clothing,T-Shirt,2,690.75,0.05,1312.42,612.42,2023,6
ORD-104042,2022-07-03,North,Clothing,T-Shirt,6,708.93,0.2,3402.86,1302.86,2022,7
ORD-103823,2022-02-16,North,Office Supplies,Pen Set,7,180.15,0.0,1261.05,757.05,2022,2
ORD-104138,2024-03-29,East,Office Supplies,Pen Set,5,177.26,0.0,886.3,526.3,2024,3
ORD-103818,2024-03-04,West,Office Supplies,Pen Set,7,179.58,0.05,1194.21,690.21,2024,3
ORD-104300,2023-07-27,West,Office Supplies,Notebook Pack,1,254.42,0.0,254.42,141.92,2023,7
ORD-102593,2022-06-19,West,Office Supplies,Pen Set,6,178.38,0.0,1070.28,638.28,2022,6
ORD-104164,2024-01-07,East,Electronics,Headphones,5,3565.31,0.05,16935.22,7310.22,2024,1
ORD-103031,2022-04-02,North,Home & Kitchen,Water Bottle,4,492.02,0.05,1869.68,1069.68,2022,4
ORD-103579,2022-04-14,West,Electronics,Smartphone,3,24036.04,0.0,72108.12,14508.12,2022,4
ORD-102832,2023-07-17,North,Electronics,Headphones,4,3583.03,0.0,14332.12,6632.12,2023,7
ORD-103472,2023-10-21,North,Electronics,Laptop,3,53072.98,0.0,159218.94,37538.94,2023,10
ORD-100137,2023-08-08,North,Furniture,Office Chair,2,7662.06,0.05,14557.91,5257.91,2023,8
ORD-104892,2023-06-23,South,Home & Kitchen,Air Fryer,2,6384.9,0.0,12769.8,3929.8,2023,6
ORD-102180,2024-06-17,North,Office Supplies,Notebook Pack,7,257.17,0.05,1710.18,922.68,2024,6
ORD-102128,2022-05-05,North,Clothing,T-Shirt,2,720.68,0.1,1297.22,597.22,2022,5
ORD-103177,2023-03-25,North,Office Supplies,File Organizer,7,462.4,0.0,3236.8,1661.8,2023,3
ORD-104854,2022-05-01,South,Home & Kitchen,Cookware Set,2,3795.19,0.0,7590.38,3410.38,2022,5
ORD-105115,2024-11-02,North,Office Supplies,File Organizer,6,445.24,0.05,2537.87,1187.87,2024,11
ORD-105352,2024-01-30,East,Electronics,Smartphone,3,23697.84,0.0,71093.52,13493.52,2024,1
ORD-104261,2024-10-02,North,Home & Kitchen,Water Bottle,5,513.62,0.05,2439.69,1439.69,2024,10
ORD-104344,2024-04-20,South,Office Supplies,Pen Set,7,175.67,0.0,1229.69,725.69,2024,4
ORD-101331,2023-08-24,West,Home & Kitchen,Cookware Set,6,3785.62,0.0,22713.72,10173.72,2023,8
ORD-104542,2024-12-23,East,Electronics,Smartwatch,2,8050.23,0.0,16100.46,5700.46,2024,12
ORD-102482,2022-05-26,West,Home & Kitchen,Mixer Grinder,2,4230.71,0.05,8038.35,2578.35,2022,5
ORD-101358,2024-03-08,North,Office Supplies,Notebook Pack,6,251.57,0.05,1433.95,758.95,2024,3
ORD-101329,2022-08-04,North,Office Supplies,Pen Set,6,183.38,0.05,1045.27,613.27,2022,8
ORD-102150,2024-01-29,East,Office Supplies,File Organizer,3,441.61,0.1,1192.35,517.35,2024,1
ORD-104530,2024-06-02,North,Clothing,Jeans,4,1803.96,0.05,6855.05,2895.05,2024,6
ORD-102122,2022-12-11,South,Clothing,Jacket,6,3474.91,0.2,16679.57,4079.57,2022,12
ORD-104673,2022-12-13,East,Clothing,Sneakers,4,2910.02,0.0,11640.08,4200.08,2022,12
ORD-103981,2023-06-22,South,Electronics,Laptop,1,53290.79,0.0,53290.79,12730.79,2023,6
ORD-101252,2022-06-07,South,Home & Kitchen,Air Fryer,3,6338.45,0.05,18064.58,4804.58,2022,6
ORD-103278,2023-02-01,North,Office Supplies,Notebook Pack,1,244.58,0.0,244.58,132.08,2023,2
ORD-102814,2022-02-12,North,Home & Kitchen,Water Bottle,3,512.16,0.1,1382.83,782.83,2022,2
ORD-104719,2022-07-20,North,Clothing,T-Shirt,4,712.82,0.2,2281.02,881.02,2022,7
ORD-101848,2023-05-20,West,Furniture,Bookshelf,2,5970.25,0.05,11343.48,4383.48,2023,5
ORD-103037,2022-01-08,North,Clothing,T-Shirt,3,700.99,0.1,1892.67,842.67,2022,1
ORD-100388,2022-06-11,North,Home & Kitchen,Water Bottle,4,487.75,0.0,1951.0,1151.0,2022,6
ORD-100235,2024-07-08,West,Electronics,Smartphone,2,24205.35,0.1,43569.63,5169.63,2024,7
ORD-101077,2023-08-17,East,Home & Kitchen,Water Bottle,1,513.76,0.0,513.76,313.76,2023,8
ORD-101984,2023-12-19,North,Clothing,Sneakers,2,3059.16,0.1,5506.49,1786.49,2023,12
ORD-104363,2024-12-14,North,Clothing,Jeans,1,1766.57,0.05,1678.24,688.24,2024,12
ORD-103962,2024-03-13,West,Electronics,Smartwatch,3,7957.97,0.05,22680.21,7080.21,2024,3
ORD-100770,2022-11-04,South,Office Supplies,Pen Set,3,176.56,0.1,476.71,260.71,2022,11
ORD-102165,2022-12-03,North,Clothing,Jeans,7,1752.46,0.0,12267.22,5337.22,2022,12
ORD-104533,2023-08-07,West,Clothing,Jacket,5,3475.55,0.15,14771.09,4271.09,2023,8
ORD-100673,2024-03-20,North,Office Supplies,Pen Set,5,176.17,0.2,704.68,344.68,2024,3
ORD-100249,2023-06-04,South,Office Supplies,Pen Set,2,174.86,0.1,314.75,170.75,2023,6
ORD-103419,2024-08-24,North,Home & Kitchen,Water Bottle,6,502.0,0.05,2861.4,1661.4,2024,8
ORD-102081,2022-09-23,East,Clothing,T-Shirt,4,688.98,0.15,2342.53,942.53,2022,9
ORD-101823,2023-12-04,East,Office Supplies,Notebook Pack,4,243.7,0.0,974.8,524.8,2023,12
ORD-105687,2022-09-17,West,Office Supplies,Notebook Pack,4,245.09,0.0,980.36,530.36,2022,9
ORD-104544,2023-03-14,South,Office Supplies,Notebook Pack,2,244.0,0.15,414.8,189.8,2023,3
ORD-100716,2023-10-30,West,Clothing,Jacket,5,3409.1,0.05,16193.22,5693.22,2023,10
ORD-105478,2023-11-09,South,Clothing,Sneakers,4,3046.96,0.0,12187.84,4747.84,2023,11
ORD-105737,2024-02-12,North,Home & Kitchen,Mixer Grinder,6,4172.1,0.1,22529.34,6149.34,2024,2
ORD-102048,2022-07-18,East,Clothing,T-Shirt,2,700.33,0.1,1260.59,560.59,2022,7
ORD-105264,2023-03-29,South,Electronics,Smartphone,3,23604.73,0.15,60192.06,2592.06,2023,3
ORD-104178,2024-01-26,North,Office Supplies,Notebook Pack,4,245.95,0.0,983.8,533.8,2024,1
ORD-104809,2023-11-14,West,Home & Kitchen,Water Bottle,4,486.68,0.0,1946.72,1146.72,2023,11
ORD-102724,2022-08-13,South,Office Supplies,File Organizer,7,445.65,0.0,3119.55,1544.55,2022,8
ORD-105555,2024-09-23,South,Office Supplies,Pen Set,7,177.06,0.0,1239.42,735.42,2024,9
ORD-101460,2024-06-02,West,Office Supplies,File Organizer,7,456.28,0.0,3193.96,1618.96,2024,6
ORD-101668,2022-03-15,South,Clothing,Jeans,4,1823.79,0.0,7295.16,3335.16,2022,3
ORD-102756,2024-09-13,West,Office Supplies,Notebook Pack,5,243.28,0.05,1155.58,593.08,2024,9
ORD-102000,2024-08-17,North,Clothing,T-Shirt,1,720.26,0.15,612.22,262.22,2024,8
ORD-104571,2024-09-20,West,Office Supplies,File Organizer,5,443.44,0.1,1995.48,870.48,2024,9
ORD-104613,2023-07-22,North,Electronics,Smartwatch,2,8010.72,0.05,15220.37,4820.37,2023,7
ORD-100404,2024-12-29,South,Furniture,Office Chair,2,7409.62,0.15,12596.35,3296.35,2024,12
ORD-100384,2023-04-07,West,Furniture,Office Chair,3,7656.54,0.1,20672.66,6722.66,2023,4
ORD-105519,2023-11-06,North,Clothing,T-Shirt,5,693.02,0.05,3291.84,1541.84,2023,11
ORD-102152,2024-06-02,West,Clothing,T-Shirt,2,709.45,0.15,1206.07,506.07,2024,6
ORD-101633,2024-03-09,North,Clothing,T-Shirt,7,699.57,0.05,4652.14,2202.14,2024,3
ORD-105631,2022-08-28,South,Office Supplies,File Organizer,2,443.12,0.0,886.24,436.24,2022,8
ORD-104784,2024-12-05,South,Home & Kitchen,Water Bottle,3,486.23,0.15,1239.89,639.89,2024,12
ORD-103925,2023-10-28,North,Home & Kitchen,Water Bottle,2,507.3,0.0,1014.6,614.6,2023,10
ORD-105336,2024-03-14,South,Office Supplies,Notebook Pack,5,256.65,0.05,1219.09,656.59,2024,3
ORD-104158,2023-07-03,South,Office Supplies,Notebook Pack,5,245.06,0.05,1164.03,601.53,2023,7
ORD-104948,2024-01-28,West,Office Supplies,Pen Set,5,176.91,0.15,751.87,391.87,2024,1
ORD-105358,2023-03-24,North,Furniture,Study Desk,1,9226.59,0.0,9226.59,3526.59,2023,3
ORD-100223,2024-11-26,South,Electronics,Smartwatch,1,8112.91,0.05,7707.26,2507.26,2024,11
ORD-102193,2022-03-26,East,Home & Kitchen,Water Bottle,7,503.39,0.05,3347.54,1947.54,2022,3
ORD-103136,2024-08-17,North,Office Supplies,File Organizer,4,447.14,0.0,1788.56,888.56,2024,8
ORD-104469,2022-10-29,West,Office Supplies,Notebook Pack,4,249.59,0.15,848.61,398.61,2022,10
ORD-101824,2024-04-28,South,Home & Kitchen,Water Bottle,3,493.15,0.2,1183.56,583.56,2024,4
ORD-105646,2023-11-15,West,Clothing,T-Shirt,3,693.2,0.1,1871.64,821.64,2023,11
ORD-104972,2023-01-23,West,Home & Kitchen,Water Bottle,4,513.01,0.2,1641.63,841.63,2023,1
ORD-100797,2022-08-10,West,Furniture,Office Chair,3,7618.76,0.1,20570.65,6620.65,2022,8
ORD-100009,2023-07-03,South,Home & Kitchen,Air Fryer,2,6605.31,0.0,13210.62,4370.62,2023,7
ORD-101944,2024-07-29,North,Clothing,T-Shirt,3,701.78,0.1,1894.81,844.81,2024,7
ORD-104804,2024-07-19,East,Clothing,T-Shirt,3,702.93,0.0,2108.79,1058.79,2024,7
ORD-100255,2024-05-07,East,Home & Kitchen,Water Bottle,4,488.57,0.05,1856.57,1056.57,2024,5
ORD-104485,2022-12-12,West,Clothing,Jeans,5,1840.31,0.1,8281.4,3331.4,2022,12
ORD-105537,2023-12-08,North,Electronics,Smartwatch,3,7821.74,0.15,19945.44,4345.44,2023,12
ORD-101581,2023-01-20,East,Home & Kitchen,Air Fryer,3,6362.04,0.1,17177.51,3917.51,2023,1
ORD-102956,2022-07-31,East,Clothing,Jeans,6,1845.47,0.15,9411.9,3471.9,2022,7
ORD-100924,2022-08-10,East,Office Supplies,Notebook Pack,7,256.19,0.1,1614.0,826.5,2022,8
ORD-105441,2024-07-15,North,Office Supplies,Notebook Pack,4,256.38,0.0,1025.52,575.52,2024,7
ORD-102508,2023-10-03,South,Home & Kitchen,Water Bottle,5,508.56,0.1,2288.52,1288.52,2023,10
ORD-105024,2024-01-03,North,Office Supplies,Notebook Pack,1,247.99,0.05,235.59,123.09,2024,1
ORD-105320,2022-05-01,South,Office Supplies,Pen Set,5,177.02,0.05,840.85,480.85,2022,5
ORD-104835,2024-07-31,South,Electronics,Headphones,4,3431.21,0.0,13724.84,6024.84,2024,7
ORD-104136,2023-09-01,West,Clothing,Jacket,7,3559.52,0.1,22424.98,7724.98,2023,9
ORD-104964,2022-10-30,South,Clothing,T-Shirt,3,692.42,0.05,1973.4,923.4,2022,10
ORD-102779,2022-07-03,South,Office Supplies,Notebook Pack,7,256.82,0.1,1617.97,830.47,2022,7
ORD-100539,2024-08-10,North,Clothing,Jacket,3,3583.98,0.1,9676.75,3376.75,2024,8
ORD-102745,2024-06-15,North,Office Supplies,Pen Set,4,179.68,0.05,682.78,394.78,2024,6
ORD-105525,2024-10-24,East,Clothing,Sneakers,5,3027.67,0.1,13624.52,4324.52,2024,10
ORD-101145,2023-01-29,South,Clothing,Jacket,1,3506.12,0.1,3155.51,1055.51,2023,1
ORD-104468,2024-12-25,West,Office Supplies,Printer,2,9257.3,0.05,17588.87,4088.87,2024,12
ORD-103019,2022-10-29,South,Home & Kitchen,Mixer Grinder,1,4133.9,0.2,3307.12,577.12,2022,10
ORD-100357,2024-07-02,South,Home & Kitchen,Water Bottle,7,507.85,0.0,3554.95,2154.95,2024,7
ORD-105063,2022-07-15,South,Office Supplies,Notebook Pack,3,256.56,0.0,769.68,432.18,2022,7
ORD-102831,2023-07-04,East,Clothing,T-Shirt,4,679.78,0.05,2583.16,1183.16,2023,7
ORD-102783,2023-03-09,West,Office Supplies,Notebook Pack,1,253.23,0.0,253.23,140.73,2023,3
ORD-101353,2023-01-05,West,Clothing,T-Shirt,5,708.43,0.2,2833.72,1083.72,2023,1
ORD-105131,2022-08-23,North,Office Supplies,Notebook Pack,4,255.98,0.0,1023.92,573.92,2022,8
ORD-102703,2024-07-16,West,Office Supplies,Notebook Pack,7,254.74,0.0,1783.18,995.68,2024,7
ORD-103330,2024-11-17,South,Clothing,T-Shirt,3,709.02,0.05,2020.71,970.71,2024,11
ORD-101396,2023-10-05,West,Office Supplies,Pen Set,5,184.27,0.0,921.35,561.35,2023,10
ORD-103584,2024-10-24,North,Home & Kitchen,Mixer Grinder,4,4246.19,0.0,16984.76,6064.76,2024,10
ORD-105513,2023-02-06,North,Electronics,Headphones,3,3424.17,0.1,9245.26,3470.26,2023,2
ORD-105262,2022-07-28,South,Clothing,T-Shirt,4,682.89,0.0,2731.56,1331.56,2022,7
ORD-103376,2022-01-16,West,Home & Kitchen,Water Bottle,1,492.82,0.05,468.18,268.18,2022,1
ORD-101256,2024-05-16,South,Office Supplies,Pen Set,2,180.89,0.05,343.69,199.69,2024,5
ORD-103512,2024-12-22,South,Office Supplies,Notebook Pack,4,247.14,0.05,939.13,489.13,2024,12
ORD-101250,2022-05-18,North,Clothing,T-Shirt,1,685.94,0.0,685.94,335.94,2022,5
ORD-105348,2024-02-10,North,Office Supplies,Pen Set,6,183.18,0.0,1099.08,667.08,2024,2
ORD-105904,2023-07-19,South,Office Supplies,Notebook Pack,4,254.6,0.1,916.56,466.56,2023,7
ORD-104298,2023-10-04,South,Clothing,T-Shirt,6,707.9,0.0,4247.4,2147.4,2023,10
ORD-103284,2022-09-11,South,Office Supplies,File Organizer,5,438.11,0.0,2190.55,1065.55,2022,9
ORD-102933,2024-09-26,South,Home & Kitchen,Water Bottle,6,507.06,0.0,3042.36,1842.36,2024,9
ORD-104175,2023-10-24,North,Clothing,Jeans,3,1763.14,0.05,5024.95,2054.95,2023,10
ORD-104910,2022-06-14,North,Clothing,Jacket,1,3488.78,0.0,3488.78,1388.78,2022,6
ORD-101852,2023-08-29,South,Clothing,T-Shirt,4,707.65,0.1,2547.54,1147.54,2023,8
ORD-105750,2022-02-24,South,Home & Kitchen,Air Fryer,3,6555.32,0.05,18682.66,5422.66,2022,2
ORD-105986,2022-03-05,East,Electronics,Headphones,7,3531.85,0.1,22250.66,8775.66,2022,3
ORD-100133,2023-03-04,North,Office Supplies,Notebook Pack,1,246.82,0.0,246.82,134.32,2023,3
ORD-105236,2022-09-03,West,Office Supplies,Pen Set,6,180.35,0.05,1027.99,595.99,2022,9
ORD-105029,2022-02-08,South,Home & Kitchen,Water Bottle,2,489.73,0.05,930.49,530.49,2022,2
ORD-100928,2023-11-18,North,Office Supplies,Notebook Pack,3,244.3,0.1,659.61,322.11,2023,11
ORD-100823,2024-02-06,North,Electronics,Smartphone,2,24381.08,0.0,48762.16,10362.16,2024,2
ORD-105582,2023-02-02,East,Office Supplies,Notebook Pack,5,244.89,0.0,1224.45,661.95,2023,2
ORD-101531,2022-06-23,North,Electronics,Headphones,7,3579.73,0.15,21299.39,7824.39,2022,6
ORD-101214,2022-12-03,South,Home & Kitchen,Mixer Grinder,1,4117.64,0.1,3705.88,975.88,2022,12
ORD-100504,2023-09-20,South,Clothing,Sneakers,3,3021.92,0.1,8159.18,2579.18,2023,9
ORD-101996,2022-12-17,North,Electronics,Headphones,1,3467.13,0.05,3293.77,1368.77,2022,12
ORD-103072,2024-07-20,South,Clothing,Jeans,6,1794.2,0.0,10765.2,4825.2,2024,7
ORD-101958,2024-08-24,South,Electronics,Headphones,4,3560.06,0.05,13528.23,5828.23,2024,8
ORD-101384,2024-11-28,North,Electronics,Headphones,7,3429.51,0.0,24006.57,10531.57,2024,11
ORD-100894,2024-05-15,West,Electronics,Smartwatch,1,8137.34,0.0,8137.34,2937.34,2024,5
ORD-104924,2023-07-30,West,Office Supplies,Notebook Pack,4,245.22,0.0,980.88,530.88,2023,7
ORD-100455,2022-09-02,South,Clothing,Sneakers,4,2932.48,0.1,10556.93,3116.93,2022,9
ORD-105695,2022-12-23,South,Home & Kitchen,Air Fryer,3,6571.26,0.05,18728.09,5468.09,2022,12
ORD-103709,2024-04-25,West,Clothing,T-Shirt,5,705.33,0.05,3350.32,1600.32,2024,4
ORD-105670,2023-12-16,West,Office Supplies,Pen Set,4,179.44,0.1,645.98,357.98,2023,12
ORD-104849,2024-06-07,North,Office Supplies,File Organizer,7,453.88,0.0,3177.16,1602.16,2024,6
ORD-104268,2024-06-26,North,Clothing,Sneakers,1,3040.75,0.0,3040.75,1180.75,2024,6
ORD-103522,2022-05-31,North,Electronics,Smartphone,1,23936.7,0.05,22739.86,3539.86,2022,5
ORD-104134,2023-09-08,North,Clothing,T-Shirt,7,683.23,0.2,3826.09,1376.09,2023,9
ORD-103602,2023-08-30,North,Clothing,Jeans,7,1791.98,0.0,12543.86,5613.86,2023,8
ORD-100713,2024-10-14,South,Clothing,Jeans,7,1853.91,0.0,12977.37,6047.37,2024,10
ORD-104186,2022-05-24,West,Clothing,T-Shirt,3,720.72,0.0,2162.16,1112.16,2022,5
ORD-102214,2024-10-30,North,Office Supplies,Notebook Pack,7,242.98,0.1,1530.77,743.27,2024,10
ORD-105301,2023-12-14,North,Home & Kitchen,Water Bottle,3,510.43,0.05,1454.73,854.73,2023,12
ORD-102923,2024-02-19,East,Office Supplies,Notebook Pack,6,248.54,0.15,1267.55,592.55,2024,2
ORD-103486,2024-02-22,North,Clothing,Jeans,2,1797.86,0.0,3595.72,1615.72,2024,2
ORD-103141,2022-08-20,North,Home & Kitchen,Water Bottle,4,508.75,0.0,2035.0,1235.0,2022,8
ORD-101827,2023-08-07,South,Electronics,Smartwatch,1,8161.51,0.05,7753.43,2553.43,2023,8
ORD-101155,2022-04-06,East,Clothing,Jacket,1,3451.87,0.1,3106.68,1006.68,2022,4
ORD-101324,2023-02-10,West,Clothing,Jacket,6,3479.06,0.2,16699.49,4099.49,2023,2
ORD-104312,2022-11-21,West,Clothing,T-Shirt,4,688.61,0.05,2616.72,1216.72,2022,11
ORD-100510,2022-04-12,North,Clothing,Sneakers,4,3010.97,0.0,12043.88,4603.88,2022,4
ORD-101680,2024-05-06,North,Home & Kitchen,Water Bottle,5,494.74,0.05,2350.01,1350.01,2024,5
ORD-100499,2023-09-12,South,Clothing,T-Shirt,5,697.57,0.0,3487.85,1737.85,2023,9
ORD-105573,2024-09-06,West,Home & Kitchen,Cookware Set,4,3777.68,0.05,14355.18,5995.18,2024,9
ORD-101856,2022-10-18,South,Furniture,Study Desk,1,9580.52,0.15,8143.44,2443.44,2022,10
ORD-101388,2024-10-14,West,Electronics,Smartphone,2,24454.45,0.1,44018.01,5618.01,2024,10
ORD-103719,2023-07-31,West,Electronics,Laptop,1,50813.22,0.0,50813.22,10253.22,2023,7
ORD-102386,2024-12-21,North,Home & Kitchen,Water Bottle,7,495.39,0.0,3467.73,2067.73,2024,12
ORD-103236,2024-11-25,West,Office Supplies,Pen Set,5,175.81,0.0,879.05,519.05,2024,11
ORD-101540,2024-07-25,North,Home & Kitchen,Water Bottle,3,495.44,0.05,1412.0,812.0,2024,7
ORD-102681,2024-08-28,West,Clothing,T-Shirt,6,694.72,0.0,4168.32,2068.32,2024,8
ORD-102993,2023-10-18,South,Office Supplies,Pen Set,3,181.51,0.05,517.3,301.3,2023,10
ORD-105512,2023-07-23,North,Clothing,T-Shirt,6,695.6,0.1,3756.24,1656.24,2023,7
ORD-101191,2023-04-27,North,Office Supplies,Notebook Pack,1,256.5,0.1,230.85,118.35,2023,4
ORD-105293,2024-02-12,West,Clothing,T-Shirt,5,709.41,0.15,3014.99,1264.99,2024,2
ORD-101542,2023-03-20,West,Clothing,Jeans,4,1832.61,0.0,7330.44,3370.44,2023,3
ORD-103301,2023-01-26,East,Office Supplies,Pen Set,2,181.33,0.2,290.13,146.13,2023,1
ORD-103324,2023-12-06,East,Office Supplies,Printer,1,9145.12,0.0,9145.12,2395.12,2023,12
ORD-102539,2023-09-08,East,Office Supplies,Notebook Pack,1,247.34,0.0,247.34,134.84,2023,9
ORD-104846,2022-07-06,East,Clothing,Jacket,5,3536.21,0.1,15912.94,5412.94,2022,7
ORD-104330,2022-05-21,West,Office Supplies,Pen Set,5,182.51,0.0,912.55,552.55,2022,5
ORD-100732,2022-06-03,South,Home & Kitchen,Air Fryer,3,6610.24,0.1,17847.65,4587.65,2022,6
ORD-101156,2022-03-18,West,Home & Kitchen,Air Fryer,3,6434.32,0.15,16407.52,3147.52,2022,3
ORD-105694,2024-05-11,North,Office Supplies,Notebook Pack,5,244.61,0.05,1161.9,599.4,2024,5
ORD-103294,2023-08-13,South,Electronics,Smartwatch,3,8090.54,0.15,20630.88,5030.88,2023,8
ORD-102982,2022-05-18,North,Clothing,Jeans,7,1751.09,0.05,11644.75,4714.75,2022,5
ORD-105305,2023-12-31,West,Clothing,T-Shirt,4,711.11,0.0,2844.44,1444.44,2023,12
ORD-105161,2024-11-13,South,Clothing,Jacket,4,3539.58,0.0,14158.32,5758.32,2024,11
ORD-102156,2022-05-16,North,Home & Kitchen,Air Fryer,2,6505.81,0.05,12361.04,3521.04,2022,5
ORD-101062,2022-11-18,West,Office Supplies,Notebook Pack,1,249.75,0.1,224.78,112.28,2022,11
ORD-102616,2022-09-19,North,Clothing,T-Shirt,2,717.77,0.2,1148.43,448.43,2022,9
ORD-101167,2023-10-09,North,Furniture,Study Desk,3,9520.23,0.0,28560.69,11460.69,2023,10
ORD-103222,2024-05-22,South,Office Supplies,Notebook Pack,1,254.99,0.0,254.99,142.49,2024,5
ORD-103636,2024-07-26,South,Clothing,T-Shirt,6,715.16,0.05,4076.41,1976.41,2024,7
ORD-104491,2024-08-25,East,Office Supplies,Pen Set,5,181.13,0.1,815.09,455.09,2024,8
ORD-104980,2024-10-20,South,Office Supplies,Notebook Pack,4,249.98,0.15,849.93,399.93,2024,10
ORD-100143,2023-11-07,West,Clothing,Jeans,3,1754.68,0.0,5264.04,2294.04,2023,11
ORD-103577,2022-11-19,West,Clothing,Jeans,7,1759.37,0.0,12315.59,5385.59,2022,11
ORD-104946,2023-11-28,West,Home & Kitchen,Water Bottle,3,496.13,0.0,1488.39,888.39,2023,11
ORD-102782,2024-01-06,South,Home & Kitchen,Water Bottle,5,486.37,0.15,2067.07,1067.07,2024,1
ORD-100717,2022-05-21,East,Home & Kitchen,Mixer Grinder,6,4314.94,0.2,20711.71,4331.71,2022,5
ORD-101819,2023-12-20,South,Office Supplies,Pen Set,5,180.24,0.0,901.2,541.2,2023,12
ORD-102502,2024-11-22,North,Electronics,Smartwatch,1,7878.24,0.0,7878.24,2678.24,2024,11
ORD-104360,2022-11-06,North,Home & Kitchen,Mixer Grinder,5,4157.19,0.05,19746.65,6096.65,2022,11
ORD-104171,2024-03-26,East,Office Supplies,Notebook Pack,4,254.27,0.05,966.23,516.23,2024,3
ORD-100395,2023-07-07,South,Clothing,Sneakers,7,2914.38,0.1,18360.59,5340.59,2023,7
ORD-104492,2024-12-28,South,Home & Kitchen,Water Bottle,4,488.61,0.1,1759.0,959.0,2024,12
ORD-101365,2023-09-22,East,Electronics,Headphones,4,3503.51,0.0,14014.04,6314.04,2023,9
ORD-105599,2023-07-31,West,Electronics,Headphones,7,3567.91,0.0,24975.37,11500.37,2023,7
ORD-100595,2022-12-10,South,Office Supplies,Pen Set,5,178.66,0.1,803.97,443.97,2022,12
ORD-103952,2024-11-17,East,Home & Kitchen,Mixer Grinder,3,4138.41,0.1,11173.71,2983.71,2024,11
ORD-105392,2024-12-14,East,Clothing,Jeans,6,1786.7,0.1,9648.18,3708.18,2024,12
ORD-104968,2022-02-16,West,Clothing,T-Shirt,5,686.81,0.05,3262.35,1512.35,2022,2
ORD-102914,2023-07-09,North,Office Supplies,Pen Set,3,183.36,0.15,467.57,251.57,2023,7
ORD-102326,2022-10-03,North,Clothing,Jeans,4,1807.35,0.1,6506.46,2546.46,2022,10
ORD-103766,2023-09-11,West,Office Supplies,Notebook Pack,3,243.01,0.0,729.03,391.53,2023,9
ORD-103440,2022-11-26,North,Clothing,T-Shirt,4,694.04,0.1,2498.54,1098.54,2022,11
ORD-103851,2022-12-10,North,Clothing,Jeans,2,1802.38,0.0,3604.76,1624.76,2022,12
ORD-105636,2022-11-25,North,Clothing,Sneakers,3,3050.27,0.0,9150.81,3570.81,2022,11
ORD-102143,2024-07-10,West,Office Supplies,Notebook Pack,6,243.59,0.05,1388.46,713.46,2024,7
ORD-105667,2024-10-05,West,Home & Kitchen,Cookware Set,7,3726.12,0.0,26082.84,11452.84,2024,10
ORD-105073,2023-09-04,West,Office Supplies,Notebook Pack,5,246.35,0.0,1231.75,669.25,2023,9
ORD-101571,2023-11-04,West,Home & Kitchen,Water Bottle,2,492.3,0.05,935.37,535.37,2023,11
ORD-104079,2023-07-03,North,Clothing,Jacket,7,3474.01,0.1,21886.26,7186.26,2023,7
ORD-101122,2024-08-06,East,Home & Kitchen,Water Bottle,7,496.42,0.0,3474.94,2074.94,2024,8
ORD-102786,2024-03-05,East,Clothing,T-Shirt,7,716.48,0.0,5015.36,2565.36,2024,3
ORD-102967,2022-12-15,East,Office Supplies,Notebook Pack,2,243.13,0.05,461.95,236.95,2022,12
ORD-102504,2022-12-09,North,Clothing,Jeans,7,1852.27,0.1,11669.3,4739.3,2022,12
ORD-103465,2024-06-26,West,Office Supplies,Notebook Pack,6,245.82,0.0,1474.92,799.92,2024,6
ORD-100675,2023-04-26,West,Electronics,Headphones,4,3515.15,0.0,14060.6,6360.6,2023,4
ORD-102808,2022-09-02,West,Home & Kitchen,Cookware Set,5,3789.39,0.0,18946.95,8496.95,2022,9
ORD-103348,2024-06-06,West,Clothing,Jeans,6,1799.06,0.05,10254.64,4314.64,2024,6
ORD-100728,2023-07-08,North,Clothing,Sneakers,3,2913.93,0.0,8741.79,3161.79,2023,7
ORD-100412,2022-05-06,North,Office Supplies,Pen Set,2,183.62,0.05,348.88,204.88,2022,5
ORD-103146,2024-04-26,North,Office Supplies,Notebook Pack,1,254.86,0.1,229.37,116.87,2024,4
ORD-101516,2022-06-01,West,Home & Kitchen,Air Fryer,3,6679.23,0.15,17032.04,3772.04,2022,6
ORD-100825,2022-01-28,West,Clothing,T-Shirt,6,714.76,0.05,4074.13,1974.13,2022,1
ORD-103974,2022-04-18,East,Clothing,Jeans,1,1829.5,0.05,1738.02,748.02,2022,4
ORD-100616,2024-05-11,West,Office Supplies,Pen Set,5,183.8,0.1,827.1,467.1,2024,5
ORD-100114,2022-08-25,East,Office Supplies,Pen Set,6,181.85,0.1,981.99,549.99,2022,8
ORD-100417,2024-06-09,South,Furniture,Study Desk,1,9246.16,0.05,8783.85,3083.85,2024,6
ORD-103069,2023-06-30,West,Office Supplies,Notebook Pack,1,256.33,0.1,230.7,118.2,2023,6
ORD-104185,2024-07-10,South,Electronics,Headphones,7,3535.16,0.0,24746.12,11271.12,2024,7
ORD-102896,2024-12-11,South,Office Supplies,Notebook Pack,5,244.41,0.1,1099.85,537.35,2024,12
ORD-105740,2024-04-09,North,Clothing,T-Shirt,3,711.03,0.2,1706.47,656.47,2024,4
ORD-102082,2024-02-26,North,Electronics,Smartphone,2,23676.58,0.0,47353.16,8953.16,2024,2
ORD-100753,2023-08-05,South,Home & Kitchen,Cookware Set,6,3854.2,0.05,21968.94,9428.94,2023,8
ORD-102546,2024-12-07,South,Clothing,Sneakers,6,2993.67,0.1,16165.82,5005.82,2024,12
ORD-103969,2022-07-13,East,Clothing,T-Shirt,1,717.81,0.1,646.03,296.03,2022,7
ORD-103373,2022-08-07,North,Home & Kitchen,Water Bottle,5,508.97,0.0,2544.85,1544.85,2022,8
ORD-104107,2024-04-18,East,Home & Kitchen,Water Bottle,1,494.42,0.05,469.7,269.7,2024,4
ORD-104380,2023-09-22,West,Clothing,Jeans,3,1808.81,0.05,5155.11,2185.11,2023,9
ORD-101066,2023-05-05,West,Clothing,Jacket,2,3430.82,0.1,6175.48,1975.48,2023,5
ORD-103913,2023-04-19,West,Office Supplies,Notebook Pack,3,256.91,0.1,693.66,356.16,2023,4
ORD-105287,2023-10-23,North,Home & Kitchen,Water Bottle,2,487.04,0.0,974.08,574.08,2023,10
ORD-105536,2022-12-29,East,Office Supplies,File Organizer,5,453.85,0.05,2155.79,1030.79,2022,12
ORD-105387,2022-09-11,East,Clothing,Jacket,3,3556.17,0.05,10135.08,3835.08,2022,9
ORD-103498,2023-04-26,South,Home & Kitchen,Water Bottle,3,498.41,0.05,1420.47,820.47,2023,4
ORD-102738,2024-03-26,South,Clothing,Sneakers,3,2925.47,0.0,8776.41,3196.41,2024,3
ORD-105052,2023-10-27,North,Home & Kitchen,Air Fryer,1,6384.59,0.05,6065.36,1645.36,2023,10
ORD-104000,2024-04-05,West,Clothing,Jacket,2,3600.76,0.0,7201.52,3001.52,2024,4
ORD-101568,2023-08-02,East,Home & Kitchen,Cookware Set,7,3856.92,0.1,24298.6,9668.6,2023,8
ORD-102427,2024-03-10,East,Office Supplies,Notebook Pack,5,255.02,0.15,1083.84,521.34,2024,3
ORD-103746,2022-11-13,North,Clothing,Jeans,3,1804.38,0.1,4871.83,1901.83,2022,11
ORD-105698,2024-08-28,South,Home & Kitchen,Mixer Grinder,6,4189.82,0.05,23881.97,7501.97,2024,8
ORD-101687,2023-09-03,East,Clothing,Jeans,4,1746.61,0.05,6637.12,2677.12,2023,9
ORD-100851,2022-09-22,East,Office Supplies,Pen Set,6,181.13,0.0,1086.78,654.78,2022,9
ORD-103546,2023-08-06,West,Clothing,Jeans,1,1829.03,0.05,1737.58,747.58,2023,8
ORD-100895,2024-09-25,South,Electronics,Headphones,3,3500.16,0.05,9975.46,4200.46,2024,9
ORD-104592,2024-04-20,South,Clothing,T-Shirt,2,684.98,0.05,1301.46,601.46,2024,4
ORD-100335,2023-12-15,North,Office Supplies,Pen Set,2,179.68,0.0,359.36,215.36,2023,12
ORD-102839,2022-03-08,South,Clothing,Jeans,2,1762.26,0.0,3524.52,1544.52,2022,3
ORD-103087,2023-07-06,West,Home & Kitchen,Mixer Grinder,5,4162.16,0.15,17689.18,4039.18,2023,7
ORD-104611,2023-01-05,South,Furniture,Office Chair,3,7637.02,0.0,22911.06,8961.06,2023,1
ORD-101348,2023-05-26,East,Office Supplies,Notebook Pack,2,248.09,0.0,496.18,271.18,2023,5
ORD-101015,2022-08-25,South,Home & Kitchen,Water Bottle,5,504.53,0.1,2270.38,1270.38,2022,8
ORD-102816,2022-12-14,West,Home & Kitchen,Air Fryer,1,6369.07,0.05,6050.62,1630.62,2022,12
ORD-102489,2023-12-10,West,Clothing,Jacket,7,3494.69,0.1,22016.55,7316.55,2023,12
ORD-103730,2024-11-10,North,Office Supplies,Notebook Pack,6,246.72,0.1,1332.29,657.29,2024,11
ORD-105692,2023-10-05,North,Furniture,Study Desk,1,9399.93,0.05,8929.93,3229.93,2023,10
ORD-102070,2024-09-03,East,Office Supplies,Pen Set,2,174.83,0.05,332.18,188.18,2024,9
ORD-104452,2024-01-25,East,Clothing,Sneakers,7,2933.95,0.2,16430.12,3410.12,2024,1
ORD-105408,2022-10-20,South,Office Supplies,File Organizer,7,456.51,0.0,3195.57,1620.57,2022,10
ORD-101635,2023-05-19,East,Electronics,Laptop,2,51387.78,0.0,102775.56,21655.56,2023,5
ORD-104646,2024-10-27,North,Office Supplies,File Organizer,1,440.98,0.1,396.88,171.88,2024,10
ORD-102479,2024-11-17,South,Home & Kitchen,Mixer Grinder,1,4236.32,0.05,4024.5,1294.5,2024,11
ORD-102265,2022-06-22,West,Home & Kitchen,Water Bottle,1,503.95,0.2,403.16,203.16,2022,6
ORD-102959,2024-10-23,East,Clothing,T-Shirt,7,693.21,0.1,4367.22,1917.22,2024,10
ORD-105323,2022-03-02,South,Home & Kitchen,Air Fryer,2,6689.37,0.05,12709.8,3869.8,2022,3
ORD-105811,2022-04-16,North,Office Supplies,Printer,3,8738.12,0.05,24903.64,4653.64,2022,4
ORD-103059,2022-12-02,North,Home & Kitchen,Mixer Grinder,5,4143.46,0.0,20717.3,7067.3,2022,12
ORD-105053,2022-06-14,South,Office Supplies,Pen Set,4,176.18,0.1,634.25,346.25,2022,6
ORD-102141,2023-06-14,North,Office Supplies,Notebook Pack,4,256.97,0.05,976.49,526.49,2023,6
ORD-105104,2024-07-30,North,Home & Kitchen,Air Fryer,2,6588.63,0.05,12518.4,3678.4,2024,7
ORD-103118,2022-12-03,West,Clothing,T-Shirt,3,709.76,0.0,2129.28,1079.28,2022,12
ORD-105803,2023-11-01,South,Clothing,Jacket,2,3577.85,0.0,7155.7,2955.7,2023,11
ORD-104045,2022-11-22,South,Office Supplies,Printer,2,8748.82,0.0,17497.64,3997.64,2022,11
ORD-103356,2023-10-28,East,Home & Kitchen,Water Bottle,5,487.48,0.0,2437.4,1437.4,2023,10
ORD-102744,2023-03-20,West,Clothing,T-Shirt,5,712.63,0.05,3384.99,1634.99,2023,3
ORD-105092,2023-02-28,North,Clothing,Jeans,7,1832.56,0.05,12186.52,5256.52,2023,2
ORD-103506,2023-08-24,South,Clothing,T-Shirt,1,685.24,0.05,650.98,300.98,2023,8
ORD-101679,2023-09-28,South,Home & Kitchen,Water Bottle,5,512.81,0.0,2564.05,1564.05,2023,9
ORD-104249,2024-07-03,South,Home & Kitchen,Water Bottle,4,500.58,0.05,1902.2,1102.2,2024,7
ORD-103147,2024-04-01,East,Office Supplies,Pen Set,1,179.89,0.0,179.89,107.89,2024,4
ORD-102294,2022-12-31,West,Clothing,Jeans,5,1765.09,0.05,8384.18,3434.18,2022,12
ORD-100580,2023-08-27,South,Home & Kitchen,Mixer Grinder,1,4248.0,0.0,4248.0,1518.0,2023,8
ORD-104799,2024-05-20,West,Home & Kitchen,Air Fryer,3,6426.9,0.05,18316.66,5056.66,2024,5
ORD-104070,2023-04-27,North,Office Supplies,File Organizer,2,444.98,0.05,845.46,395.46,2023,4
ORD-105308,2022-09-03,South,Electronics,Laptop,3,51867.42,0.1,140042.03,18362.03,2022,9
ORD-103343,2022-05-23,North,Furniture,Study Desk,3,9357.97,0.05,26670.21,9570.21,2022,5
ORD-104992,2024-03-23,South,Clothing,T-Shirt,4,713.81,0.05,2712.48,1312.48,2024,3
ORD-104583,2024-12-16,South,Office Supplies,Printer,2,9200.19,0.05,17480.36,3980.36,2024,12
ORD-103672,2022-12-28,West,Home & Kitchen,Water Bottle,7,495.79,0.15,2949.95,1549.95,2022,12
ORD-100559,2023-08-21,North,Furniture,Sofa Set,3,31787.96,0.1,85827.49,18627.49,2023,8
ORD-105215,2023-07-01,West,Electronics,Headphones,4,3534.74,0.0,14138.96,6438.96,2023,7
ORD-102849,2023-04-08,West,Home & Kitchen,Water Bottle,3,495.14,0.0,1485.42,885.42,2023,4
ORD-100512,2022-03-22,East,Furniture,Office Chair,3,7561.88,0.0,22685.64,8735.64,2022,3
ORD-104729,2023-05-17,North,Home & Kitchen,Cookware Set,5,3857.69,0.1,17359.6,6909.6,2023,5
ORD-101081,2024-10-22,West,Home & Kitchen,Mixer Grinder,1,4197.59,0.0,4197.59,1467.59,2024,10
ORD-101664,2024-10-26,South,Electronics,Smartwatch,1,8190.1,0.0,8190.1,2990.1,2024,10
ORD-101012,2023-07-28,North,Electronics,Laptop,2,52127.75,0.1,93829.95,12709.95,2023,7
ORD-101931,2023-12-12,North,Clothing,T-Shirt,5,688.44,0.05,3270.09,1520.09,2023,12
ORD-101150,2022-07-14,East,Clothing,T-Shirt,4,712.67,0.2,2280.54,880.54,2022,7
ORD-102838,2023-04-02,North,Furniture,Office Chair,2,7363.19,0.1,13253.74,3953.74,2023,4
ORD-100116,2024-05-20,East,Office Supplies,Pen Set,4,176.83,0.05,671.95,383.95,2024,5
ORD-100740,2022-01-03,West,Clothing,T-Shirt,5,720.25,0.1,3241.12,1491.12,2022,1
ORD-105903,2024-07-01,South,Office Supplies,Notebook Pack,4,245.78,0.15,835.65,385.65,2024,7
ORD-105177,2022-01-07,West,Clothing,Jeans,2,1850.26,0.15,3145.44,1165.44,2022,1
ORD-103675,2024-09-22,East,Electronics,Headphones,2,3542.94,0.0,7085.88,3235.88,2024,9
ORD-100830,2023-12-12,South,Office Supplies,File Organizer,6,454.11,0.0,2724.66,1374.66,2023,12
ORD-100119,2023-12-26,North,Electronics,Laptop,3,50448.16,0.05,143777.26,22097.26,2023,12
ORD-105869,2022-09-17,East,Furniture,Bookshelf,3,5898.57,0.05,16810.92,6370.92,2022,9
ORD-105820,2024-03-15,North,Clothing,Sneakers,7,2973.99,0.0,20817.93,7797.93,2024,3
ORD-104465,2022-07-23,South,Home & Kitchen,Air Fryer,1,6533.99,0.0,6533.99,2113.99,2022,7
ORD-104364,2024-05-06,North,Electronics,Smartphone,1,23603.74,0.0,23603.74,4403.74,2024,5
ORD-104142,2022-02-19,West,Office Supplies,Notebook Pack,4,253.61,0.05,963.72,513.72,2022,2
ORD-100991,2024-05-12,South,Office Supplies,Notebook Pack,1,245.2,0.0,245.2,132.7,2024,5
ORD-100876,2023-04-29,South,Electronics,Laptop,3,52973.99,0.0,158921.97,37241.97,2023,4
ORD-104869,2024-01-03,North,Home & Kitchen,Water Bottle,1,503.49,0.0,503.49,303.49,2024,1
ORD-105315,2023-05-01,East,Furniture,Bookshelf,3,5883.43,0.15,15002.75,4562.75,2023,5
ORD-105222,2022-05-17,East,Electronics,Smartphone,2,24008.53,0.05,45616.21,7216.21,2022,5
ORD-100004,2022-05-11,West,Electronics,Smartphone,2,23357.77,0.2,37372.43,-1027.57,2022,5
ORD-103051,2022-05-15,South,Clothing,T-Shirt,3,707.68,0.1,1910.74,860.74,2022,5
ORD-105691,2022-05-26,North,Clothing,Sneakers,3,3060.21,0.05,8721.6,3141.6,2022,5
ORD-103124,2022-09-11,North,Home & Kitchen,Air Fryer,2,6436.44,0.0,12872.88,4032.88,2022,9
ORD-102660,2024-08-14,North,Office Supplies,Notebook Pack,6,255.68,0.15,1303.97,628.97,2024,8
ORD-102491,2023-05-08,South,Home & Kitchen,Water Bottle,1,485.35,0.0,485.35,285.35,2023,5
ORD-105173,2022-03-10,East,Home & Kitchen,Water Bottle,5,490.47,0.15,2084.5,1084.5,2022,3
ORD-103854,2023-12-06,West,Electronics,Headphones,2,3551.18,0.1,6392.12,2542.12,2023,12
ORD-104933,2022-11-14,West,Office Supplies,File Organizer,7,444.59,0.2,2489.7,914.7,2022,11
ORD-104777,2022-04-25,South,Office Supplies,Printer,1,8968.87,0.0,8968.87,2218.87,2022,4
ORD-101715,2024-06-02,West,Electronics,Smartphone,1,23798.96,0.15,20229.12,1029.12,2024,6
ORD-101148,2023-08-18,East,Clothing,Jacket,5,3604.1,0.0,18020.5,7520.5,2023,8
ORD-103261,2024-03-15,North,Electronics,Headphones,6,3557.97,0.0,21347.82,9797.82,2024,3
ORD-103769,2023-12-29,West,Electronics,Headphones,7,3431.21,0.1,21616.62,8141.62,2023,12
ORD-103736,2022-11-18,South,Electronics,Laptop,1,50803.24,0.15,43182.75,2622.75,2022,11
ORD-104146,2022-02-16,West,Electronics,Laptop,1,51568.43,0.0,51568.43,11008.43,2022,2
ORD-100853,2024-10-22,South,Office Supplies,Pen Set,7,183.9,0.0,1287.3,783.3,2024,10
ORD-102774,2024-05-16,East,Clothing,Jeans,5,1831.11,0.1,8239.99,3289.99,2024,5
ORD-104929,2022-12-19,North,Office Supplies,Pen Set,6,181.36,0.1,979.34,547.34,2022,12
ORD-105211,2022-11-08,North,Clothing,Sneakers,1,2969.84,0.0,2969.84,1109.84,2022,11
ORD-101166,2024-07-27,West,Clothing,Jacket,1,3541.16,0.15,3009.99,909.99,2024,7
ORD-100971,2022-02-14,South,Office Supplies,Pen Set,7,177.49,0.0,1242.43,738.43,2022,2
ORD-102701,2023-10-03,East,Clothing,T-Shirt,1,718.04,0.1,646.24,296.24,2023,10
ORD-103847,2024-03-25,East,Office Supplies,Pen Set,6,177.78,0.2,853.34,421.34,2024,3
ORD-102368,2023-03-27,East,Office Supplies,Notebook Pack,7,248.48,0.1,1565.42,777.92,2023,3
ORD-104115,2022-11-30,West,Office Supplies,Pen Set,3,179.51,0.15,457.75,241.75,2022,11
ORD-104780,2023-01-12,South,Office Supplies,Pen Set,5,179.48,0.0,897.4,537.4,2023,1
ORD-104131,2023-12-26,South,Electronics,Headphones,2,3557.45,0.05,6759.15,2909.15,2023,12
ORD-100524,2022-06-13,South,Office Supplies,Notebook Pack,3,254.33,0.1,686.69,349.19,2022,6
ORD-102455,2023-10-08,South,Electronics,Headphones,1,3603.63,0.05,3423.45,1498.45,2023,10
ORD-105016,2023-09-05,West,Office Supplies,File Organizer,5,445.61,0.05,2116.65,991.65,2023,9
ORD-101841,2023-11-06,South,Office Supplies,Notebook Pack,7,254.91,0.0,1784.37,996.87,2023,11
ORD-100537,2022-08-08,South,Clothing,T-Shirt,2,708.17,0.0,1416.34,716.34,2022,8
ORD-102806,2023-02-08,North,Electronics,Laptop,2,50964.21,0.05,96832.0,15712.0,2023,2
ORD-105596,2024-10-24,North,Office Supplies,Pen Set,3,178.19,0.05,507.84,291.84,2024,10
ORD-104341,2022-06-19,South,Home & Kitchen,Water Bottle,2,492.58,0.15,837.39,437.39,2022,6
ORD-103175,2022-03-01,West,Home & Kitchen,Water Bottle,1,494.9,0.0,494.9,294.9,2022,3
ORD-100784,2024-12-19,South,Clothing,Jeans,5,1834.35,0.0,9171.75,4221.75,2024,12
ORD-104057,2024-11-24,East,Office Supplies,Pen Set,7,183.7,0.0,1285.9,781.9,2024,11
ORD-101409,2024-03-27,East,Furniture,Bookshelf,1,5942.45,0.05,5645.33,2165.33,2024,3
ORD-102537,2023-04-09,West,Home & Kitchen,Water Bottle,7,499.22,0.0,3494.54,2094.54,2023,4
ORD-100154,2022-05-30,North,Office Supplies,Pen Set,3,178.09,0.05,507.56,291.56,2022,5
ORD-103009,2024-05-12,West,Electronics,Smartphone,1,24365.58,0.0,24365.58,5165.58,2024,5
ORD-101686,2023-09-01,West,Office Supplies,File Organizer,7,462.65,0.0,3238.55,1663.55,2023,9
ORD-102901,2024-11-06,North,Home & Kitchen,Cookware Set,6,3759.79,0.0,22558.74,10018.74,2024,11
ORD-104721,2023-10-13,North,Office Supplies,Notebook Pack,7,246.19,0.1,1551.0,763.5,2023,10
ORD-103863,2023-02-28,South,Home & Kitchen,Water Bottle,7,507.61,0.05,3375.61,1975.61,2023,2
ORD-102733,2023-02-15,East,Office Supplies,File Organizer,1,452.7,0.1,407.43,182.43,2023,2
ORD-105442,2024-07-23,North,Office Supplies,Notebook Pack,2,255.53,0.1,459.95,234.95,2024,7
ORD-100569,2023-10-10,South,Home & Kitchen,Cookware Set,6,3813.18,0.0,22879.08,10339.08,2023,10
ORD-101816,2024-05-22,North,Clothing,T-Shirt,3,689.1,0.0,2067.3,1017.3,2024,5
ORD-102065,2024-11-05,East,Electronics,Smartwatch,1,8119.04,0.0,8119.04,2919.04,2024,11
ORD-100127,2022-07-15,East,Electronics,Laptop,2,50948.54,0.1,91707.37,10587.37,2022,7
ORD-103327,2024-08-23,West,Electronics,Smartphone,3,23858.05,0.0,71574.15,13974.15,2024,8
ORD-102975,2024-07-23,East,Electronics,Smartphone,2,24527.16,0.0,49054.32,10654.32,2024,7
ORD-102300,2024-11-20,North,Clothing,Jeans,2,1815.61,0.1,3268.1,1288.1,2024,11
ORD-100190,2024-11-11,South,Home & Kitchen,Mixer Grinder,5,4091.09,0.1,18409.91,4759.91,2024,11
ORD-101139,2024-02-17,South,Electronics,Smartwatch,1,8037.89,0.0,8037.89,2837.89,2024,2
ORD-105088,2024-11-11,North,Home & Kitchen,Air Fryer,3,6602.61,0.05,18817.44,5557.44,2024,11
ORD-100699,2022-12-31,East,Clothing,T-Shirt,2,707.78,0.05,1344.78,644.78,2022,12
ORD-105870,2024-01-05,South,Electronics,Smartphone,2,23508.72,0.2,37613.95,-786.05,2024,1
ORD-100606,2024-09-10,East,Home & Kitchen,Air Fryer,1,6461.03,0.05,6137.98,1717.98,2024,9
ORD-100301,2022-07-02,North,Office Supplies,File Organizer,2,444.1,0.0,888.2,438.2,2022,7
ORD-103420,2024-09-04,South,Electronics,Smartphone,2,23777.29,0.05,45176.85,6776.85,2024,9
ORD-105917,2024-06-09,North,Clothing,Jeans,2,1761.52,0.1,3170.74,1190.74,2024,6
ORD-101060,2024-11-24,East,Furniture,Office Chair,2,7461.29,0.05,14176.45,4876.45,2024,11
ORD-102565,2023-05-01,West,Office Supplies,Pen Set,7,179.83,0.1,1132.93,628.93,2023,5
ORD-101069,2023-05-05,North,Clothing,Jacket,1,3554.16,0.05,3376.45,1276.45,2023,5
ORD-102524,2024-10-22,South,Electronics,Headphones,5,3545.87,0.1,15956.41,6331.41,2024,10
ORD-102205,2023-11-21,South,Office Supplies,Pen Set,1,184.99,0.0,184.99,112.99,2023,11
ORD-101243,2022-03-21,West,Home & Kitchen,Mixer Grinder,6,4198.21,0.0,25189.26,8809.26,2022,3
ORD-100016,2023-10-23,South,Electronics,Smartwatch,1,8196.18,0.0,8196.18,2996.18,2023,10
ORD-103120,2022-08-06,East,Clothing,T-Shirt,7,688.29,0.1,4336.23,1886.23,2022,8
ORD-104642,2023-07-29,North,Clothing,Sneakers,6,3072.95,0.0,18437.7,7277.7,2023,7
ORD-104754,2024-10-31,West,Clothing,Jeans,2,1823.8,0.0,3647.6,1667.6,2024,10
ORD-100815,2024-10-09,East,Furniture,Office Chair,1,7399.28,0.15,6289.39,1639.39,2024,10
ORD-103067,2022-08-31,North,Clothing,T-Shirt,6,703.33,0.0,4219.98,2119.98,2022,8
ORD-105875,2023-08-03,North,Office Supplies,Pen Set,5,177.18,0.15,753.02,393.02,2023,8
ORD-105600,2023-10-02,North,Home & Kitchen,Air Fryer,1,6327.86,0.1,5695.07,1275.07,2023,10
ORD-100959,2023-10-01,North,Home & Kitchen,Cookware Set,6,3756.21,0.1,20283.53,7743.53,2023,10
ORD-104893,2022-12-01,West,Office Supplies,Pen Set,7,179.98,0.15,1070.88,566.88,2022,12
ORD-100225,2024-11-01,East,Electronics,Headphones,5,3558.43,0.0,17792.15,8167.15,2024,11
ORD-103354,2023-08-23,South,Clothing,Jeans,1,1838.58,0.1,1654.72,664.72,2023,8
ORD-102485,2023-04-16,West,Home & Kitchen,Mixer Grinder,5,4309.6,0.1,19393.2,5743.2,2023,4
ORD-103436,2023-02-08,South,Office Supplies,Notebook Pack,1,251.5,0.05,238.92,126.42,2023,2
ORD-101693,2024-04-27,East,Furniture,Sofa Set,3,31783.77,0.15,81048.61,13848.61,2024,4
ORD-103446,2024-02-25,East,Clothing,T-Shirt,1,689.94,0.0,689.94,339.94,2024,2
ORD-104565,2024-02-03,North,Office Supplies,Pen Set,5,180.09,0.15,765.38,405.38,2024,2
ORD-100954,2024-11-13,South,Clothing,Jacket,4,3438.93,0.2,11004.58,2604.58,2024,11
ORD-102735,2023-07-14,North,Office Supplies,Notebook Pack,7,246.39,0.1,1552.26,764.76,2023,7
ORD-104735,2024-05-07,East,Office Supplies,Pen Set,6,184.19,0.0,1105.14,673.14,2024,5
ORD-105920,2023-07-20,South,Clothing,Jacket,5,3444.12,0.1,15498.54,4998.54,2023,7
ORD-101218,2024-02-22,East,Office Supplies,Notebook Pack,1,256.75,0.0,256.75,144.25,2024,2
ORD-105254,2024-05-13,North,Office Supplies,Printer,3,8846.69,0.1,23886.06,3636.06,2024,5
ORD-105511,2023-10-07,West,Home & Kitchen,Water Bottle,6,512.53,0.05,2921.42,1721.42,2023,10
ORD-101527,2023-08-04,South,Clothing,Sneakers,3,2959.75,0.1,7991.32,2411.32,2023,8
ORD-103987,2023-07-21,East,Home & Kitchen,Mixer Grinder,7,4322.81,0.1,27233.7,8123.7,2023,7
ORD-101300,2022-10-09,West,Office Supplies,Pen Set,4,181.32,0.1,652.75,364.75,2022,10
ORD-105699,2022-03-19,West,Home & Kitchen,Mixer Grinder,1,4193.75,0.05,3984.06,1254.06,2022,3
ORD-104067,2024-03-14,South,Home & Kitchen,Water Bottle,1,497.26,0.0,497.26,297.26,2024,3
ORD-105800,2023-05-21,West,Clothing,Sneakers,3,2914.91,0.0,8744.73,3164.73,2023,5
ORD-100956,2024-06-09,North,Office Supplies,Notebook Pack,1,248.88,0.05,236.44,123.94,2024,6
ORD-103791,2023-02-03,North,Electronics,Headphones,6,3524.34,0.2,16916.83,5366.83,2023,2
ORD-102869,2022-02-23,West,Clothing,Jeans,4,1777.86,0.0,7111.44,3151.44,2022,2
ORD-103777,2022-04-20,South,Clothing,Jeans,5,1803.02,0.05,8564.34,3614.34,2022,4
ORD-104433,2023-04-02,West,Office Supplies,File Organizer,7,447.24,0.05,2974.15,1399.15,2023,4
ORD-104973,2024-09-17,South,Office Supplies,Pen Set,5,183.57,0.05,871.96,511.96,2024,9
ORD-102961,2024-12-07,South,Office Supplies,Pen Set,4,182.05,0.0,728.2,440.2,2024,12
ORD-102200,2022-06-12,North,Electronics,Laptop,3,52588.84,0.05,149878.19,28198.19,2022,6
ORD-100098,2022-06-11,North,Clothing,Jeans,5,1832.41,0.05,8703.95,3753.95,2022,6
ORD-102557,2022-11-25,West,Clothing,Jacket,4,3601.58,0.15,12245.37,3845.37,2022,11
ORD-100253,2022-11-11,West,Office Supplies,Pen Set,3,178.08,0.0,534.24,318.24,2022,11
ORD-103923,2024-10-30,North,Electronics,Smartphone,2,24422.85,0.0,48845.7,10445.7,2024,10
ORD-104199,2022-05-22,West,Home & Kitchen,Mixer Grinder,6,4210.25,0.0,25261.5,8881.5,2022,5
ORD-101445,2023-11-04,West,Clothing,Jeans,4,1789.56,0.05,6800.33,2840.33,2023,11
ORD-105539,2022-01-02,East,Home & Kitchen,Mixer Grinder,5,4260.74,0.05,20238.51,6588.51,2022,1
ORD-104682,2024-05-22,West,Home & Kitchen,Mixer Grinder,4,4247.85,0.0,16991.4,6071.4,2024,5
ORD-104723,2023-12-13,East,Furniture,Office Chair,2,7506.98,0.0,15013.96,5713.96,2023,12
ORD-103991,2023-06-01,North,Office Supplies,Notebook Pack,7,256.84,0.0,1797.88,1010.38,2023,6
ORD-101696,2022-09-08,West,Office Supplies,Notebook Pack,3,252.2,0.0,756.6,419.1,2022,9
ORD-103191,2022-02-10,South,Office Supplies,Notebook Pack,2,253.7,0.0,507.4,282.4,2022,2
ORD-104499,2024-06-02,West,Clothing,Sneakers,6,2955.4,0.0,17732.4,6572.4,2024,6
ORD-101154,2023-10-04,North,Home & Kitchen,Mixer Grinder,1,4316.23,0.05,4100.42,1370.42,2023,10
ORD-102255,2023-09-22,West,Furniture,Study Desk,1,9484.1,0.1,8535.69,2835.69,2023,9
ORD-101682,2024-05-11,North,Office Supplies,Pen Set,4,183.78,0.0,735.12,447.12,2024,5
ORD-102056,2024-12-14,South,Clothing,T-Shirt,5,704.55,0.1,3170.47,1420.47,2024,12
ORD-104090,2022-05-20,North,Clothing,Jeans,4,1830.75,0.0,7323.0,3363.0,2022,5
ORD-105999,2024-07-23,West,Clothing,T-Shirt,7,679.77,0.0,4758.39,2308.39,2024,7
ORD-103108,2022-09-06,West,Home & Kitchen,Mixer Grinder,4,4182.03,0.05,15891.71,4971.71,2022,9
ORD-104548,2024-04-16,West,Clothing,T-Shirt,3,680.82,0.0,2042.46,992.46,2024,4
ORD-103723,2023-06-11,South,Office Supplies,Pen Set,6,174.95,0.1,944.73,512.73,2023,6
ORD-105423,2022-01-10,North,Electronics,Headphones,1,3546.47,0.05,3369.15,1444.15,2022,1
ORD-102049,2023-02-18,West,Clothing,Jeans,6,1774.74,0.0,10648.44,4708.44,2023,2
ORD-104976,2023-07-20,West,Office Supplies,Pen Set,1,183.64,0.0,183.64,111.64,2023,7
ORD-103643,2022-08-24,East,Electronics,Headphones,5,3411.2,0.1,15350.4,5725.4,2022,8
ORD-100623,2023-07-19,South,Office Supplies,Pen Set,6,183.65,0.05,1046.81,614.81,2023,7
ORD-100262,2023-01-14,South,Electronics,Smartphone,2,23688.37,0.05,45007.9,6607.9,2023,1
ORD-105730,2022-12-08,South,Home & Kitchen,Air Fryer,2,6410.27,0.0,12820.54,3980.54,2022,12
ORD-103369,2023-06-22,South,Clothing,Sneakers,2,3011.08,0.0,6022.16,2302.16,2023,6
ORD-104061,2024-03-23,South,Office Supplies,File Organizer,5,452.64,0.0,2263.2,1138.2,2024,3
ORD-105534,2024-08-13,East,Electronics,Headphones,5,3473.44,0.05,16498.84,6873.84,2024,8
ORD-101802,2022-07-03,North,Office Supplies,Pen Set,2,179.09,0.0,358.18,214.18,2022,7
ORD-104736,2024-02-28,South,Office Supplies,Pen Set,3,180.97,0.05,515.76,299.76,2024,2
ORD-102385,2024-05-24,West,Office Supplies,Pen Set,7,177.26,0.0,1240.82,736.82,2024,5
ORD-105759,2022-03-18,North,Clothing,T-Shirt,1,684.22,0.2,547.38,197.38,2022,3
ORD-101959,2023-12-15,West,Home & Kitchen,Water Bottle,5,513.82,0.0,2569.1,1569.1,2023,12
ORD-102976,2024-01-26,North,Electronics,Smartphone,3,23519.75,0.0,70559.25,12959.25,2024,1
ORD-100488,2023-11-08,East,Electronics,Laptop,3,50935.98,0.0,152807.94,31127.94,2023,11
ORD-101843,2024-11-14,West,Clothing,T-Shirt,1,718.1,0.05,682.19,332.19,2024,11
ORD-101734,2024-09-10,South,Home & Kitchen,Mixer Grinder,4,4254.19,0.2,13613.41,2693.41,2024,9
ORD-102911,2022-07-21,North,Office Supplies,File Organizer,1,454.42,0.1,408.98,183.98,2022,7
ORD-103219,2023-02-10,West,Electronics,Smartwatch,2,8019.22,0.05,15236.52,4836.52,2023,2
ORD-100146,2023-02-12,South,Clothing,Sneakers,7,2956.43,0.1,18625.51,5605.51,2023,2
ORD-105630,2023-05-30,North,Clothing,Jeans,7,1801.24,0.05,11978.25,5048.25,2023,5
ORD-101986,2022-11-20,East,Home & Kitchen,Water Bottle,2,512.73,0.0,1025.46,625.46,2022,11
ORD-101369,2023-02-28,East,Home & Kitchen,Water Bottle,6,497.93,0.05,2838.2,1638.2,2023,2
ORD-102811,2024-09-17,West,Home & Kitchen,Water Bottle,4,514.36,0.1,1851.7,1051.7,2024,9
ORD-100659,2023-05-02,South,Office Supplies,Pen Set,2,185.27,0.05,352.01,208.01,2023,5
ORD-101794,2024-10-20,West,Clothing,Jeans,4,1756.93,0.0,7027.72,3067.72,2024,10
ORD-102511,2023-05-28,South,Office Supplies,File Organizer,4,447.09,0.1,1609.52,709.52,2023,5
ORD-103397,2022-06-01,South,Home & Kitchen,Air Fryer,2,6507.85,0.0,13015.7,4175.7,2022,6
ORD-104282,2023-12-16,South,Office Supplies,Pen Set,5,183.97,0.05,873.86,513.86,2023,12
ORD-101147,2024-07-05,East,Clothing,Sneakers,4,2947.82,0.0,11791.28,4351.28,2024,7
ORD-103272,2024-01-11,South,Home & Kitchen,Water Bottle,6,508.72,0.0,3052.32,1852.32,2024,1
ORD-103582,2023-05-07,North,Furniture,Sofa Set,1,31635.98,0.1,28472.38,6072.38,2023,5
ORD-101930,2024-01-14,North,Office Supplies,Notebook Pack,1,249.77,0.0,249.77,137.27,2024,1
ORD-100197,2024-09-18,West,Electronics,Smartwatch,3,7904.57,0.05,22528.02,6928.02,2024,9
ORD-102931,2022-10-02,West,Office Supplies,Notebook Pack,7,244.08,0.05,1623.13,835.63,2022,10
ORD-102327,2022-09-20,South,Clothing,T-Shirt,1,709.93,0.05,674.43,324.43,2022,9
ORD-104389,2023-11-16,South,Furniture,Office Chair,1,7694.13,0.15,6540.01,1890.01,2023,11
ORD-100766,2022-09-08,South,Home & Kitchen,Mixer Grinder,3,4309.66,0.1,11636.08,3446.08,2022,9
ORD-104496,2023-08-04,East,Office Supplies,Notebook Pack,6,249.05,0.15,1270.16,595.16,2023,8
ORD-104218,2024-12-12,East,Electronics,Smartphone,1,23527.62,0.1,21174.86,1974.86,2024,12
ORD-103255,2024-07-07,South,Furniture,Study Desk,3,9226.52,0.0,27679.56,10579.56,2024,7
ORD-100202,2023-08-29,East,Clothing,T-Shirt,3,693.5,0.0,2080.5,1030.5,2023,8
ORD-104931,2023-12-29,West,Clothing,Sneakers,5,2918.51,0.0,14592.55,5292.55,2023,12
ORD-105535,2024-05-14,West,Office Supplies,Notebook Pack,2,245.77,0.0,491.54,266.54,2024,5
ORD-105791,2024-03-09,East,Clothing,T-Shirt,2,681.09,0.15,1157.85,457.85,2024,3
ORD-102777,2023-09-13,North,Clothing,Sneakers,2,3071.56,0.05,5835.96,2115.96,2023,9
ORD-101707,2023-05-20,West,Office Supplies,Pen Set,5,184.18,0.05,874.86,514.86,2023,5
ORD-105172,2024-08-11,South,Home & Kitchen,Mixer Grinder,7,4294.57,0.15,25552.69,6442.69,2024,8
ORD-105249,2024-07-26,North,Office Supplies,File Organizer,7,447.85,0.15,2664.71,1089.71,2024,7
ORD-105757,2023-08-21,East,Office Supplies,Notebook Pack,6,253.57,0.05,1445.35,770.35,2023,8
ORD-103474,2023-10-21,North,Office Supplies,Pen Set,2,177.54,0.0,355.08,211.08,2023,10
ORD-105855,2024-07-25,East,Office Supplies,Notebook Pack,2,244.5,0.05,464.55,239.55,2024,7
ORD-100854,2022-10-06,North,Electronics,Smartwatch,1,8196.99,0.0,8196.99,2996.99,2022,10
ORD-105685,2022-01-23,South,Home & Kitchen,Mixer Grinder,2,4270.53,0.05,8114.01,2654.01,2022,1
ORD-104737,2022-03-14,North,Office Supplies,Pen Set,4,184.35,0.05,700.53,412.53,2022,3
ORD-104097,2023-12-22,South,Home & Kitchen,Water Bottle,6,509.11,0.15,2596.46,1396.46,2023,12
ORD-102160,2023-06-30,South,Office Supplies,Pen Set,2,183.06,0.0,366.12,222.12,2023,6
ORD-100698,2024-01-25,East,Clothing,Jacket,6,3524.04,0.0,21144.24,8544.24,2024,1
ORD-102999,2022-05-16,South,Clothing,Jeans,5,1819.02,0.05,8640.34,3690.34,2022,5
ORD-103696,2022-12-31,South,Office Supplies,Pen Set,7,183.03,0.1,1153.09,649.09,2022,12
ORD-101636,2023-05-09,South,Office Supplies,File Organizer,3,462.47,0.2,1109.93,434.93,2023,5
ORD-103581,2024-06-25,South,Electronics,Smartphone,2,24163.09,0.0,48326.18,9926.18,2024,6
ORD-101291,2024-02-01,North,Office Supplies,Notebook Pack,5,252.46,0.15,1072.95,510.45,2024,2
ORD-104659,2022-07-29,West,Office Supplies,Printer,1,9074.74,0.0,9074.74,2324.74,2022,7
ORD-105616,2023-06-21,North,Office Supplies,Notebook Pack,6,255.01,0.0,1530.06,855.06,2023,6
ORD-101853,2024-05-18,South,Office Supplies,File Organizer,4,460.08,0.0,1840.32,940.32,2024,5
ORD-105232,2023-05-12,West,Electronics,Smartphone,1,24222.06,0.0,24222.06,5022.06,2023,5
ORD-103763,2022-11-11,West,Office Supplies,Notebook Pack,5,248.69,0.05,1181.28,618.78,2022,11
ORD-103304,2024-04-08,South,Electronics,Laptop,2,50496.33,0.0,100992.66,19872.66,2024,4
ORD-105727,2023-01-31,North,Clothing,Jeans,6,1805.66,0.0,10833.96,4893.96,2023,1
ORD-103743,2023-09-09,North,Clothing,Jeans,3,1799.62,0.0,5398.86,2428.86,2023,9
ORD-103445,2023-02-18,North,Office Supplies,Notebook Pack,7,249.45,0.15,1484.23,696.73,2023,2
ORD-101998,2024-08-20,South,Office Supplies,Notebook Pack,6,248.69,0.15,1268.32,593.32,2024,8
ORD-100663,2022-04-29,South,Home & Kitchen,Air Fryer,3,6573.92,0.15,16763.5,3503.5,2022,4
ORD-104779,2024-01-28,South,Office Supplies,File Organizer,7,445.29,0.1,2805.33,1230.33,2024,1
ORD-105353,2024-01-22,North,Electronics,Smartwatch,1,7962.95,0.1,7166.65,1966.65,2024,1
ORD-103748,2023-01-13,West,Home & Kitchen,Mixer Grinder,1,4126.46,0.0,4126.46,1396.46,2023,1
ORD-104413,2022-07-23,North,Office Supplies,File Organizer,2,449.77,0.0,899.54,449.54,2022,7
ORD-104744,2022-04-12,East,Clothing,Sneakers,5,3019.99,0.05,14344.95,5044.95,2022,4
ORD-105530,2023-02-27,North,Clothing,T-Shirt,2,705.35,0.0,1410.7,710.7,2023,2
ORD-100709,2023-08-01,South,Electronics,Smartwatch,1,8169.36,0.0,8169.36,2969.36,2023,8
ORD-101282,2023-06-11,South,Electronics,Smartwatch,2,8001.34,0.0,16002.68,5602.68,2023,6
ORD-105864,2024-02-18,North,Office Supplies,Pen Set,7,176.38,0.0,1234.66,730.66,2024,2
ORD-105068,2022-12-08,East,Office Supplies,Pen Set,5,179.5,0.1,807.75,447.75,2022,12
ORD-102675,2023-08-29,West,Clothing,Jacket,1,3529.12,0.05,3352.66,1252.66,2023,8
ORD-104029,2024-10-16,North,Clothing,Jeans,5,1777.81,0.05,8444.6,3494.6,2024,10
ORD-101306,2023-11-30,West,Electronics,Smartphone,2,24293.78,0.0,48587.56,10187.56,2023,11
ORD-105496,2024-12-03,South,Electronics,Laptop,3,51232.83,0.05,146013.57,24333.57,2024,12
ORD-105504,2024-09-19,West,Home & Kitchen,Cookware Set,5,3857.51,0.0,19287.55,8837.55,2024,9
ORD-102237,2023-01-27,East,Office Supplies,File Organizer,7,454.05,0.15,2701.6,1126.6,2023,1
ORD-103302,2022-11-18,North,Office Supplies,Notebook Pack,5,243.41,0.0,1217.05,654.55,2022,11
ORD-102038,2023-12-04,West,Electronics,Headphones,3,3447.3,0.1,9307.71,3532.71,2023,12
ORD-101663,2022-10-05,West,Home & Kitchen,Water Bottle,2,490.89,0.05,932.69,532.69,2022,10
ORD-105450,2022-01-09,East,Home & Kitchen,Mixer Grinder,2,4205.02,0.1,7569.04,2109.04,2022,1
ORD-103627,2024-02-17,West,Office Supplies,Pen Set,2,176.22,0.2,281.95,137.95,2024,2
ORD-105739,2023-04-13,North,Clothing,Jacket,7,3504.29,0.1,22077.03,7377.03,2023,4
ORD-105147,2023-08-09,North,Electronics,Smartphone,2,24151.39,0.0,48302.78,9902.78,2023,8
ORD-104891,2022-12-13,West,Office Supplies,Notebook Pack,7,256.0,0.0,1792.0,1004.5,2022,12
ORD-102693,2024-12-21,West,Electronics,Smartphone,1,23404.85,0.1,21064.36,1864.36,2024,12
ORD-103060,2023-11-30,South,Home & Kitchen,Air Fryer,1,6684.9,0.0,6684.9,2264.9,2023,11
ORD-101597,2022-08-23,North,Clothing,Jeans,6,1823.3,0.05,10392.81,4452.81,2022,8
ORD-102729,2024-10-06,North,Office Supplies,Pen Set,3,185.07,0.0,555.21,339.21,2024,10
ORD-102625,2023-05-31,West,Electronics,Smartphone,2,23948.56,0.1,43107.41,4707.41,2023,5
ORD-103157,2022-03-23,West,Electronics,Headphones,2,3474.61,0.2,5559.38,1709.38,2022,3
ORD-103314,2022-12-24,South,Furniture,Office Chair,1,7699.73,0.1,6929.76,2279.76,2022,12
ORD-101722,2024-04-01,North,Electronics,Smartphone,1,24083.85,0.1,21675.47,2475.47,2024,4
ORD-105279,2024-04-22,East,Office Supplies,Notebook Pack,2,242.77,0.1,436.99,211.99,2024,4
ORD-101059,2024-03-21,North,Office Supplies,Pen Set,6,185.14,0.0,1110.84,678.84,2024,3
ORD-104636,2023-02-23,North,Home & Kitchen,Water Bottle,4,491.35,0.05,1867.13,1067.13,2023,2
ORD-103242,2024-10-27,East,Electronics,Laptop,2,50660.8,0.0,101321.6,20201.6,2024,10
ORD-101678,2024-09-21,North,Home & Kitchen,Cookware Set,5,3709.15,0.0,18545.75,8095.75,2024,9
ORD-101757,2024-12-09,North,Electronics,Laptop,3,52680.56,0.0,158041.68,36361.68,2024,12
ORD-104191,2024-04-13,South,Electronics,Headphones,4,3465.78,0.05,13169.96,5469.96,2024,4
ORD-105116,2023-12-04,East,Electronics,Smartwatch,1,7874.96,0.0,7874.96,2674.96,2023,12
ORD-100563,2024-01-06,South,Home & Kitchen,Water Bottle,5,493.86,0.0,2469.3,1469.3,2024,1
ORD-102790,2024-08-09,West,Home & Kitchen,Cookware Set,3,3767.12,0.0,11301.36,5031.36,2024,8
ORD-100863,2023-11-06,East,Office Supplies,Notebook Pack,7,256.02,0.1,1612.93,825.43,2023,11
ORD-101484,2024-01-06,North,Office Supplies,Notebook Pack,5,255.52,0.05,1213.72,651.22,2024,1
ORD-105977,2023-03-01,East,Office Supplies,Printer,3,9034.16,0.15,23037.11,2787.11,2023,3
ORD-105134,2024-09-18,North,Clothing,Sneakers,2,3003.51,0.05,5706.67,1986.67,2024,9
ORD-100206,2022-06-29,North,Office Supplies,Pen Set,2,174.87,0.2,279.79,135.79,2022,6
ORD-100870,2024-05-05,East,Clothing,Jeans,2,1756.11,0.0,3512.22,1532.22,2024,5
ORD-101028,2024-04-29,North,Clothing,T-Shirt,1,707.0,0.0,707.0,357.0,2024,4
ORD-103840,2024-02-29,South,Clothing,T-Shirt,6,687.62,0.05,3919.43,1819.43,2024,2
ORD-102690,2024-11-20,South,Office Supplies,File Organizer,7,454.23,0.1,2861.65,1286.65,2024,11
ORD-105581,2023-04-17,West,Clothing,Sneakers,5,2922.26,0.0,14611.3,5311.3,2023,4
ORD-101570,2023-05-14,North,Clothing,Jeans,4,1845.5,0.1,6643.8,2683.8,2023,5
ORD-102773,2022-03-13,North,Clothing,Sneakers,4,3034.69,0.15,10317.95,2877.95,2022,3
ORD-105991,2024-03-06,South,Office Supplies,Notebook Pack,1,254.57,0.1,229.11,116.61,2024,3
ORD-102731,2022-12-30,West,Clothing,T-Shirt,5,704.98,0.0,3524.9,1774.9,2022,12
ORD-100804,2022-06-21,West,Home & Kitchen,Cookware Set,2,3788.92,0.1,6820.06,2640.06,2022,6
ORD-105847,2022-10-14,North,Office Supplies,File Organizer,6,451.21,0.1,2436.53,1086.53,2022,10
ORD-102454,2023-12-24,South,Furniture,Study Desk,3,9460.92,0.0,28382.76,11282.76,2023,12
ORD-104598,2023-02-11,South,Electronics,Smartphone,2,23815.25,0.05,45248.97,6848.97,2023,2
ORD-103104,2024-01-10,East,Clothing,Jacket,5,3491.04,0.1,15709.68,5209.68,2024,1
ORD-104875,2023-10-23,South,Clothing,T-Shirt,1,686.79,0.05,652.45,302.45,2023,10
ORD-105959,2023-01-12,West,Furniture,Study Desk,1,9711.21,0.0,9711.21,4011.21,2023,1
ORD-100200,2024-06-09,East,Office Supplies,File Organizer,1,455.91,0.1,410.32,185.32,2024,6
ORD-103099,2022-08-16,South,Home & Kitchen,Water Bottle,5,505.1,0.1,2272.95,1272.95,2022,8
ORD-102278,2024-09-04,East,Home & Kitchen,Water Bottle,2,489.95,0.0,979.9,579.9,2024,9
ORD-103561,2023-09-02,North,Electronics,Smartwatch,2,7804.34,0.05,14828.25,4428.25,2023,9
ORD-105892,2023-09-17,North,Clothing,T-Shirt,7,686.58,0.2,3844.85,1394.85,2023,9
ORD-104514,2022-06-06,South,Home & Kitchen,Water Bottle,4,492.55,0.05,1871.69,1071.69,2022,6
ORD-105794,2024-06-04,South,Clothing,Jeans,4,1799.24,0.1,6477.26,2517.26,2024,6
ORD-100391,2022-06-16,South,Clothing,T-Shirt,2,705.65,0.0,1411.3,711.3,2022,6
ORD-105618,2023-12-07,North,Office Supplies,Notebook Pack,1,245.75,0.0,245.75,133.25,2023,12
ORD-105258,2023-06-05,North,Office Supplies,File Organizer,3,455.62,0.0,1366.86,691.86,2023,6
ORD-101495,2024-01-06,North,Clothing,Jacket,6,3551.5,0.05,20243.55,7643.55,2024,1
ORD-102695,2022-08-11,West,Office Supplies,File Organizer,1,443.16,0.0,443.16,218.16,2022,8
ORD-102027,2023-04-09,South,Clothing,Jacket,4,3497.07,0.05,13288.87,4888.87,2023,4
ORD-105248,2022-05-22,North,Office Supplies,Notebook Pack,6,252.1,0.1,1361.34,686.34,2022,5
ORD-105463,2024-05-01,North,Office Supplies,Notebook Pack,1,257.22,0.0,257.22,144.72,2024,5
ORD-102568,2024-01-27,West,Clothing,Jeans,2,1758.29,0.0,3516.58,1536.58,2024,1
ORD-100064,2024-01-02,South,Office Supplies,Notebook Pack,5,245.84,0.0,1229.2,666.7,2024,1
ORD-103884,2024-12-11,West,Furniture,Sofa Set,3,31256.46,0.1,84392.44,17192.44,2024,12
ORD-102062,2023-09-02,North,Clothing,T-Shirt,6,720.09,0.0,4320.54,2220.54,2023,9
ORD-105276,2023-11-12,North,Electronics,Headphones,7,3569.42,0.0,24985.94,11510.94,2023,11
ORD-100379,2024-04-20,South,Office Supplies,Pen Set,7,177.35,0.0,1241.45,737.45,2024,4
ORD-104859,2022-12-11,South,Office Supplies,File Organizer,1,463.21,0.05,440.05,215.05,2022,12
ORD-103993,2023-02-01,West,Electronics,Smartwatch,1,8212.97,0.05,7802.32,2602.32,2023,2
ORD-104887,2024-03-14,South,Home & Kitchen,Air Fryer,1,6584.46,0.0,6584.46,2164.46,2024,3
ORD-101076,2023-10-14,East,Furniture,Sofa Set,2,32681.38,0.05,62094.62,17294.62,2023,10
ORD-100878,2023-12-10,South,Clothing,Jeans,6,1807.63,0.05,10303.49,4363.49,2023,12
ORD-100337,2024-04-16,North,Office Supplies,Notebook Pack,4,249.45,0.15,848.13,398.13,2024,4
ORD-101016,2024-02-24,West,Office Supplies,Pen Set,5,177.29,0.0,886.45,526.45,2024,2
ORD-101275,2023-01-29,West,Clothing,Sneakers,3,2920.68,0.0,8762.04,3182.04,2023,1
ORD-103798,2023-05-23,North,Electronics,Smartphone,3,24383.83,0.05,69493.92,11893.92,2023,5
ORD-104551,2024-03-01,North,Furniture,Bookshelf,1,6009.56,0.05,5709.08,2229.08,2024,3
ORD-103342,2022-07-31,South,Home & Kitchen,Mixer Grinder,3,4238.68,0.0,12716.04,4526.04,2022,7
ORD-104911,2023-07-20,North,Clothing,T-Shirt,2,705.01,0.0,1410.02,710.02,2023,7
ORD-100995,2023-06-18,West,Home & Kitchen,Mixer Grinder,3,4105.74,0.0,12317.22,4127.22,2023,6
ORD-101981,2023-04-10,North,Home & Kitchen,Cookware Set,7,3862.39,0.1,24333.06,9703.06,2023,4
ORD-104297,2023-11-23,South,Office Supplies,Pen Set,5,184.91,0.0,924.55,564.55,2023,11
ORD-100161,2024-10-25,South,Clothing,T-Shirt,2,693.72,0.0,1387.44,687.44,2024,10
ORD-105675,2024-10-15,North,Furniture,Bookshelf,3,5963.4,0.0,17890.2,7450.2,2024,10
ORD-104798,2024-08-16,South,Home & Kitchen,Water Bottle,7,499.43,0.0,3496.01,2096.01,2024,8
ORD-101500,2024-02-16,North,Office Supplies,File Organizer,6,459.93,0.2,2207.66,857.66,2024,2
ORD-103843,2023-12-10,North,Clothing,Jeans,3,1750.53,0.05,4989.01,2019.01,2023,12
ORD-105225,2023-06-23,North,Office Supplies,Notebook Pack,1,245.5,0.0,245.5,133.0,2023,6
ORD-102613,2024-06-05,East,Electronics,Smartphone,3,23399.14,0.0,70197.42,12597.42,2024,6
ORD-103461,2024-06-22,North,Electronics,Laptop,2,50680.88,0.1,91225.58,10105.58,2024,6
ORD-101021,2024-05-11,West,Home & Kitchen,Water Bottle,2,500.25,0.0,1000.5,600.5,2024,5
ORD-103073,2024-04-13,South,Clothing,Jeans,3,1784.7,0.15,4550.99,1580.99,2024,4
ORD-103943,2023-12-10,West,Clothing,T-Shirt,7,707.06,0.15,4207.01,1757.01,2023,12
ORD-101585,2024-11-12,South,Office Supplies,Pen Set,5,180.45,0.0,902.25,542.25,2024,11
ORD-103152,2023-03-12,North,Office Supplies,File Organizer,5,440.89,0.05,2094.23,969.23,2023,3
ORD-104014,2023-11-01,East,Home & Kitchen,Water Bottle,4,494.08,0.05,1877.5,1077.5,2023,11
ORD-100775,2024-08-28,North,Office Supplies,Pen Set,5,176.6,0.1,794.7,434.7,2024,8
ORD-102556,2022-02-07,North,Clothing,Jeans,6,1827.79,0.0,10966.74,5026.74,2022,2
ORD-101478,2023-08-13,East,Office Supplies,Pen Set,2,178.63,0.0,357.26,213.26,2023,8
ORD-105486,2024-09-24,South,Home & Kitchen,Water Bottle,6,512.32,0.1,2766.53,1566.53,2024,9
ORD-101363,2022-03-01,North,Home & Kitchen,Mixer Grinder,5,4309.17,0.2,17236.68,3586.68,2022,3
ORD-102612,2023-08-20,North,Clothing,Jeans,3,1789.88,0.1,4832.68,1862.68,2023,8
ORD-102824,2024-12-16,East,Home & Kitchen,Cookware Set,7,3733.41,0.15,22213.79,7583.79,2024,12
ORD-102041,2024-06-20,East,Office Supplies,Pen Set,5,182.04,0.15,773.67,413.67,2024,6
ORD-100241,2024-06-30,South,Furniture,Office Chair,2,7355.78,0.05,13975.98,4675.98,2024,6
ORD-102061,2022-11-28,West,Office Supplies,Notebook Pack,6,250.34,0.15,1276.73,601.73,2022,11
ORD-102363,2024-09-30,North,Office Supplies,Pen Set,6,182.28,0.0,1093.68,661.68,2024,9
ORD-100600,2023-08-03,West,Electronics,Laptop,3,51194.01,0.15,130544.73,8864.73,2023,8
ORD-102435,2024-11-27,West,Clothing,Sneakers,5,2946.75,0.05,13997.06,4697.06,2024,11
ORD-105393,2023-07-18,South,Office Supplies,Pen Set,4,182.77,0.05,694.53,406.53,2023,7
ORD-102888,2022-05-29,East,Clothing,Sneakers,7,3051.9,0.05,20295.13,7275.13,2022,5
ORD-100646,2022-01-07,East,Electronics,Smartphone,1,23571.61,0.0,23571.61,4371.61,2022,1
ORD-103890,2022-07-12,East,Clothing,T-Shirt,2,692.87,0.2,1108.59,408.59,2022,7
ORD-103556,2023-08-26,West,Office Supplies,Pen Set,2,184.51,0.1,332.12,188.12,2023,8
ORD-103202,2024-10-25,South,Office Supplies,Pen Set,1,184.83,0.1,166.35,94.35,2024,10
ORD-101528,2022-07-18,South,Office Supplies,Pen Set,4,174.61,0.0,698.44,410.44,2022,7
ORD-101267,2024-12-14,West,Clothing,Jeans,2,1822.56,0.05,3462.86,1482.86,2024,12
ORD-104658,2023-11-10,West,Office Supplies,Pen Set,1,180.78,0.05,171.74,99.74,2023,11
ORD-103005,2024-06-06,North,Clothing,Jeans,4,1774.52,0.0,7098.08,3138.08,2024,6
ORD-100189,2022-11-25,North,Clothing,T-Shirt,7,702.43,0.1,4425.31,1975.31,2022,11
ORD-101806,2022-04-15,South,Clothing,Sneakers,5,3057.13,0.05,14521.37,5221.37,2022,4
ORD-100975,2023-12-10,North,Electronics,Laptop,1,52773.9,0.0,52773.9,12213.9,2023,12
ORD-102747,2022-09-06,South,Home & Kitchen,Air Fryer,1,6415.49,0.0,6415.49,1995.49,2022,9
ORD-102047,2023-10-16,South,Home & Kitchen,Water Bottle,6,499.78,0.1,2698.81,1498.81,2023,10
ORD-102558,2023-07-18,North,Office Supplies,Notebook Pack,2,246.54,0.15,419.12,194.12,2023,7
ORD-101082,2024-10-31,East,Clothing,Sneakers,3,2996.44,0.1,8090.39,2510.39,2024,10
ORD-100474,2022-12-10,West,Electronics,Headphones,3,3523.11,0.05,10040.86,4265.86,2022,12
ORD-102904,2023-04-11,West,Home & Kitchen,Water Bottle,1,494.26,0.05,469.55,269.55,2023,4
ORD-104117,2024-09-09,West,Clothing,T-Shirt,4,692.06,0.0,2768.24,1368.24,2024,9
ORD-103385,2024-03-03,North,Office Supplies,File Organizer,1,448.31,0.0,448.31,223.31,2024,3
ORD-104555,2024-05-07,West,Home & Kitchen,Water Bottle,3,491.97,0.0,1475.91,875.91,2024,5
ORD-105051,2023-05-30,North,Office Supplies,Pen Set,4,180.5,0.0,722.0,434.0,2023,5
ORD-105311,2022-11-14,South,Clothing,T-Shirt,2,715.77,0.2,1145.23,445.23,2022,11
ORD-102433,2023-01-30,West,Clothing,Jeans,5,1762.37,0.2,7049.48,2099.48,2023,1
ORD-105611,2024-03-31,East,Office Supplies,File Organizer,5,456.77,0.0,2283.85,1158.85,2024,3
ORD-102391,2024-05-18,North,Office Supplies,Pen Set,6,178.97,0.1,966.44,534.44,2024,5
ORD-100769,2023-12-20,West,Office Supplies,Pen Set,6,182.44,0.0,1094.64,662.64,2023,12
ORD-101685,2022-11-01,South,Home & Kitchen,Mixer Grinder,2,4267.9,0.05,8109.01,2649.01,2022,11
ORD-100130,2022-08-17,West,Office Supplies,Notebook Pack,7,245.92,0.05,1635.37,847.87,2022,8
ORD-102919,2024-03-29,South,Clothing,Sneakers,6,2979.52,0.0,17877.12,6717.12,2024,3
ORD-103171,2024-02-17,East,Clothing,Jeans,6,1785.29,0.0,10711.74,4771.74,2024,2
ORD-103444,2024-09-23,North,Clothing,Jacket,1,3445.96,0.0,3445.96,1345.96,2024,9
ORD-105578,2024-08-25,South,Clothing,Jeans,7,1835.87,0.05,12208.54,5278.54,2024,8
ORD-104426,2022-09-06,East,Electronics,Headphones,3,3479.91,0.05,9917.74,4142.74,2022,9
ORD-105334,2023-03-17,West,Electronics,Headphones,4,3581.66,0.0,14326.64,6626.64,2023,3
ORD-100466,2024-01-20,West,Office Supplies,Notebook Pack,2,256.64,0.0,513.28,288.28,2024,1
ORD-105734,2022-07-29,West,Home & Kitchen,Mixer Grinder,6,4184.13,0.1,22594.3,6214.3,2022,7
ORD-103092,2024-08-24,East,Electronics,Headphones,1,3597.19,0.0,3597.19,1672.19,2024,8
ORD-103772,2024-02-27,North,Clothing,Jacket,6,3526.16,0.1,19041.26,6441.26,2024,2
ORD-105191,2024-02-28,West,Electronics,Headphones,3,3532.45,0.0,10597.35,4822.35,2024,2
ORD-105226,2022-07-06,West,Office Supplies,Notebook Pack,1,253.21,0.05,240.55,128.05,2022,7
ORD-105390,2023-10-30,North,Office Supplies,Notebook Pack,5,247.3,0.05,1174.67,612.17,2023,10
ORD-100860,2024-05-03,West,Furniture,Bookshelf,3,5929.64,0.1,16010.03,5570.03,2024,5
